国家,快照名称,处理,当前对应,依据/限制,快照来源,本轮来源,旧值仅供追溯,现值,现值口径,回查名录成功
沙特阿拉伯,Ghawar,纳入当前目录；现时产量/状态以新审计为准,Ghawar,已列资产或新增原文确认；新来源、资产层级与数据期见当前逐行审计；旧值不自动沿用,https://www.aramco.com/-/media/images/investors/saudi-aramco-prospectus-en-051219.pdf,https://www.aramco.com/-/media/images/investors/saudi-aramco-prospectus-en-051219.pdf,"3,800","3,800",maximum_sustainable_capacity,不适用
沙特阿拉伯,Safaniya,纳入当前目录；现时产量/状态以新审计为准,Safaniya,已列资产或新增原文确认；新来源、资产层级与数据期见当前逐行审计；旧值不自动沿用,https://www.aramco.com/-/media/images/investors/saudi-aramco-prospectus-en-051219.pdf,https://www.aramco.com/-/media/images/investors/saudi-aramco-prospectus-en-051219.pdf,"1,300","1,300",maximum_sustainable_capacity,不适用
沙特阿拉伯,Khurais,纳入当前目录；现时产量/状态以新审计为准,Khurais,已列资产或新增原文确认；新来源、资产层级与数据期见当前逐行审计；旧值不自动沿用,https://www.aramco.com/-/media/images/investors/saudi-aramco-prospectus-en-051219.pdf,https://www.aramco.com/-/media/images/investors/saudi-aramco-prospectus-en-051219.pdf,"1,450","1,450",maximum_sustainable_capacity,不适用
沙特阿拉伯,Shaybah,纳入当前目录；现时产量/状态以新审计为准,Shaybah,已列资产或新增原文确认；新来源、资产层级与数据期见当前逐行审计；旧值不自动沿用,https://www.aramco.com/-/media/images/investors/saudi-aramco-prospectus-en-051219.pdf,https://www.aramco.com/-/media/images/investors/saudi-aramco-prospectus-en-051219.pdf,"1,000","1,000",maximum_sustainable_capacity,不适用
沙特阿拉伯,Manifa,纳入当前目录；现时产量/状态以新审计为准,Manifa,已列资产或新增原文确认；新来源、资产层级与数据期见当前逐行审计；旧值不自动沿用,https://www.aramco.com/-/media/images/investors/saudi-aramco-prospectus-en-051219.pdf,https://www.aramco.com/-/media/images/investors/saudi-aramco-prospectus-en-051219.pdf,900,900,capacity,不适用
沙特阿拉伯,Marjan,纳入当前目录；现时产量/状态以新审计为准,Marjan,已列资产或新增原文确认；新来源、资产层级与数据期见当前逐行审计；旧值不自动沿用,https://china.aramco.com/zh-cn/news-media/global-news/2026/aramco-announces-fourth-quarter-and-full-year-2025-results,https://www.aramco.com/-/media/publications/corporate-reports/reports-and-presentations/2025/fy/saudi-aramco-ara-2025-english.pdf,300,300,incremental_capacity,不适用
沙特阿拉伯,Berri,纳入当前目录；现时产量/状态以新审计为准,Berri,已列资产或新增原文确认；新来源、资产层级与数据期见当前逐行审计；旧值不自动沿用,https://www.aramco.com/en/news-media/news/2019/aramco-contracts-marjan-berri-oilfields,https://www.aramco.com/en/news-media/news/2019/aramco-contracts-marjan-berri-oilfields,250,250,planned_incremental_capacity,不适用
沙特阿拉伯,Zuluf,纳入当前目录；现时产量/状态以新审计为准,Zuluf,已列资产或新增原文确认；新来源、资产层级与数据期见当前逐行审计；旧值不自动沿用,https://www.aramco.com/-/media/images/investors/saudi-aramco-prospectus-en-051219.pdf,https://www.aramco.com/-/media/images/investors/saudi-aramco-prospectus-en-051219.pdf,825,825,maximum_sustainable_capacity,不适用
沙特阿拉伯,Qatif,纳入当前目录；现时产量/状态以新审计为准,Qatif,已列资产或新增原文确认；新来源、资产层级与数据期见当前逐行审计；旧值不自动沿用,https://www.eia.gov/international/analysis/country/SAU,https://www.eia.gov/international/analysis/country/SAU,,None,undisclosed,不适用
沙特阿拉伯,Abqaiq,纳入当前目录；现时产量/状态以新审计为准,Abqaiq,已列资产或新增原文确认；新来源、资产层级与数据期见当前逐行审计；旧值不自动沿用,https://www.eia.gov/international/analysis/country/SAU,https://www.eia.gov/international/analysis/country/SAU,,None,undisclosed,不适用
沙特阿拉伯,Khursaniyah,纳入当前目录；现时产量/状态以新审计为准,Khursaniyah,已列资产或新增原文确认；新来源、资产层级与数据期见当前逐行审计；旧值不自动沿用,https://www.eia.gov/international/analysis/country/SAU,https://www.eia.gov/international/analysis/country/SAU,,None,undisclosed,不适用
沙特阿拉伯,Dammam,纳入当前目录；现时产量/状态以新审计为准,Dammam,已列资产或新增原文确认；新来源、资产层级与数据期见当前逐行审计；旧值不自动沿用,https://www.aramco.com/en/investors/annual-report/highlights,https://www.aramco.com/en/investors/annual-report/highlights,25,25,incremental_capacity,不适用
沙特阿拉伯,Jafurah,纳入当前目录；现时产量/状态以新审计为准,Jafurah,已列资产或新增原文确认；新来源、资产层级与数据期见当前逐行审计；旧值不自动沿用,https://www.aramco.com/en/news-media/news/2026/aramcos-gas-strategy-builds-momentum-with-major-progress-towards-growth-target,https://www.aramco.com/en/news-media/news/2026/aramcos-gas-strategy-builds-momentum-with-major-progress-towards-growth-target,,None,undisclosed,不适用
沙特阿拉伯,Jabu,纳入当前目录；现时产量/状态以新审计为准,Jabu,已列资产或新增原文确认；新来源、资产层级与数据期见当前逐行审计；旧值不自动沿用,https://www.spa.gov.sa/en/N2295070,https://www.spa.gov.sa/en/N2295070,,None,undisclosed,不适用
沙特阿拉伯,Sayahid,纳入当前目录；现时产量/状态以新审计为准,Sayahid,已列资产或新增原文确认；新来源、资产层级与数据期见当前逐行审计；旧值不自动沿用,https://www.spa.gov.sa/en/N2295070,https://www.spa.gov.sa/en/N2295070,,None,undisclosed,不适用
沙特阿拉伯,Ayfan,纳入当前目录；现时产量/状态以新审计为准,Ayfan,已列资产或新增原文确认；新来源、资产层级与数据期见当前逐行审计；旧值不自动沿用,https://www.spa.gov.sa/en/N2295070,https://www.spa.gov.sa/en/N2295070,,None,undisclosed,不适用
沙特阿拉伯,Nuwayr,纳入当前目录；现时产量/状态以新审计为准,Nuwayr,已列资产或新增原文确认；新来源、资产层级与数据期见当前逐行审计；旧值不自动沿用,https://www.spa.gov.sa/en/N2295070,https://www.spa.gov.sa/en/N2295070,,None,undisclosed,不适用
沙特阿拉伯,Damda,纳入当前目录；现时产量/状态以新审计为准,Damda,已列资产或新增原文确认；新来源、资产层级与数据期见当前逐行审计；旧值不自动沿用,https://www.spa.gov.sa/en/N2295070,https://www.spa.gov.sa/en/N2295070,,None,undisclosed,不适用
沙特阿拉伯,Qurqas,纳入当前目录；现时产量/状态以新审计为准,Qurqas,已列资产或新增原文确认；新来源、资产层级与数据期见当前逐行审计；旧值不自动沿用,https://www.spa.gov.sa/en/N2295070,https://www.spa.gov.sa/en/N2295070,,None,undisclosed,不适用
沙特阿拉伯,Ladam,纳入当前目录；现时产量/状态以新审计为准,Ladam,已列资产或新增原文确认；新来源、资产层级与数据期见当前逐行审计；旧值不自动沿用,https://www.spa.gov.sa/N2131725,https://www.spa.gov.sa/N2131725,,None,undisclosed,不适用
沙特阿拉伯,Faruq,纳入当前目录；现时产量/状态以新审计为准,Faruq,已列资产或新增原文确认；新来源、资产层级与数据期见当前逐行审计；旧值不自动沿用,https://www.spa.gov.sa/N2131725,https://www.spa.gov.sa/N2131725,,None,undisclosed,不适用
沙特阿拉伯,Abu Jifan,纳入当前目录；现时产量/状态以新审计为准,Abu Jifan,已列资产或新增原文确认；新来源、资产层级与数据期见当前逐行审计；旧值不自动沿用,https://www.aramco.com/-/media/images/investors/saudi-aramco-prospectus-en-051219.pdf,https://www.aramco.com/-/media/images/investors/saudi-aramco-prospectus-en-051219.pdf,,None,undisclosed,不适用
沙特阿拉伯,Mazalij,纳入当前目录；现时产量/状态以新审计为准,Mazalij,已列资产或新增原文确认；新来源、资产层级与数据期见当前逐行审计；旧值不自动沿用,https://www.aramco.com/-/media/images/investors/saudi-aramco-prospectus-en-051219.pdf,https://www.aramco.com/-/media/images/investors/saudi-aramco-prospectus-en-051219.pdf,,None,undisclosed,不适用
沙特阿拉伯,Qirdi,纳入当前目录；现时产量/状态以新审计为准,Qirdi,已列资产或新增原文确认；新来源、资产层级与数据期见当前逐行审计；旧值不自动沿用,https://www.aramco.com/-/media/images/investors/saudi-aramco-prospectus-en-051219.pdf,https://www.aramco.com/-/media/images/investors/saudi-aramco-prospectus-en-051219.pdf,,None,undisclosed,不适用
沙特阿拉伯,Abu Hadriya,纳入当前目录；现时产量/状态以新审计为准,Abu Hadriya,已列资产或新增原文确认；新来源、资产层级与数据期见当前逐行审计；旧值不自动沿用,https://www.aramco.com/-/media/images/investors/saudi-aramco-prospectus-en-051219.pdf,https://www.aramco.com/-/media/images/investors/saudi-aramco-prospectus-en-051219.pdf,,None,undisclosed,不适用
沙特阿拉伯,Fadhili,纳入当前目录；现时产量/状态以新审计为准,Fadhili,已列资产或新增原文确认；新来源、资产层级与数据期见当前逐行审计；旧值不自动沿用,https://www.aramco.com/-/media/images/investors/saudi-aramco-prospectus-en-051219.pdf,https://www.aramco.com/-/media/images/investors/saudi-aramco-prospectus-en-051219.pdf,,None,undisclosed,不适用
沙特阿拉伯,Harmaliyah,纳入当前目录；现时产量/状态以新审计为准,Harmaliyah,已列资产或新增原文确认；新来源、资产层级与数据期见当前逐行审计；旧值不自动沿用,https://www.aramco.com/-/media/images/investors/saudi-aramco-prospectus-en-051219.pdf,https://www.aramco.com/-/media/images/investors/saudi-aramco-prospectus-en-051219.pdf,,None,undisclosed,不适用
沙特阿拉伯,Hawtah,纳入当前目录；现时产量/状态以新审计为准,Hawtah,已列资产或新增原文确认；新来源、资产层级与数据期见当前逐行审计；旧值不自动沿用,https://www.aramco.com/-/media/publications/corporate-reports/bonds/2019-gmtn-prospectus.pdf,https://www.aramco.com/-/media/publications/corporate-reports/bonds/2019-gmtn-prospectus.pdf,,None,undisclosed,不适用
沙特阿拉伯,Sakab,纳入当前目录；现时产量/状态以新审计为准,Sakab,已列资产或新增原文确认；新来源、资产层级与数据期见当前逐行审计；旧值不自动沿用,https://www.aramco.com/en/news-media/news/2018/2017-annual-review,https://www.aramco.com/en/news-media/news/2018/2017-annual-review,,None,undisclosed,不适用
沙特阿拉伯,Zumul,纳入当前目录；现时产量/状态以新审计为准,Zumul,已列资产或新增原文确认；新来源、资产层级与数据期见当前逐行审计；旧值不自动沿用,https://www.aramco.com/en/news-media/news/2018/2017-annual-review,https://www.aramco.com/en/news-media/news/2018/2017-annual-review,,None,undisclosed,不适用
阿联酋,Bab,纳入当前目录；现时产量/状态以新审计为准,Bab,已列资产或新增原文确认；新来源、资产层级与数据期见当前逐行审计；旧值不自动沿用,https://adnoc.ae/en/news-and-media/press-releases/2019/adnoc-invests-aed-1-8-billion-to-upgrade-its-giant-bab-onshore-field,https://adnoc.ae/en/news-and-media/press-releases/2019/adnoc-invests-aed-1-8-billion-to-upgrade-its-giant-bab-onshore-field,485,450,target_capacity,不适用
阿联酋,Bu Hasa,纳入当前目录；现时产量/状态以新审计为准,Bu Hasa,已列资产或新增原文确认；新来源、资产层级与数据期见当前逐行审计；旧值不自动沿用,https://www.adnoc.ae/news-and-media/press-releases/2021/adnoc-invests-usd318-million-to-connect-smart-wells-at-bu-hasa,https://www.adnoc.ae/news-and-media/press-releases/2021/adnoc-invests-usd318-million-to-connect-smart-wells-at-bu-hasa,650,650,capacity,不适用
阿联酋,Huwaila,纳入当前目录；现时产量/状态以新审计为准,Huwaila,已列资产或新增原文确认；新来源、资产层级与数据期见当前逐行审计；旧值不自动沿用,https://www.adnoc.ae/en/adnoc-onshore/about-us/what-we-do,https://www.adnoc.ae/en/adnoc-onshore/about-us/what-we-do,,None,undisclosed,不适用
阿联酋,Bida Al-Qemzan,纳入当前目录；现时产量/状态以新审计为准,Bida Al-Qemzan,已列资产或新增原文确认；新来源、资产层级与数据期见当前逐行审计；旧值不自动沿用,https://www.adnoc.ae/en/adnoc-onshore/about-us/what-we-do,https://www.adnoc.ae/en/adnoc-onshore/about-us/what-we-do,,None,undisclosed,不适用
阿联酋,Al Dabb'iya,纳入当前目录；现时产量/状态以新审计为准,Al Dabb'iya,已列资产或新增原文确认；新来源、资产层级与数据期见当前逐行审计；旧值不自动沿用,https://www.adnoc.ae/en/adnoc-onshore/about-us/what-we-do,https://www.adnoc.ae/en/adnoc-onshore/about-us/what-we-do,,None,undisclosed,不适用
阿联酋,Rumaitha,纳入当前目录；现时产量/状态以新审计为准,Rumaitha,已列资产或新增原文确认；新来源、资产层级与数据期见当前逐行审计；旧值不自动沿用,https://www.adnoc.ae/en/adnoc-onshore/about-us/what-we-do,https://www.adnoc.ae/en/adnoc-onshore/about-us/what-we-do,,None,undisclosed,不适用
阿联酋,Shanayel,纳入当前目录；现时产量/状态以新审计为准,Shanayel,已列资产或新增原文确认；新来源、资产层级与数据期见当前逐行审计；旧值不自动沿用,https://www.adnoc.ae/en/adnoc-onshore/about-us/what-we-do,https://www.adnoc.ae/en/adnoc-onshore/about-us/what-we-do,,None,undisclosed,不适用
阿联酋,Asab,纳入当前目录；现时产量/状态以新审计为准,Asab,已列资产或新增原文确认；新来源、资产层级与数据期见当前逐行审计；旧值不自动沿用,https://www.adnoc.ae/en/adnoc-onshore/about-us/what-we-do,https://www.adnoc.ae/en/adnoc-onshore/about-us/what-we-do,,None,undisclosed,不适用
阿联酋,Sahil,纳入当前目录；现时产量/状态以新审计为准,Sahil,已列资产或新增原文确认；新来源、资产层级与数据期见当前逐行审计；旧值不自动沿用,https://www.adnoc.ae/en/adnoc-onshore/about-us/what-we-do,https://www.adnoc.ae/en/adnoc-onshore/about-us/what-we-do,,None,undisclosed,不适用
阿联酋,Shah,纳入当前目录；现时产量/状态以新审计为准,Shah,已列资产或新增原文确认；新来源、资产层级与数据期见当前逐行审计；旧值不自动沿用,https://adnoc.ae/en/news-and-media/press-releases/2025/adnoc-achieves-industryleading-carbon-intensity-at-shah,https://adnoc.ae/en/news-and-media/press-releases/2025/adnoc-achieves-industryleading-carbon-intensity-at-shah,70,70,oil_capacity,不适用
阿联酋,Qusahwira,纳入当前目录；现时产量/状态以新审计为准,Qusahwira,已列资产或新增原文确认；新来源、资产层级与数据期见当前逐行审计；旧值不自动沿用,https://www.adnoc.ae/en/adnoc-onshore/about-us/what-we-do,https://www.adnoc.ae/en/adnoc-onshore/about-us/what-we-do,,None,undisclosed,不适用
阿联酋,Mender,纳入当前目录；现时产量/状态以新审计为准,Mender,已列资产或新增原文确认；新来源、资产层级与数据期见当前逐行审计；旧值不自动沿用,https://www.adnoc.ae/en/adnoc-onshore/about-us/what-we-do,https://www.adnoc.ae/en/adnoc-onshore/about-us/what-we-do,,None,undisclosed,不适用
阿联酋,Jumaylah,纳入当前目录；现时产量/状态以新审计为准,Jumaylah,已列资产或新增原文确认；新来源、资产层级与数据期见当前逐行审计；旧值不自动沿用,https://www.adnoc.ae/en/adnoc-onshore/about-us/what-we-do,https://www.adnoc.ae/en/adnoc-onshore/about-us/what-we-do,,None,undisclosed,不适用
阿联酋,Al Nouf,纳入当前目录；现时产量/状态以新审计为准,Al Nouf,已列资产或新增原文确认；新来源、资产层级与数据期见当前逐行审计；旧值不自动沿用,https://www.adnoc.ae/en/adnoc-onshore/about-us/what-we-do,https://www.adnoc.ae/en/adnoc-onshore/about-us/what-we-do,,None,undisclosed,不适用
阿联酋,Upper Zakum,纳入当前目录；现时产量/状态以新审计为准,Upper Zakum,已列资产或新增原文确认；新来源、资产层级与数据期见当前逐行审计；旧值不自动沿用,https://www.inpex.com/english/news/english/news/assets/pdf/e20171114.pdf,https://www.nmdc-energy.com/assets/files/earnings-results/NMDC%20Energy%20FY25%20Results%20Conference%20Call%20020426%20final.pdf,"1,000","1,500",target_capacity,不适用
阿联酋,Lower Zakum,纳入当前目录；现时产量/状态以新审计为准,Lower Zakum,已列资产或新增原文确认；新来源、资产层级与数据期见当前逐行审计；旧值不自动沿用,https://adnoc.ae/en/news-and-media/press-releases/2022/adnoc-announces-%24548-million-contract-for-a-new-main-gas-line-at-its-lower-zakum-field,https://adnoc.ae/en/news-and-media/press-releases/2022/adnoc-announces-%24548-million-contract-for-a-new-main-gas-line-at-its-lower-zakum-field,450,450,target_capacity,不适用
阿联酋,Umm Shaif,纳入当前目录；现时产量/状态以新审计为准,Umm Shaif,已列资产或新增原文确认；新来源、资产层级与数据期见当前逐行审计；旧值不自动沿用,https://www.adnoc.ae/en/news-and-media/press-releases/2022/adnoc-invests-close-to-usd1-billion-in-the-long-term-development-of-umm-shaif-field,https://www.adnoc.ae/en/news-and-media/press-releases/2022/adnoc-invests-close-to-usd1-billion-in-the-long-term-development-of-umm-shaif-field,275,275,capacity,不适用
阿联酋,Satah,纳入当前目录；现时产量/状态以新审计为准,Satah,已列资产或新增原文确认；新来源、资产层级与数据期见当前逐行审计；旧值不自动沿用,https://www.adnoc.ae/en/adnoc-offshore,https://www.adnoc.ae/en/adnoc-offshore,,None,undisclosed,不适用
阿联酋,Nasr,纳入当前目录；现时产量/状态以新审计为准,Nasr,已列资产或新增原文确认；新来源、资产层级与数据期见当前逐行审计；旧值不自动沿用,https://www.inpex.com/english/news/english/news/assets/pdf/e20150205.pdf,https://www.inpex.com/english/news/english/news/assets/pdf/e20150205.pdf,65,65,target_capacity,不适用
阿联酋,Umm Al Dalkh,纳入当前目录；现时产量/状态以新审计为准,Umm Al Dalkh,已列资产或新增原文确认；新来源、资产层级与数据期见当前逐行审计；旧值不自动沿用,https://www.adnoc.ae/en/adnoc-offshore,https://www.adnoc.ae/en/adnoc-offshore,,None,undisclosed,不适用
阿联酋,Satah Al Razboot (SARB),纳入当前目录；现时产量/状态以新审计为准,Satah Al Razboot (SARB),已列资产或新增原文确认；新来源、资产层级与数据期见当前逐行审计；旧值不自动沿用,https://adnoc.ae/en/news-and-media/press-releases/2023/adnocs-offshore-sarb-field-commences-ai-enabled-digital-operations,https://adnoc.ae/en/news-and-media/press-releases/2023/adnocs-offshore-sarb-field-commences-ai-enabled-digital-operations,140,140,capacity,不适用
阿联酋,Umm Lulu,纳入当前目录；现时产量/状态以新审计为准,Umm Lulu,已列资产或新增原文确认；新来源、资产层级与数据期见当前逐行审计；旧值不自动沿用,https://www.inpex.com/english/news/english/news/assets/pdf/e20141017.pdf,https://www.inpex.com/english/news/english/news/assets/pdf/e20141017.pdf,105,105,target_capacity,不适用
阿联酋,Abu Al Bukhoosh,纳入当前目录；现时产量/状态以新审计为准,Abu Al Bukhoosh,已列资产或新增原文确认；新来源、资产层级与数据期见当前逐行审计；旧值不自动沿用,https://www.adnoc.ae/en/adnoc-offshore,https://www.adnoc.ae/en/adnoc-offshore,,None,undisclosed,不适用
阿联酋,Bu Haseer,纳入当前目录；现时产量/状态以新审计为准,Bu Haseer,已列资产或新增原文确认；新来源、资产层级与数据期见当前逐行审计；旧值不自动沿用,https://adnoc.ae/en/al-yasat-petroleum/about-us/what-we-do,https://adnoc.ae/en/al-yasat-petroleum/about-us/what-we-do,8,8,actual_output,不适用
阿联酋,Belbazem,纳入当前目录；现时产量/状态以新审计为准,Belbazem,已列资产或新增原文确认；新来源、资产层级与数据期见当前逐行审计；旧值不自动沿用,https://adnoc.ae/en/news-and-media/press-releases/2023/adnoc-announces-first-production-from-belbazem-offshore-block/,https://adnoc.ae/en/news-and-media/press-releases/2023/adnoc-announces-first-production-from-belbazem-offshore-block/,,None,undisclosed,不适用
阿联酋,Belbazem Offshore Block,纳入当前目录；现时产量/状态以新审计为准,Belbazem Offshore Block,已列资产或新增原文确认；新来源、资产层级与数据期见当前逐行审计；旧值不自动沿用,https://adnoc.ae/en/news-and-media/press-releases/2023/adnoc-announces-first-production-from-belbazem-offshore-block/,https://adnoc.ae/en/news-and-media/press-releases/2023/adnoc-announces-first-production-from-belbazem-offshore-block/,45,45,target_capacity,不适用
阿联酋,Umm Al Salsal,纳入当前目录；现时产量/状态以新审计为准,Umm Al Salsal,已列资产或新增原文确认；新来源、资产层级与数据期见当前逐行审计；旧值不自动沿用,https://adnoc.ae/en/al-yasat-petroleum/about-us/what-we-do,https://adnoc.ae/en/al-yasat-petroleum/about-us/what-we-do,,None,undisclosed,不适用
阿联酋,Umm Al Dholou,纳入当前目录；现时产量/状态以新审计为准,Umm Al Dholou,已列资产或新增原文确认；新来源、资产层级与数据期见当前逐行审计；旧值不自动沿用,https://adnoc.ae/en/al-yasat-petroleum/about-us/what-we-do,https://adnoc.ae/en/al-yasat-petroleum/about-us/what-we-do,,None,undisclosed,不适用
阿联酋,Arzanah,纳入当前目录；现时产量/状态以新审计为准,Arzanah,已列资产或新增原文确认；新来源、资产层级与数据期见当前逐行审计；旧值不自动沿用,https://adnoc.ae/en/al-yasat-petroleum/about-us/what-we-do,https://adnoc.ae/en/al-yasat-petroleum/about-us/what-we-do,,None,undisclosed,不适用
阿联酋,Nahaidiin,纳入当前目录；现时产量/状态以新审计为准,Nahaidiin,已列资产或新增原文确认；新来源、资产层级与数据期见当前逐行审计；旧值不自动沿用,https://adnoc.ae/en/al-yasat-petroleum/about-us/what-we-do,https://adnoc.ae/en/al-yasat-petroleum/about-us/what-we-do,,None,undisclosed,不适用
阿联酋,Bin Hadi,纳入当前目录；现时产量/状态以新审计为准,Bin Hadi,已列资产或新增原文确认；新来源、资产层级与数据期见当前逐行审计；旧值不自动沿用,https://adnoc.ae/en/al-yasat-petroleum/about-us/what-we-do,https://adnoc.ae/en/al-yasat-petroleum/about-us/what-we-do,,None,undisclosed,不适用
阿联酋,Gezira,纳入当前目录；现时产量/状态以新审计为准,Gezira,已列资产或新增原文确认；新来源、资产层级与数据期见当前逐行审计；旧值不自动沿用,https://adnoc.ae/en/al-yasat-petroleum/about-us/what-we-do,https://adnoc.ae/en/al-yasat-petroleum/about-us/what-we-do,,None,undisclosed,不适用
阿联酋,Muhaymat,纳入当前目录；现时产量/状态以新审计为准,Muhaymat,已列资产或新增原文确认；新来源、资产层级与数据期见当前逐行审计；旧值不自动沿用,https://adnoc.ae/en/al-yasat-petroleum/about-us/what-we-do,https://adnoc.ae/en/al-yasat-petroleum/about-us/what-we-do,,None,undisclosed,不适用
阿联酋,Sila,纳入当前目录；现时产量/状态以新审计为准,Sila,已列资产或新增原文确认；新来源、资产层级与数据期见当前逐行审计；旧值不自动沿用,https://adnoc.ae/en/al-yasat-petroleum/about-us/what-we-do,https://adnoc.ae/en/al-yasat-petroleum/about-us/what-we-do,,None,undisclosed,不适用
阿联酋,Ghasha,纳入当前目录；现时产量/状态以新审计为准,Ghasha,已列资产或新增原文确认；新来源、资产层级与数据期见当前逐行审计；旧值不自动沿用,https://adnoc.ae/en/news-and-media/press-releases/2025/uae-president-chairs-adnoc-board-of-directors-meeting-at-habshan-complex,https://adnoc.ae/en/news-and-media/press-releases/2025/uae-president-chairs-adnoc-board-of-directors-meeting-at-habshan-complex,,None,undisclosed,不适用
阿联酋,Dalma,纳入当前目录；现时产量/状态以新审计为准,Dalma,已列资产或新增原文确认；新来源、资产层级与数据期见当前逐行审计；旧值不自动沿用,https://adnoc.ae/en/news-and-media/press-releases/2025/uae-president-chairs-adnoc-board-of-directors-meeting-at-habshan-complex,https://adnoc.ae/en/news-and-media/press-releases/2025/uae-president-chairs-adnoc-board-of-directors-meeting-at-habshan-complex,,None,undisclosed,不适用
阿联酋,Shuweihat,纳入当前目录；现时产量/状态以新审计为准,Shuweihat,已列资产或新增原文确认；新来源、资产层级与数据期见当前逐行审计；旧值不自动沿用,https://adnoc.ae/en/news-and-media/press-releases/2025/uae-president-chairs-adnoc-board-of-directors-meeting-at-habshan-complex,https://adnoc.ae/en/news-and-media/press-releases/2025/uae-president-chairs-adnoc-board-of-directors-meeting-at-habshan-complex,,None,undisclosed,不适用
阿联酋,Ghasha Concession,纳入当前目录；现时产量/状态以新审计为准,Ghasha Concession,已列资产或新增原文确认；新来源、资产层级与数据期见当前逐行审计；旧值不自动沿用,https://adnoc.ae/en/news-and-media/press-releases/2025/uae-president-chairs-adnoc-board-of-directors-meeting-at-habshan-complex,https://adnoc.ae/en/news-and-media/press-releases/2025/uae-president-chairs-adnoc-board-of-directors-meeting-at-habshan-complex,150,150,target_capacity,不适用
阿联酋,SARB Deep Gas,纳入当前目录；现时产量/状态以新审计为准,SARB Deep Gas,已列资产或新增原文确认；新来源、资产层级与数据期见当前逐行审计；旧值不自动沿用,https://www.adnoc.ae/en/news-and-media/press-releases/2026/adnoc-announces-final-investment-decision-for-the-sarb-deep-gas-development/,https://www.adnoc.ae/en/news-and-media/press-releases/2026/adnoc-announces-final-investment-decision-for-the-sarb-deep-gas-development/,200,200,target_capacity,不适用
阿联酋,Hail (ADOC),纳入当前目录；现时产量/状态以新审计为准,Hail (ADOC),已列资产或新增原文确认；新来源、资产层级与数据期见当前逐行审计；旧值不自动沿用,https://www.cts-co.net/adocauh/product/,https://www.cts-co.net/adocauh/product/,,None,undisclosed,不适用
阿联酋,Hail (ADNOC Ghasha),纳入当前目录；现时产量/状态以新审计为准,Hail (ADNOC Ghasha),已列资产或新增原文确认；新来源、资产层级与数据期见当前逐行审计；旧值不自动沿用,https://adnoc.ae/en/news-and-media/press-releases/2025/uae-president-chairs-adnoc-board-of-directors-meeting-at-habshan-complex,https://adnoc.ae/en/news-and-media/press-releases/2025/uae-president-chairs-adnoc-board-of-directors-meeting-at-habshan-complex,,None,undisclosed,不适用
阿联酋,Mubarraz,纳入当前目录；现时产量/状态以新审计为准,Mubarraz,已列资产或新增原文确认；新来源、资产层级与数据期见当前逐行审计；旧值不自动沿用,https://adnoc.ae/en/news-and-media/press-releases/2025/uae-president-chairs-adnoc-board-of-directors-meeting-at-habshan-complex,https://www.cts-co.net/adocauh/product/,,None,undisclosed,不适用
阿联酋,Umm Al-Anbar,纳入当前目录；现时产量/状态以新审计为准,Umm Al-Anbar,已列资产或新增原文确认；新来源、资产层级与数据期见当前逐行审计；旧值不自动沿用,https://adnoc.ae/en/news-and-media/press-releases/2025/uae-president-chairs-adnoc-board-of-directors-meeting-at-habshan-complex,https://www.cts-co.net/adocauh/product/,,None,undisclosed,不适用
阿联酋,Neewat Al-Ghalan,纳入当前目录；现时产量/状态以新审计为准,Neewat Al-Ghalan,已列资产或新增原文确认；新来源、资产层级与数据期见当前逐行审计；旧值不自动沿用,https://adnoc.ae/en/news-and-media/press-releases/2025/uae-president-chairs-adnoc-board-of-directors-meeting-at-habshan-complex,https://www.cts-co.net/adocauh/product/,,None,undisclosed,不适用
阿联酋,Bunduq,纳入当前目录；现时产量/状态以新审计为准,Bunduq,已列资产或新增原文确认；新来源、资产层级与数据期见当前逐行审计；旧值不自动沿用,https://www.qatarenergy.qa/en/MediaCenter/Publications/QatarEnergy_Investors_Presentation_November_2025.pdf,https://www.qatarenergy.qa/en/MediaCenter/Publications/QatarEnergy_Investors_Presentation_November_2025.pdf,9.2,9.2,actual_output,不适用
阿联酋,Haliba,纳入当前目录；现时产量/状态以新审计为准,Haliba,已列资产或新增原文确认；新来源、资产层级与数据期见当前逐行审计；旧值不自动沿用,https://www.adnoc.ae/en/al-dhafra-petroleum/about-us/what-we-do,https://www.adnoc.ae/en/al-dhafra-petroleum/about-us/what-we-do,10,10,actual_output,不适用
阿联酋,Fateh,纳入当前目录；现时产量/状态以新审计为准,Fateh,已列资产或新增原文确认；新来源、资产层级与数据期见当前逐行审计；旧值不自动沿用,https://www.dubaipetroleum.ae/about-us/oil-and-gas-assets/,https://www.dubaipetroleum.ae/about-us/oil-and-gas-assets/,,None,undisclosed,不适用
阿联酋,South-West Fateh,纳入当前目录；现时产量/状态以新审计为准,South-West Fateh,已列资产或新增原文确认；新来源、资产层级与数据期见当前逐行审计；旧值不自动沿用,https://www.dubaipetroleum.ae/about-us/oil-and-gas-assets/,https://www.dubaipetroleum.ae/about-us/oil-and-gas-assets/,,None,undisclosed,不适用
阿联酋,Falah,纳入当前目录；现时产量/状态以新审计为准,Falah,已列资产或新增原文确认；新来源、资产层级与数据期见当前逐行审计；旧值不自动沿用,https://www.dubaipetroleum.ae/about-us/oil-and-gas-assets/,https://www.dubaipetroleum.ae/about-us/oil-and-gas-assets/,,None,undisclosed,不适用
阿联酋,Rashid,纳入当前目录；现时产量/状态以新审计为准,Rashid,已列资产或新增原文确认；新来源、资产层级与数据期见当前逐行审计；旧值不自动沿用,https://www.dubaipetroleum.ae/about-us/oil-and-gas-assets/,https://www.dubaipetroleum.ae/about-us/oil-and-gas-assets/,,None,undisclosed,不适用
阿联酋,Jalilah,纳入当前目录；现时产量/状态以新审计为准,Jalilah,已列资产或新增原文确认；新来源、资产层级与数据期见当前逐行审计；旧值不自动沿用,https://www.dubaipetroleum.ae/about-us/oil-and-gas-assets/,https://www.dubaipetroleum.ae/about-us/oil-and-gas-assets/,,None,undisclosed,不适用
阿联酋,Margham,纳入当前目录；现时产量/状态以新审计为准,Margham,已列资产或新增原文确认；新来源、资产层级与数据期见当前逐行审计；旧值不自动沿用,https://www.dusup.ae/our-business/margham-gas-plant-field/,https://www.dusup.ae/supply-operations/margham-gas-plant/,,None,undisclosed,不适用
阿联酋,Bab Gas Cap,纳入当前目录；现时产量/状态以新审计为准,Bab Gas Cap,已列资产或新增原文确认；新来源、资产层级与数据期见当前逐行审计；旧值不自动沿用,https://totalenergies.com/newsroom/united-arab-emirates-totalenergies-enters-in-the-bab-gas-cap-concession/?lang=eng,https://www.sec.gov/Archives/edgar/data/879764/000110465926079516/tm2619405d1_ex99-6.htm,"1,500","1,500",target_capacity,不适用
阿联酋,Ruwais Diyab,纳入当前目录；现时产量/状态以新审计为准,Ruwais Diyab,已列资产或新增原文确认；新来源、资产层级与数据期见当前逐行审计；旧值不自动沿用,https://adnoc.ae/en/our-projects/unconventional-gas,https://adnoc.ae/en/news-and-media/press-releases/2025/uae-president-chairs-adnoc-board-of-directors-meeting-at-habshan-complex,,None,undisclosed,不适用
阿联酋,Sajaa,纳入当前目录；现时产量/状态以新审计为准,Sajaa,已列资产或新增原文确认；新来源、资产层级与数据期见当前逐行审计；旧值不自动沿用,https://www.snoc.ae/our-business/upstream/,https://www.snoc.ae/our-business/upstream/,,None,undisclosed,不适用
阿联酋,Kahaif,纳入当前目录；现时产量/状态以新审计为准,Kahaif,已列资产或新增原文确认；新来源、资产层级与数据期见当前逐行审计；旧值不自动沿用,https://www.snoc.ae/our-business/upstream/,https://www.snoc.ae/our-business/upstream/,,None,undisclosed,不适用
阿联酋,Moveyeid,纳入当前目录；现时产量/状态以新审计为准,Moveyeid,已列资产或新增原文确认；新来源、资产层级与数据期见当前逐行审计；旧值不自动沿用,https://www.snoc.ae/our-business/upstream/,https://www.snoc.ae/our-business/upstream/,,None,undisclosed,不适用
阿联酋,Mahani,纳入当前目录；现时产量/状态以新审计为准,Mahani,已列资产或新增原文确认；新来源、资产层级与数据期见当前逐行审计；旧值不自动沿用,https://www.snoc.ae/wp-content/uploads/SNOC-2021-GHG-Report.pdf,https://www.snoc.ae/wp-content/uploads/SNOC-2021-GHG-Report.pdf,,None,undisclosed,不适用
阿联酋,Hedebah,纳入当前目录；现时产量/状态以新审计为准,Hedebah,已列资产或新增原文确认；新来源、资产层级与数据期见当前逐行审计；旧值不自动沿用,https://www.snoc.ae/our-business/upstream/,https://www.snoc.ae/news/snoc-strengthens-sharjahs-energy-security-with-second-well-success-in-hedebah-field/,,None,undisclosed,不适用
阿联酋,Saleh,纳入当前目录；现时产量/状态以新审计为准,Saleh,已列资产或新增原文确认；新来源、资产层级与数据期见当前逐行审计；旧值不自动沿用,https://www.rakgas.ae/en/who-we-are/our-story,https://www.rakgas.ae/en/who-we-are/our-story,,None,undisclosed,不适用
阿联酋,Umm Al Quwain,纳入当前目录；现时产量/状态以新审计为准,Umm Al Quwain,已列资产或新增原文确认；新来源、资产层级与数据期见当前逐行审计；旧值不自动沿用,https://www.rakgas.ae/en/who-we-are/our-story,https://www.rakgas.ae/en/who-we-are/our-story,,None,undisclosed,不适用
伊拉克,Rumaila,纳入当前目录；现时产量/状态以新审计为准,Rumaila,已列资产或新增原文确认；新来源、资产层级与数据期见当前逐行审计；旧值不自动沿用,https://rumaila.iq/english/about-us/history-2/,https://rumaila.iq/english/about-us/history-2/,"1,370","1,370",actual_output,不适用
伊拉克,West Qurna-1,纳入当前目录；现时产量/状态以新审计为准,West Qurna-1,已列资产或新增原文确认；新来源、资产层级与数据期见当前逐行审计；旧值不自动沿用,https://www.iraqinews.com/iraq/iraq-to-raise-west-qurna-1s-output-to-670000-bpd-in-2026/,https://www.iraqinews.com/iraq/iraq-to-raise-west-qurna-1s-output-to-670000-bpd-in-2026/,600,600,actual_output,不适用
伊拉克,West Qurna-2,纳入当前目录；现时产量/状态以新审计为准,West Qurna-2,已列资产或新增原文确认；新来源、资产层级与数据期见当前逐行审计；旧值不自动沿用,https://eiti.org/sites/default/files/2024-01/Iraq%202021%20EITI%20Report.pdf,https://eiti.org/sites/default/files/2024-01/Iraq%202021%20EITI%20Report.pdf,400.1,400.1,derived_daily_average,不适用
伊拉克,Zubair,纳入当前目录；现时产量/状态以新审计为准,Zubair,已列资产或新增原文确认；新来源、资产层级与数据期见当前逐行审计；旧值不自动沿用,https://eiti.org/sites/default/files/2024-01/Iraq%202021%20EITI%20Report.pdf,https://eiti.org/sites/default/files/2024-01/Iraq%202021%20EITI%20Report.pdf,470.6,470.6,derived_daily_average,不适用
伊拉克,Majnoon,纳入当前目录；现时产量/状态以新审计为准,Majnoon,已列资产或新增原文确认；新来源、资产层级与数据期见当前逐行审计；旧值不自动沿用,https://eiti.org/sites/default/files/2024-01/Iraq%202021%20EITI%20Report.pdf,https://eiti.org/sites/default/files/2024-01/Iraq%202021%20EITI%20Report.pdf,176.0,176.0,derived_daily_average,不适用
伊拉克,Halfaya,纳入当前目录；现时产量/状态以新审计为准,Halfaya,已列资产或新增原文确认；新来源、资产层级与数据期见当前逐行审计；旧值不自动沿用,https://eiti.org/sites/default/files/2024-01/Iraq%202021%20EITI%20Report.pdf,https://eiti.org/sites/default/files/2024-01/Iraq%202021%20EITI%20Report.pdf,389.6,389.6,derived_daily_average,不适用
伊拉克,Gharraf,纳入当前目录；现时产量/状态以新审计为准,Gharraf,已列资产或新增原文确认；新来源、资产层级与数据期见当前逐行审计；旧值不自动沿用,https://www.petronas.com/partner-us/pcihbv-contract-plan,https://www.petronas.com/partner-us/pcihbv-contract-plan,130,130,actual_output,不适用
伊拉克,Badra,纳入当前目录；现时产量/状态以新审计为准,Badra,已列资产或新增原文确认；新来源、资产层级与数据期见当前逐行审计；旧值不自动沿用,https://eiti.org/sites/default/files/2024-01/Iraq%202021%20EITI%20Report.pdf,https://eiti.org/sites/default/files/2024-01/Iraq%202021%20EITI%20Report.pdf,35.2,35.2,derived_daily_average,不适用
伊拉克,Ahdab,纳入当前目录；现时产量/状态以新审计为准,Ahdab,已列资产或新增原文确认；新来源、资产层级与数据期见当前逐行审计；旧值不自动沿用,https://eiti.org/sites/default/files/2024-01/Iraq%202021%20EITI%20Report.pdf,https://eiti.org/sites/default/files/2024-01/Iraq%202021%20EITI%20Report.pdf,49.2,49.2,derived_daily_average,不适用
伊拉克,East Baghdad,纳入当前目录；现时产量/状态以新审计为准,East Baghdad,已列资产或新增原文确认；新来源、资产层级与数据期见当前逐行审计；旧值不自动沿用,https://eiti.org/sites/default/files/2024-01/Iraq%202021%20EITI%20Report.pdf,https://eiti.org/sites/default/files/2024-01/Iraq%202021%20EITI%20Report.pdf,18.2,18.2,derived_daily_average,不适用
伊拉克,Nahr Umar,纳入当前目录；现时产量/状态以新审计为准,Nahr Umar,已列资产或新增原文确认；新来源、资产层级与数据期见当前逐行审计；旧值不自动沿用,https://eiti.org/sites/default/files/2024-01/Iraq%202021%20EITI%20Report.pdf,https://eiti.org/sites/default/files/2024-01/Iraq%202021%20EITI%20Report.pdf,,None,undisclosed,不适用
伊拉克,Artawi,纳入当前目录；现时产量/状态以新审计为准,Artawi,已列资产或新增原文确认；新来源、资产层级与数据期见当前逐行审计；旧值不自动沿用,https://eiti.org/sites/default/files/attachments/iraq_2016_eiti_report.pdf,https://eiti.org/sites/default/files/attachments/iraq_2016_eiti_report.pdf,16.7,16.7,derived_daily_average,不适用
伊拉克,Nassiriya,纳入当前目录；现时产量/状态以新审计为准,Nassiriya,已列资产或新增原文确认；新来源、资产层级与数据期见当前逐行审计；旧值不自动沿用,https://eiti.org/sites/default/files/2024-01/Iraq%202021%20EITI%20Report.pdf,https://eiti.org/sites/default/files/2024-01/Iraq%202021%20EITI%20Report.pdf,,None,undisclosed,不适用
伊拉克,Kirkuk,纳入当前目录；现时产量/状态以新审计为准,Kirkuk,已列资产或新增原文确认；新来源、资产层级与数据期见当前逐行审计；旧值不自动沿用,https://www.eia.gov/international/analysis/country/irq,https://www.eia.gov/international/analysis/country/irq,,None,undisclosed,不适用
伊拉克,Bai Hassan,纳入当前目录；现时产量/状态以新审计为准,Bai Hassan,已列资产或新增原文确认；新来源、资产层级与数据期见当前逐行审计；旧值不自动沿用,https://eiti.org/sites/default/files/2024-01/Iraq%202021%20EITI%20Report.pdf,https://eiti.org/sites/default/files/2024-01/Iraq%202021%20EITI%20Report.pdf,133.3,133.3,derived_daily_average,不适用
伊拉克,Jambur,纳入当前目录；现时产量/状态以新审计为准,Jambur,已列资产或新增原文确认；新来源、资产层级与数据期见当前逐行审计；旧值不自动沿用,https://eiti.org/sites/default/files/2024-01/Iraq%202021%20EITI%20Report.pdf,https://eiti.org/sites/default/files/2024-01/Iraq%202021%20EITI%20Report.pdf,38.4,38.4,derived_daily_average,不适用
伊拉克,Khabbaz,纳入当前目录；现时产量/状态以新审计为准,Khabbaz,已列资产或新增原文确认；新来源、资产层级与数据期见当前逐行审计；旧值不自动沿用,https://eiti.org/sites/default/files/2024-01/Iraq%202021%20EITI%20Report.pdf,https://eiti.org/sites/default/files/2024-01/Iraq%202021%20EITI%20Report.pdf,25.0,25.0,derived_daily_average,不适用
伊拉克,Qayyarah,纳入当前目录；现时产量/状态以新审计为准,Qayyarah,已列资产或新增原文确认；新来源、资产层级与数据期见当前逐行审计；旧值不自动沿用,https://eiti.org/sites/default/files/2024-01/Iraq%202021%20EITI%20Report.pdf,https://www.eia.gov/international/analysis/country/irq,5.0,None,undisclosed,不适用
伊拉克,Najma,纳入当前目录；现时产量/状态以新审计为准,Najma,已列资产或新增原文确认；新来源、资产层级与数据期见当前逐行审计；旧值不自动沿用,https://eiti.org/sites/default/files/2024-01/Iraq%202021%20EITI%20Report.pdf,https://eiti.org/sites/default/files/2024-01/Iraq%202021%20EITI%20Report.pdf,,None,undisclosed,不适用
伊拉克,Tawke,纳入当前目录；现时产量/状态以新审计为准,Tawke,已列资产或新增原文确认；新来源、资产层级与数据期见当前逐行审计；旧值不自动沿用,https://www.dno.no/media/ezuglbal/q2-2026-interim-results-report.pdf,https://www.dno.no/media/ezuglbal/q2-2026-interim-results-report.pdf,0.363,0.363,actual_output_boe,不适用
伊拉克,Peshkabir,纳入当前目录；现时产量/状态以新审计为准,Peshkabir,已列资产或新增原文确认；新来源、资产层级与数据期见当前逐行审计；旧值不自动沿用,https://www.dno.no/media/ezuglbal/q2-2026-interim-results-report.pdf,https://www.dno.no/media/ezuglbal/q2-2026-interim-results-report.pdf,0,0,actual_output_boe,不适用
伊拉克,Taq Taq,纳入当前目录；现时产量/状态以新审计为准,Taq Taq,已列资产或新增原文确认；新来源、资产层级与数据期见当前逐行审计；旧值不自动沿用,https://genelenergy.com/wp-content/uploads/Genel-2024-Q1-trading-update.pdf,https://genelenergy.com/wp-content/uploads/Genel-2024-Q1-trading-update.pdf,1.36,1.36,actual_output,不适用
伊拉克,Sarta,纳入当前目录；现时产量/状态以新审计为准,Sarta,已列资产或新增原文确认；新来源、资产层级与数据期见当前逐行审计；旧值不自动沿用,https://genelenergy.com/wp-content/uploads/Genel-2024-Q1-trading-update.pdf,https://genelenergy.com/wp-content/uploads/Genel-2024-Q1-trading-update.pdf,0.79,0.79,actual_output,不适用
伊拉克,Shaikan,纳入当前目录；现时产量/状态以新审计为准,Shaikan,已列资产或新增原文确认；新来源、资产层级与数据期见当前逐行审计；旧值不自动沿用,https://www.gulfkeystone.com/2026-half-year-results-announcement/,https://www.gulfkeystone.com/2026-half-year-results-announcement/,14.6,14.6,actual_output,不适用
伊拉克,Atrush,纳入当前目录；现时产量/状态以新审计为准,Atrush,已列资产或新增原文确认；新来源、资产层级与数据期见当前逐行审计；旧值不自动沿用,https://shamaranpetroleum.com/news/shamaran-reports-second-quarter-2026-results-122891/,https://shamaranpetroleum.com/news/shamaran-reports-second-quarter-2026-results-122891/,1.2,1.2,actual_output,不适用
伊拉克,Sarsang,纳入当前目录；现时产量/状态以新审计为准,Sarsang,已列资产或新增原文确认；新来源、资产层级与数据期见当前逐行审计；旧值不自动沿用,https://shamaranpetroleum.com/news/shamaran-reports-second-quarter-2026-results-122891/,https://shamaranpetroleum.com/news/shamaran-reports-second-quarter-2026-results-122891/,0.7,0.7,actual_output,不适用
伊拉克,Swara Tika,纳入当前目录；现时产量/状态以新审计为准,Swara Tika,已列资产或新增原文确认；新来源、资产层级与数据期见当前逐行审计；旧值不自动沿用,https://www.hknenergy.com/,https://www.hknenergy.com/,,None,undisclosed,不适用
伊拉克,East Swara Tika,纳入当前目录；现时产量/状态以新审计为准,East Swara Tika,已列资产或新增原文确认；新来源、资产层级与数据期见当前逐行审计；旧值不自动沿用,https://www.hknenergy.com/,https://www.hknenergy.com/,,None,undisclosed,不适用
伊拉克,Khurmala,纳入当前目录；现时产量/状态以新审计为准,Khurmala,已列资产或新增原文确认；新来源、资产层级与数据期见当前逐行审计；旧值不自动沿用,https://presidency.gov.krd/en/statement-from-the-presidency-of-the-kurdistan-region-5/,https://presidency.gov.krd/en/statement-from-the-presidency-of-the-kurdistan-region-5/,,None,undisclosed,不适用
伊拉克,Baeshiqa,纳入当前目录；现时产量/状态以新审计为准,Baeshiqa,已列资产或新增原文确认；新来源、资产层级与数据期见当前逐行审计；旧值不自动沿用,https://www.dno.no/en/operations/kurdistan-region-of-iraq/,https://www.dno.no/en/operations/kurdistan-region-of-iraq/,,None,undisclosed,不适用
伊拉克,Eridu (Block 10),纳入当前目录；现时产量/状态以新审计为准,Eridu (Block 10),已列资产或新增原文确认；新来源、资产层级与数据期见当前逐行审计；旧值不自动沿用,https://eiti.org/documents/iraq-2023-eiti-report,https://eiti.org/documents/iraq-2023-eiti-report,,None,undisclosed,不适用
伊拉克,Faihaa,纳入当前目录；现时产量/状态以新审计为准,Faihaa,已列资产或新增原文确认；新来源、资产层级与数据期见当前逐行审计；旧值不自动沿用,https://shafaq.com/en/Economy/Iraq-expands-oil-production-starts-drilling-in-border-region,https://shafaq.com/en/Economy/Iraq-expands-oil-production-starts-drilling-in-border-region,>100,>100,actual_output,不适用
伊拉克,Fakkah,纳入当前目录；现时产量/状态以新审计为准,Fakkah,已列资产或新增原文确认；新来源、资产层级与数据期见当前逐行审计；旧值不自动沿用,https://www.gem.wiki/Fakkah_Oil_Field_(Iraq),https://www.gem.wiki/Fakkah_Oil_Field_(Iraq),,None,undisclosed,不适用
伊拉克,Bazerkan,纳入当前目录；现时产量/状态以新审计为准,Bazerkan,已列资产或新增原文确认；新来源、资产层级与数据期见当前逐行审计；旧值不自动沿用,https://www.gem.wiki/Bazerkan_Oil_Field_(Iraq),https://www.gem.wiki/Bazerkan_Oil_Field_(Iraq),,None,undisclosed,不适用
伊拉克,Abu Gharb,纳入当前目录；现时产量/状态以新审计为准,Abu Gharb,已列资产或新增原文确认；新来源、资产层级与数据期见当前逐行审计；旧值不自动沿用,https://www.gem.wiki/Abu_Gharb_Oil_Field_(Iraq),https://www.gem.wiki/Abu_Gharb_Oil_Field_(Iraq),,None,undisclosed,不适用
伊拉克,Luhais,纳入当前目录；现时产量/状态以新审计为准,Luhais,已列资产或新增原文确认；新来源、资产层级与数据期见当前逐行审计；旧值不自动沿用,https://eiti.org/sites/default/files/attachments/iraq_2016_eiti_report.pdf,https://eiti.org/sites/default/files/attachments/iraq_2016_eiti_report.pdf,89.2,89.2,derived_daily_average,不适用
伊拉克,Subba,纳入当前目录；现时产量/状态以新审计为准,Subba,已列资产或新增原文确认；新来源、资产层级与数据期见当前逐行审计；旧值不自动沿用,https://eiti.org/sites/default/files/2024-01/Iraq%202021%20EITI%20Report.pdf,https://eiti.org/sites/default/files/2024-01/Iraq%202021%20EITI%20Report.pdf,,None,undisclosed,不适用
伊拉克,Tuba,纳入当前目录；现时产量/状态以新审计为准,Tuba,已列资产或新增原文确认；新来源、资产层级与数据期见当前逐行审计；旧值不自动沿用,https://eiti.org/sites/default/files/attachments/iraq_2016_eiti_report.pdf,https://eiti.org/sites/default/files/attachments/iraq_2016_eiti_report.pdf,36.2,36.2,derived_daily_average,不适用
伊拉克,Ajil,纳入当前目录；现时产量/状态以新审计为准,Ajil,已列资产或新增原文确认；新来源、资产层级与数据期见当前逐行审计；旧值不自动沿用,https://eiti.org/sites/default/files/2024-01/Iraq%202021%20EITI%20Report.pdf,https://eiti.org/sites/default/files/2024-01/Iraq%202021%20EITI%20Report.pdf,5.9,5.9,derived_daily_average,不适用
伊拉克,Ain Zalah,纳入当前目录；现时产量/状态以新审计为准,Ain Zalah,已列资产或新增原文确认；新来源、资产层级与数据期见当前逐行审计；旧值不自动沿用,https://eiti.org/sites/default/files/2024-01/Iraq%202021%20EITI%20Report.pdf,https://eiti.org/sites/default/files/2024-01/Iraq%202021%20EITI%20Report.pdf,3.9,3.9,derived_daily_average,不适用
伊拉克,Batmah,纳入当前目录；现时产量/状态以新审计为准,Batmah,已列资产或新增原文确认；新来源、资产层级与数据期见当前逐行审计；旧值不自动沿用,https://eiti.org/sites/default/files/2024-01/Iraq%202021%20EITI%20Report.pdf,https://eiti.org/sites/default/files/2024-01/Iraq%202021%20EITI%20Report.pdf,0.7,0.7,derived_daily_average,不适用
伊拉克,Hamrin,纳入当前目录；现时产量/状态以新审计为准,Hamrin,已列资产或新增原文确认；新来源、资产层级与数据期见当前逐行审计；旧值不自动沿用,https://eiti.org/sites/default/files/2024-01/Iraq%202021%20EITI%20Report.pdf,https://eiti.org/sites/default/files/2024-01/Iraq%202021%20EITI%20Report.pdf,,None,undisclosed,不适用
伊拉克,Naft Khana,纳入当前目录；现时产量/状态以新审计为准,Naft Khana,已列资产或新增原文确认；新来源、资产层级与数据期见当前逐行审计；旧值不自动沿用,https://eiti.org/documents/iraq-2023-eiti-report,https://eiti.org/documents/iraq-2023-eiti-report,,None,undisclosed,不适用
伊拉克,Amara,纳入当前目录；现时产量/状态以新审计为准,Amara,已列资产或新增原文确认；新来源、资产层级与数据期见当前逐行审计；旧值不自动沿用,https://eiti.org/documents/iraq-2023-eiti-report,https://eiti.org/documents/iraq-2023-eiti-report,,None,undisclosed,不适用
伊拉克,Noor,纳入当前目录；现时产量/状态以新审计为准,Noor,已列资产或新增原文确认；新来源、资产层级与数据期见当前逐行审计；旧值不自动沿用,https://eiti.org/documents/iraq-2023-eiti-report,https://eiti.org/documents/iraq-2023-eiti-report,,None,undisclosed,不适用
伊拉克,Safiya,纳入当前目录；现时产量/状态以新审计为准,Safiya,已列资产或新增原文确认；新来源、资产层级与数据期见当前逐行审计；旧值不自动沿用,https://eiti.org/documents/iraq-2023-eiti-report,https://eiti.org/documents/iraq-2023-eiti-report,,None,undisclosed,不适用
伊朗,Ahvaz,纳入当前目录；现时产量/状态以新审计为准,Ahvaz,已列资产或新增原文确认；新来源、资产层级与数据期见当前逐行审计；旧值不自动沿用,https://www.eia.gov/international/content/analysis/countries_long/Iran/pdf/Iran%20CAB%202024.pdf,https://www.eia.gov/international/content/analysis/countries_long/Iran/pdf/Iran%20CAB%202024.pdf,,None,undisclosed,不适用
伊朗,Marun,纳入当前目录；现时产量/状态以新审计为准,Marun,已列资产或新增原文确认；新来源、资产层级与数据期见当前逐行审计；旧值不自动沿用,https://www.gem.wiki/Marun_Oil_Field_(Iran),https://www.gem.wiki/Marun_Oil_Field_(Iran),,None,undisclosed,不适用
伊朗,Aghajari,纳入当前目录；现时产量/状态以新审计为准,Aghajari,已列资产或新增原文确认；新来源、资产层级与数据期见当前逐行审计；旧值不自动沿用,https://www.gem.wiki/Aghajari_Oil_Field_(Iran),https://www.gem.wiki/Aghajari_Oil_Field_(Iran),,None,undisclosed,不适用
伊朗,Gachsaran,纳入当前目录；现时产量/状态以新审计为准,Gachsaran,已列资产或新增原文确认；新来源、资产层级与数据期见当前逐行审计；旧值不自动沿用,https://www.gem.wiki/Gachsaran_Oil_and_Gas_Field_(Iran),https://www.gem.wiki/Gachsaran_Oil_and_Gas_Field_(Iran),,None,undisclosed,不适用
伊朗,Reg-e-Safid,纳入当前目录；现时产量/状态以新审计为准,Reg-e-Safid,已列资产或新增原文确认；新来源、资产层级与数据期见当前逐行审计；旧值不自动沿用,https://www.eia.gov/international/content/analysis/countries_long/Iran/pdf/Iran%20CAB%202024.pdf,https://www.eia.gov/international/content/analysis/countries_long/Iran/pdf/Iran%20CAB%202024.pdf,,None,undisclosed,不适用
伊朗,South Azadegan,纳入当前目录；现时产量/状态以新审计为准,South Azadegan,已列资产或新增原文确认；新来源、资产层级与数据期见当前逐行审计；旧值不自动沿用,https://www.gem.wiki/Azadegan_South_Oil_Field_(Iran),https://www.gem.wiki/Azadegan_South_Oil_Field_(Iran),,None,undisclosed,不适用
伊朗,North Azadegan,纳入当前目录；现时产量/状态以新审计为准,North Azadegan,已列资产或新增原文确认；新来源、资产层级与数据期见当前逐行审计；旧值不自动沿用,https://www.trend.az/iran/business/3153217.html,https://www.trend.az/iran/business/3153217.html,75,75,actual_output,不适用
伊朗,Yadavaran,纳入当前目录；现时产量/状态以新审计为准,Yadavaran,已列资产或新增原文确认；新来源、资产层级与数据期见当前逐行审计；旧值不自动沿用,https://www.eia.gov/international/content/analysis/countries_long/Iran/pdf/Iran%20CAB%202024.pdf,https://www.eia.gov/international/content/analysis/countries_long/Iran/pdf/Iran%20CAB%202024.pdf,,None,undisclosed,不适用
伊朗,North Yaran,纳入当前目录；现时产量/状态以新审计为准,North Yaran,已列资产或新增原文确认；新来源、资产层级与数据期见当前逐行审计；旧值不自动沿用,https://www.eia.gov/international/content/analysis/countries_long/Iran/pdf/Iran%20CAB%202024.pdf,https://www.eia.gov/international/content/analysis/countries_long/Iran/pdf/Iran%20CAB%202024.pdf,,None,undisclosed,不适用
伊朗,South Yaran,纳入当前目录；现时产量/状态以新审计为准,South Yaran,已列资产或新增原文确认；新来源、资产层级与数据期见当前逐行审计；旧值不自动沿用,https://www.eia.gov/international/content/analysis/countries_long/Iran/pdf/Iran%20CAB%202024.pdf,https://www.eia.gov/international/content/analysis/countries_long/Iran/pdf/Iran%20CAB%202024.pdf,,None,undisclosed,不适用
伊朗,Azar,纳入当前目录；现时产量/状态以新审计为准,Azar,已列资产或新增原文确认；新来源、资产层级与数据期见当前逐行审计；旧值不自动沿用,https://www.eia.gov/international/content/analysis/countries_long/Iran/pdf/Iran%20CAB%202024.pdf,https://www.eia.gov/international/content/analysis/countries_long/Iran/pdf/Iran%20CAB%202024.pdf,,None,undisclosed,不适用
伊朗,Darkhovin,纳入当前目录；现时产量/状态以新审计为准,Darkhovin,已列资产或新增原文确认；新来源、资产层级与数据期见当前逐行审计；旧值不自动沿用,https://www.eia.gov/international/content/analysis/countries_long/Iran/pdf/Iran%20CAB%202024.pdf,https://www.eia.gov/international/content/analysis/countries_long/Iran/pdf/Iran%20CAB%202024.pdf,,None,undisclosed,不适用
伊朗,Hendijan,纳入当前目录；现时产量/状态以新审计为准,Hendijan,已列资产或新增原文确认；新来源、资产层级与数据期见当前逐行审计；旧值不自动沿用,https://www.eia.gov/international/content/analysis/countries_long/Iran/pdf/Iran%20CAB%202024.pdf,https://www.eia.gov/international/content/analysis/countries_long/Iran/pdf/Iran%20CAB%202024.pdf,,None,undisclosed,不适用
伊朗,Doroud,纳入当前目录；现时产量/状态以新审计为准,Doroud,已列资产或新增原文确认；新来源、资产层级与数据期见当前逐行审计；旧值不自动沿用,https://www.eia.gov/international/content/analysis/countries_long/Iran/pdf/Iran%20CAB%202024.pdf,https://www.eia.gov/international/content/analysis/countries_long/Iran/pdf/Iran%20CAB%202024.pdf,,None,undisclosed,不适用
伊朗,Foroozan,纳入当前目录；现时产量/状态以新审计为准,Foroozan,已列资产或新增原文确认；新来源、资产层级与数据期见当前逐行审计；旧值不自动沿用,https://www.eia.gov/international/content/analysis/countries_long/Iran/pdf/Iran%20CAB%202024.pdf,https://www.eia.gov/international/content/analysis/countries_long/Iran/pdf/Iran%20CAB%202024.pdf,,None,undisclosed,不适用
伊朗,Soroush,纳入当前目录；现时产量/状态以新审计为准,Soroush,已列资产或新增原文确认；新来源、资产层级与数据期见当前逐行审计；旧值不自动沿用,https://www.eia.gov/international/content/analysis/countries_long/Iran/pdf/Iran%20CAB%202024.pdf,https://www.eia.gov/international/content/analysis/countries_long/Iran/pdf/Iran%20CAB%202024.pdf,,None,undisclosed,不适用
伊朗,Nowruz,纳入当前目录；现时产量/状态以新审计为准,Nowruz,已列资产或新增原文确认；新来源、资产层级与数据期见当前逐行审计；旧值不自动沿用,https://www.eia.gov/international/content/analysis/countries_long/Iran/pdf/Iran%20CAB%202024.pdf,https://www.eia.gov/international/content/analysis/countries_long/Iran/pdf/Iran%20CAB%202024.pdf,,None,undisclosed,不适用
伊朗,Salman,纳入当前目录；现时产量/状态以新审计为准,Salman,已列资产或新增原文确认；新来源、资产层级与数据期见当前逐行审计；旧值不自动沿用,https://www.eia.gov/international/content/analysis/countries_long/Iran/pdf/Iran%20CAB%202024.pdf,https://www.eia.gov/international/content/analysis/countries_long/Iran/pdf/Iran%20CAB%202024.pdf,,None,undisclosed,不适用
伊朗,Bibi Hakimeh,纳入当前目录；现时产量/状态以新审计为准,Bibi Hakimeh,已列资产或新增原文确认；新来源、资产层级与数据期见当前逐行审计；旧值不自动沿用,https://www.gem.wiki/Bibi_Hakimeh_Oil_Field_(Iran),https://www.gem.wiki/Bibi_Hakimeh_Oil_Field_(Iran),,None,undisclosed,不适用
伊朗,Karanj,纳入当前目录；现时产量/状态以新审计为准,Karanj,已列资产或新增原文确认；新来源、资产层级与数据期见当前逐行审计；旧值不自动沿用,https://www.gem.wiki/Karanj_Oil_Field_(Iran),https://www.gem.wiki/Karanj_Oil_Field_(Iran),,None,undisclosed,不适用
伊朗,Abuzar,纳入当前目录；现时产量/状态以新审计为准,Abuzar,已列资产或新增原文确认；新来源、资产层级与数据期见当前逐行审计；旧值不自动沿用,https://www.gem.wiki/Abuzar_Oil_Field_(Iran),https://www.gem.wiki/Abuzar_Oil_Field_(Iran),,None,undisclosed,不适用
伊朗,Mansouri,纳入当前目录；现时产量/状态以新审计为准,Mansouri,已列资产或新增原文确认；新来源、资产层级与数据期见当前逐行审计；旧值不自动沿用,https://www.gem.wiki/Mansouri_Oil_Field_(Iran),https://www.gem.wiki/Mansouri_Oil_Field_(Iran),,None,undisclosed,不适用
伊朗,Sepehr-Jufair,纳入当前目录；现时产量/状态以新审计为准,Sepehr-Jufair,已列资产或新增原文确认；新来源、资产层级与数据期见当前逐行审计；旧值不自动沿用,https://www.gem.wiki/Sepehr-Jufair_Oil_Field_(Iran),https://www.gem.wiki/Sepehr-Jufair_Oil_Field_(Iran),,None,undisclosed,不适用
伊朗,Parsi,纳入当前目录；现时产量/状态以新审计为准,Parsi,已列资产或新增原文确认；新来源、资产层级与数据期见当前逐行审计；旧值不自动沿用,https://www.gem.wiki/Parsi_Oil_Field_(Iran),https://www.gem.wiki/Parsi_Oil_Field_(Iran),,None,undisclosed,不适用
伊朗,Bahregansar,纳入当前目录；现时产量/状态以新审计为准,Bahregansar,已列资产或新增原文确认；新来源、资产层级与数据期见当前逐行审计；旧值不自动沿用,https://www.gem.wiki/Bahregansar_Oil_Field_(Iran),https://www.gem.wiki/Bahregansar_Oil_Field_(Iran),,None,undisclosed,不适用
伊朗,Sirri E,纳入当前目录；现时产量/状态以新审计为准,Sirri E,已列资产或新增原文确认；新来源、资产层级与数据期见当前逐行审计；旧值不自动沿用,https://www.gem.wiki/Sirri_E_Oil_and_Gas_Field_(Iran),https://www.gem.wiki/Sirri_E_Oil_and_Gas_Field_(Iran),,None,undisclosed,不适用
伊朗,Masjed Soleyman,纳入当前目录；现时产量/状态以新审计为准,Masjed Soleyman,已列资产或新增原文确认；新来源、资产层级与数据期见当前逐行审计；旧值不自动沿用,https://www.gem.wiki/Masjed_Soleyman_Oil_Field_(Iran),https://www.gem.wiki/Masjed_Soleyman_Oil_Field_(Iran),,None,undisclosed,不适用
伊朗,Pazanan,纳入当前目录；现时产量/状态以新审计为准,Pazanan,已列资产或新增原文确认；新来源、资产层级与数据期见当前逐行审计；旧值不自动沿用,https://www.gem.wiki/Pazanan_Oil_Field_(Iran),https://www.gem.wiki/Pazanan_Oil_Field_(Iran),,None,undisclosed,不适用
伊朗,Kupal,纳入当前目录；现时产量/状态以新审计为准,Kupal,已列资产或新增原文确认；新来源、资产层级与数据期见当前逐行审计；旧值不自动沿用,https://www.gem.wiki/Kupal_Oil_Field_(Iran),https://www.gem.wiki/Kupal_Oil_Field_(Iran),,None,undisclosed,不适用
伊朗,Dehloran,纳入当前目录；现时产量/状态以新审计为准,Dehloran,已列资产或新增原文确认；新来源、资产层级与数据期见当前逐行审计；旧值不自动沿用,https://www.gem.wiki/Dehloran_Oil_Field_(Iran),https://www.gem.wiki/Dehloran_Oil_Field_(Iran),,None,undisclosed,不适用
伊朗,Paranj,纳入当前目录；现时产量/状态以新审计为准,Paranj,已列资产或新增原文确认；新来源、资产层级与数据期见当前逐行审计；旧值不自动沿用,https://www.gem.wiki/Paranj_Oil_Field_(Iran),https://www.gem.wiki/Paranj_Oil_Field_(Iran),,None,undisclosed,不适用
伊朗,Nargesi,纳入当前目录；现时产量/状态以新审计为准,Nargesi,已列资产或新增原文确认；新来源、资产层级与数据期见当前逐行审计；旧值不自动沿用,https://www.gem.wiki/Nargesi_Oil_Field_(Iran),https://www.gem.wiki/Nargesi_Oil_Field_(Iran),,None,undisclosed,不适用
伊朗,Hengam,纳入当前目录；现时产量/状态以新审计为准,Hengam,已列资产或新增原文确认；新来源、资产层级与数据期见当前逐行审计；旧值不自动沿用,https://www.shana.ir/news/156860/,https://www.shana.ir/news/156860/,7,7,actual_output,不适用
伊朗,Band-e-Karkheh,纳入当前目录；现时产量/状态以新审计为准,Band-e-Karkheh,已列资产或新增原文确认；新来源、资产层级与数据期见当前逐行审计；旧值不自动沿用,https://www.eia.gov/international/content/analysis/countries_long/Iran/pdf/Iran%20CAB%202024.pdf,https://www.eia.gov/international/content/analysis/countries_long/Iran/pdf/Iran%20CAB%202024.pdf,,None,undisclosed,不适用
伊朗,West Paydar,纳入当前目录；现时产量/状态以新审计为准,West Paydar,已列资产或新增原文确认；新来源、资产层级与数据期见当前逐行审计；旧值不自动沿用,https://www.eia.gov/international/content/analysis/countries_long/Iran/pdf/Iran%20CAB%202024.pdf,https://www.eia.gov/international/content/analysis/countries_long/Iran/pdf/Iran%20CAB%202024.pdf,,None,undisclosed,不适用
伊朗,Chehsmeh-Khosh,纳入当前目录；现时产量/状态以新审计为准,Chehsmeh-Khosh,已列资产或新增原文确认；新来源、资产层级与数据期见当前逐行审计；旧值不自动沿用,https://www.eia.gov/international/content/analysis/countries_long/Iran/pdf/Iran%20CAB%202024.pdf,https://www.eia.gov/international/content/analysis/countries_long/Iran/pdf/Iran%20CAB%202024.pdf,,None,undisclosed,不适用
伊朗,Danan,纳入当前目录；现时产量/状态以新审计为准,Danan,已列资产或新增原文确认；新来源、资产层级与数据期见当前逐行审计；旧值不自动沿用,https://www.eia.gov/international/content/analysis/countries_long/Iran/pdf/Iran%20CAB%202024.pdf,https://www.eia.gov/international/content/analysis/countries_long/Iran/pdf/Iran%20CAB%202024.pdf,,None,undisclosed,不适用
伊朗,Paydar,纳入当前目录；现时产量/状态以新审计为准,Paydar,已列资产或新增原文确认；新来源、资产层级与数据期见当前逐行审计；旧值不自动沿用,https://www.eia.gov/international/content/analysis/countries_long/Iran/pdf/Iran%20CAB%202024.pdf,https://www.eia.gov/international/content/analysis/countries_long/Iran/pdf/Iran%20CAB%202024.pdf,,None,undisclosed,不适用
伊朗,Changuleh,纳入当前目录；现时产量/状态以新审计为准,Changuleh,已列资产或新增原文确认；新来源、资产层级与数据期见当前逐行审计；旧值不自动沿用,https://www.eia.gov/international/content/analysis/countries_long/Iran/pdf/Iran%20CAB%202024.pdf,https://www.eia.gov/international/content/analysis/countries_long/Iran/pdf/Iran%20CAB%202024.pdf,,None,undisclosed,不适用
伊朗,Dalpari,纳入当前目录；现时产量/状态以新审计为准,Dalpari,已列资产或新增原文确认；新来源、资产层级与数据期见当前逐行审计；旧值不自动沿用,https://www.eia.gov/international/content/analysis/countries_long/Iran/pdf/Iran%20CAB%202024.pdf,https://www.eia.gov/international/content/analysis/countries_long/Iran/pdf/Iran%20CAB%202024.pdf,,None,undisclosed,不适用
伊朗,South Pars,纳入当前目录；现时产量/状态以新审计为准,South Pars,已列资产或新增原文确认；新来源、资产层级与数据期见当前逐行审计；旧值不自动沿用,https://www.eia.gov/international/content/analysis/countries_long/Iran/pdf/Iran%20CAB%202024.pdf,https://www.eia.gov/international/content/analysis/countries_long/Iran/pdf/Iran%20CAB%202024.pdf,,None,undisclosed,不适用
科威特,Burgan,纳入当前目录；现时产量/状态以新审计为准,Burgan,已列资产或新增原文确认；新来源、资产层级与数据期见当前逐行审计；旧值不自动沿用,https://www.kockw.com/sites/EN/Pages/Profile/whoAreWe/KOC-History.aspx,https://www.kockw.com/sites/EN/Pages/Profile/whoAreWe/KOC-History.aspx,,None,undisclosed,不适用
科威特,Magwa,纳入当前目录；现时产量/状态以新审计为准,Magwa,已列资产或新增原文确认；新来源、资产层级与数据期见当前逐行审计；旧值不自动沿用,https://www.kockw.com/sites/EN/Pages/Profile/whoAreWe/KOC-History.aspx,https://www.kockw.com/sites/EN/Pages/Profile/whoAreWe/KOC-History.aspx,,None,undisclosed,不适用
科威特,Ahmadi,纳入当前目录；现时产量/状态以新审计为准,Ahmadi,已列资产或新增原文确认；新来源、资产层级与数据期见当前逐行审计；旧值不自动沿用,https://www.kockw.com/sites/EN/Pages/Profile/whoAreWe/KOC-History.aspx,https://www.kockw.com/sites/EN/Pages/Profile/whoAreWe/KOC-History.aspx,,None,undisclosed,不适用
科威特,Raudhatain,纳入当前目录；现时产量/状态以新审计为准,Raudhatain,已列资产或新增原文确认；新来源、资产层级与数据期见当前逐行审计；旧值不自动沿用,https://www.kockw.com/sites/EN/Pages/Profile/whoAreWe/KOC-History.aspx,https://www.kockw.com/sites/EN/Pages/Profile/whoAreWe/KOC-History.aspx,,None,undisclosed,不适用
科威特,Sabriya,纳入当前目录；现时产量/状态以新审计为准,Sabriya,已列资产或新增原文确认；新来源、资产层级与数据期见当前逐行审计；旧值不自动沿用,https://www.kockw.com/sites/EN/Pages/Profile/whoAreWe/KOC-History.aspx,https://www.kockw.com/sites/EN/Pages/Profile/whoAreWe/KOC-History.aspx,,None,undisclosed,不适用
科威特,Bahra,纳入当前目录；现时产量/状态以新审计为准,Bahra,已列资产或新增原文确认；新来源、资产层级与数据期见当前逐行审计；旧值不自动沿用,https://www.kockw.com/sites/EN/Pages/Profile/whoAreWe/KOC-History.aspx,https://www.kockw.com/sites/EN/Pages/Profile/whoAreWe/KOC-History.aspx,,None,undisclosed,不适用
科威特,Ratqa,纳入当前目录；现时产量/状态以新审计为准,Ratqa,已列资产或新增原文确认；新来源、资产层级与数据期见当前逐行审计；旧值不自动沿用,https://www.kockw.com/sites/EN/Pages/Profile/whoAreWe/KOC-History.aspx,https://www.kockw.com/sites/EN/Pages/Profile/whoAreWe/KOC-History.aspx,,None,undisclosed,不适用
科威特,Umm Niqa,纳入当前目录；现时产量/状态以新审计为准,Umm Niqa,已列资产或新增原文确认；新来源、资产层级与数据期见当前逐行审计；旧值不自动沿用,https://www.kockw.com/sites/EN/Annual%20Reports/2023%20-%202024%20English.pdf,https://www.kockw.com/sites/EN/Annual%20Reports/2023%20-%202024%20English.pdf,22.14,None,undisclosed,不适用
科威特,South Ratqa,纳入当前目录；现时产量/状态以新审计为准,South Ratqa,已列资产或新增原文确认；新来源、资产层级与数据期见当前逐行审计；旧值不自动沿用,https://www.kockw.com/sites/EN/Pages/Profile/whoAreWe/KOC-History.aspx,https://www.kockw.com/sites/EN/Pages/Profile/whoAreWe/KOC-History.aspx,,None,undisclosed,不适用
科威特,Minagish,纳入当前目录；现时产量/状态以新审计为准,Minagish,已列资产或新增原文确认；新来源、资产层级与数据期见当前逐行审计；旧值不自动沿用,https://www.kockw.com/sites/EN/Pages/Profile/whoAreWe/KOC-History.aspx,https://www.kockw.com/sites/EN/Pages/Profile/whoAreWe/KOC-History.aspx,,None,undisclosed,不适用
科威特,Umm Gudair,纳入当前目录；现时产量/状态以新审计为准,Umm Gudair,已列资产或新增原文确认；新来源、资产层级与数据期见当前逐行审计；旧值不自动沿用,https://www.kockw.com/sites/EN/Pages/Profile/whoAreWe/KOC-History.aspx,https://www.kockw.com/sites/EN/Pages/Profile/whoAreWe/KOC-History.aspx,,None,undisclosed,不适用
科威特,Abdali,纳入当前目录；现时产量/状态以新审计为准,Abdali,已列资产或新增原文确认；新来源、资产层级与数据期见当前逐行审计；旧值不自动沿用,https://www.kockw.com/sites/EN/Pages/Profile/whoAreWe/KOC-History.aspx,https://www.kockw.com/sites/EN/Pages/Profile/whoAreWe/KOC-History.aspx,,None,undisclosed,不适用
科威特,Wafra,纳入当前目录；现时产量/状态以新审计为准,Wafra,已列资产或新增原文确认；新来源、资产层级与数据期见当前逐行审计；旧值不自动沿用,https://www.kockw.com/sites/EN/Pages/Profile/whoAreWe/KOC-History.aspx,https://www.kockw.com/sites/EN/Pages/Profile/whoAreWe/KOC-History.aspx,,None,undisclosed,不适用
科威特,Khafji,纳入当前目录；现时产量/状态以新审计为准,Khafji,已列资产或新增原文确认；新来源、资产层级与数据期见当前逐行审计；旧值不自动沿用,https://www.kockw.com/sites/EN/Pages/Profile/whoAreWe/KOC-History.aspx,https://www.kockw.com/sites/EN/Pages/Profile/whoAreWe/KOC-History.aspx,,None,undisclosed,不适用
科威特,Nokhetha,纳入当前目录；现时产量/状态以新审计为准,Nokhetha,已列资产或新增原文确认；新来源、资产层级与数据期见当前逐行审计；旧值不自动沿用,https://www.kockw.com/sites/EN/Annual%20Reports/2024-2025%20English.pdf,https://www.kockw.com/sites/EN/Annual%20Reports/2024-2025%20English.pdf,,None,undisclosed,不适用
科威特,Julaiah,纳入当前目录；现时产量/状态以新审计为准,Julaiah,已列资产或新增原文确认；新来源、资产层级与数据期见当前逐行审计；旧值不自动沿用,https://www.kockw.com/sites/EN/Annual%20Reports/2024-2025%20English.pdf,https://www.kockw.com/sites/EN/Annual%20Reports/2024-2025%20English.pdf,,None,undisclosed,不适用
科威特,Mutriba,纳入当前目录；现时产量/状态以新审计为准,Mutriba,已列资产或新增原文确认；新来源、资产层级与数据期见当前逐行审计；旧值不自动沿用,https://www.kockw.com/sites/EN/EMagazine/Pages/Events/1032.aspx,https://www.kockw.com/sites/EN/EMagazine/Pages/Events/1032.aspx,,None,undisclosed,不适用
科威特,Shaham,纳入当前目录；现时产量/状态以新审计为准,Shaham,已列资产或新增原文确认；新来源、资产层级与数据期见当前逐行审计；旧值不自动沿用,https://www.kockw.com/sites/EN/Annual%20Reports/2024-2025%20English.pdf,https://www.kockw.com/sites/EN/Annual%20Reports/2024-2025%20English.pdf,,None,undisclosed,不适用
科威特,Kra-al-Maru,纳入当前目录；现时产量/状态以新审计为准,Kra-al-Maru,已列资产或新增原文确认；新来源、资产层级与数据期见当前逐行审计；旧值不自动沿用,https://www.kockw.com/sites/EN/Annual%20Reports/2024-2025%20English.pdf,https://www.kockw.com/sites/EN/Annual%20Reports/2024-2025%20English.pdf,,None,undisclosed,不适用
卡塔尔,Al Shaheen,纳入当前目录；现时产量/状态以新审计为准,Al Shaheen,已列资产或新增原文确认；新来源、资产层级与数据期见当前逐行审计；旧值不自动沿用,https://www.qatarenergy.qa/en/MediaCenter/Publications/QatarEnergy_Investors_Presentation_November_2025.pdf,https://www.qatarenergy.qa/en/MediaCenter/Publications/QatarEnergy_Investors_Presentation_November_2025.pdf,280.1,280.1,actual_output,不适用
卡塔尔,Dukhan,纳入当前目录；现时产量/状态以新审计为准,Dukhan,已列资产或新增原文确认；新来源、资产层级与数据期见当前逐行审计；旧值不自动沿用,https://www.qatarenergy.qa/en/MediaCenter/Publications/QatarEnergy_Investors_Presentation_November_2025.pdf,https://www.qatarenergy.qa/en/MediaCenter/Publications/QatarEnergy_Investors_Presentation_November_2025.pdf,176.4,176.4,actual_output,不适用
卡塔尔,Al-Rayyan,纳入当前目录；现时产量/状态以新审计为准,Al-Rayyan,已列资产或新增原文确认；新来源、资产层级与数据期见当前逐行审计；旧值不自动沿用,https://www.qatarenergy.qa/en/MediaCenter/Publications/QatarEnergy_Investors_Presentation_November_2025.pdf,https://www.qatarenergy.qa/en/MediaCenter/Publications/QatarEnergy_Investors_Presentation_November_2025.pdf,3.6,3.6,actual_output,不适用
卡塔尔,Al-Khaleej,纳入当前目录；现时产量/状态以新审计为准,Al-Khaleej,已列资产或新增原文确认；新来源、资产层级与数据期见当前逐行审计；旧值不自动沿用,https://www.qatarenergy.qa/en/MediaCenter/Publications/QatarEnergy_Investors_Presentation_November_2025.pdf,https://www.qatarenergy.qa/en/MediaCenter/Publications/QatarEnergy_Investors_Presentation_November_2025.pdf,23.4,23.4,actual_output,不适用
卡塔尔,Idd El-Sharqi,纳入当前目录；现时产量/状态以新审计为准,Idd El-Sharqi,已列资产或新增原文确认；新来源、资产层级与数据期见当前逐行审计；旧值不自动沿用,https://www.qatarenergy.qa/en/MediaCenter/Publications/QatarEnergy_Investors_Presentation_November_2025.pdf,https://www.qatarenergy.qa/en/MediaCenter/Publications/QatarEnergy_Investors_Presentation_November_2025.pdf,54.4,54.4,actual_output,不适用
卡塔尔,Karkara,纳入当前目录；现时产量/状态以新审计为准,Karkara,已列资产或新增原文确认；新来源、资产层级与数据期见当前逐行审计；旧值不自动沿用,https://www.qatarenergy.qa/en/MediaCenter/Publications/QatarEnergy_Investors_Presentation_November_2025.pdf,https://www.qatarenergy.qa/en/MediaCenter/Publications/QatarEnergy_Investors_Presentation_November_2025.pdf,,None,undisclosed,不适用
卡塔尔,Maydan Mahzam,纳入当前目录；现时产量/状态以新审计为准,Maydan Mahzam,已列资产或新增原文确认；新来源、资产层级与数据期见当前逐行审计；旧值不自动沿用,https://www.qatarenergy.qa/en/MediaCenter/Publications/QatarEnergy_Investors_Presentation_November_2025.pdf,https://www.qatarenergy.qa/en/MediaCenter/Publications/QatarEnergy_Investors_Presentation_November_2025.pdf,16.2,16.2,actual_output,不适用
卡塔尔,Bul Hanine,纳入当前目录；现时产量/状态以新审计为准,Bul Hanine,已列资产或新增原文确认；新来源、资产层级与数据期见当前逐行审计；旧值不自动沿用,https://www.qatarenergy.qa/en/MediaCenter/Publications/QatarEnergy_Investors_Presentation_November_2025.pdf,https://www.qatarenergy.qa/en/MediaCenter/Publications/QatarEnergy_Investors_Presentation_November_2025.pdf,35.1,35.1,actual_output,不适用
卡塔尔,Al-Murjan,纳入当前目录；现时产量/状态以新审计为准,Al-Murjan,已列资产或新增原文确认；新来源、资产层级与数据期见当前逐行审计；旧值不自动沿用,https://www.qatarenergy.qa/en/Whatwedo/Pages/ExplorationandProduction.aspx,https://www.qatarenergy.qa/en/Whatwedo/Pages/ExplorationandProduction.aspx,,None,undisclosed,不适用
卡塔尔,North Field,纳入当前目录；现时产量/状态以新审计为准,North Field,已列资产或新增原文确认；新来源、资产层级与数据期见当前逐行审计；旧值不自动沿用,https://www.qatarenergy.qa/en/MediaCenter/Publications/QatarEnergy_Investors_Presentation_November_2025.pdf,https://www.qatarenergy.qa/en/MediaCenter/Publications/QatarEnergy_Investors_Presentation_November_2025.pdf,,None,undisclosed,不适用
卡塔尔,A-Structures (A-North / A-South),纳入当前目录；现时产量/状态以新审计为准,A-Structures (A-North / A-South),已列资产或新增原文确认；新来源、资产层级与数据期见当前逐行审计；旧值不自动沿用,https://qna.org.qa/en/news/news-details?date=23%2F12%2F2022&id=0056-qatarenergy-signs-agreement-with-qpd-to-continue-al-karkara%2C-a-structures-offshore-fields-development-and-production,https://qna.org.qa/en/news/news-details?date=23%2F12%2F2022&id=0056-qatarenergy-signs-agreement-with-qpd-to-continue-al-karkara%2C-a-structures-offshore-fields-development-and-production,,None,undisclosed,不适用
卡塔尔,A-North,纳入当前目录；现时产量/状态以新审计为准,A-North,已列资产或新增原文确认；新来源、资产层级与数据期见当前逐行审计；旧值不自动沿用,https://qna.org.qa/en/news/news-details?date=23%2F12%2F2022&id=0056-qatarenergy-signs-agreement-with-qpd-to-continue-al-karkara%2C-a-structures-offshore-fields-development-and-production,https://qna.org.qa/en/news/news-details?date=23%2F12%2F2022&id=0056-qatarenergy-signs-agreement-with-qpd-to-continue-al-karkara%2C-a-structures-offshore-fields-development-and-production,,None,undisclosed,不适用
卡塔尔,A-South,纳入当前目录；现时产量/状态以新审计为准,A-South,已列资产或新增原文确认；新来源、资产层级与数据期见当前逐行审计；旧值不自动沿用,https://qna.org.qa/en/news/news-details?date=23%2F12%2F2022&id=0056-qatarenergy-signs-agreement-with-qpd-to-continue-al-karkara%2C-a-structures-offshore-fields-development-and-production,https://qna.org.qa/en/news/news-details?date=23%2F12%2F2022&id=0056-qatarenergy-signs-agreement-with-qpd-to-continue-al-karkara%2C-a-structures-offshore-fields-development-and-production,,None,undisclosed,不适用
阿曼,Mukhaizna,纳入当前目录；现时产量/状态以新审计为准,Mukhaizna,已列资产或新增原文确认；新来源、资产层级与数据期见当前逐行审计；旧值不自动沿用,https://www.oxy.com/operations/performance-production/,https://www.oxy.com/operations/performance-production/,,None,undisclosed,不适用
阿曼,Yibal,纳入当前目录；现时产量/状态以新审计为准,Yibal,已列资产或新增原文确认；新来源、资产层级与数据期见当前逐行审计；旧值不自动沿用,https://www.gem.wiki/Yibal_Oil_and_Gas_Field_(Oman),https://www.gem.wiki/Yibal_Oil_and_Gas_Field_(Oman),,None,undisclosed,不适用
阿曼,Natih,纳入当前目录；现时产量/状态以新审计为准,Natih,已列资产或新增原文确认；新来源、资产层级与数据期见当前逐行审计；旧值不自动沿用,https://www.pdo.co.om/en/Pages/WhoWeAre/OurJourney.aspx,https://www.pdo.co.om/en/Pages/WhoWeAre/OurJourney.aspx,,None,undisclosed,不适用
阿曼,Fahud,纳入当前目录；现时产量/状态以新审计为准,Fahud,已列资产或新增原文确认；新来源、资产层级与数据期见当前逐行审计；旧值不自动沿用,https://www.pdo.co.om/en/Pages/WhoWeAre/OurJourney.aspx,https://www.pdo.co.om/en/Pages/WhoWeAre/OurJourney.aspx,,None,undisclosed,不适用
阿曼,Qarn Alam,纳入当前目录；现时产量/状态以新审计为准,Qarn Alam,已列资产或新增原文确认；新来源、资产层级与数据期见当前逐行审计；旧值不自动沿用,https://www.pdo.co.om/en/Pages/WhoWeAre/OurJourney.aspx,https://www.pdo.co.om/en/Pages/WhoWeAre/OurJourney.aspx,,None,undisclosed,不适用
阿曼,Marmul,纳入当前目录；现时产量/状态以新审计为准,Marmul,已列资产或新增原文确认；新来源、资产层级与数据期见当前逐行审计；旧值不自动沿用,https://www.pdo.co.om/en/Pages/WhoWeAre/OurJourney.aspx,https://www.pdo.co.om/en/Pages/WhoWeAre/OurJourney.aspx,,None,undisclosed,不适用
阿曼,Nimr,纳入当前目录；现时产量/状态以新审计为准,Nimr,已列资产或新增原文确认；新来源、资产层级与数据期见当前逐行审计；旧值不自动沿用,https://www.pdo.co.om/en/Pages/WhoWeAre/OurJourney.aspx,https://www.pdo.co.om/en/Pages/WhoWeAre/OurJourney.aspx,,None,undisclosed,不适用
阿曼,Lekhwair,纳入当前目录；现时产量/状态以新审计为准,Lekhwair,已列资产或新增原文确认；新来源、资产层级与数据期见当前逐行审计；旧值不自动沿用,https://www.pdo.co.om/en/Pages/WhoWeAre/OurJourney.aspx,https://www.pdo.co.om/en/Pages/WhoWeAre/OurJourney.aspx,,None,undisclosed,不适用
阿曼,Bahja,纳入当前目录；现时产量/状态以新审计为准,Bahja,已列资产或新增原文确认；新来源、资产层级与数据期见当前逐行审计；旧值不自动沿用,https://www.pdo.co.om/en/Pages/WhoWeAre/OurJourney.aspx,https://www.pdo.co.om/en/Pages/WhoWeAre/OurJourney.aspx,,None,undisclosed,不适用
阿曼,Harweel,纳入当前目录；现时产量/状态以新审计为准,Harweel,已列资产或新增原文确认；新来源、资产层级与数据期见当前逐行审计；旧值不自动沿用,https://www.pdo.co.om/en/Pages/WhoWeAre/OurJourney.aspx,https://www.pdo.co.om/en/Pages/WhoWeAre/OurJourney.aspx,,None,undisclosed,不适用
阿曼,Amal,纳入当前目录；现时产量/状态以新审计为准,Amal,已列资产或新增原文确认；新来源、资产层级与数据期见当前逐行审计；旧值不自动沿用,https://www.pdo.co.om/en/Pages/WhoWeAre/OurJourney.aspx,https://www.pdo.co.om/en/Pages/WhoWeAre/OurJourney.aspx,,None,undisclosed,不适用
阿曼,Zalzala,纳入当前目录；现时产量/状态以新审计为准,Zalzala,已列资产或新增原文确认；新来源、资产层级与数据期见当前逐行审计；旧值不自动沿用,https://www.pdo.co.om/en/PDOSERVICES/Sustainability%20Report%202024%20English.pdf,https://www.pdo.co.om/en/PDOSERVICES/Sustainability%20Report%202024%20English.pdf,,None,undisclosed,不适用
阿曼,Haima West,纳入当前目录；现时产量/状态以新审计为准,Haima West,已列资产或新增原文确认；新来源、资产层级与数据期见当前逐行审计；旧值不自动沿用,https://www.pdo.co.om/en/PDOSERVICES/Sustainability%20Report%202024%20English.pdf,https://www.pdo.co.om/en/PDOSERVICES/Sustainability%20Report%202024%20English.pdf,,None,undisclosed,不适用
阿曼,Al Noor,纳入当前目录；现时产量/状态以新审计为准,Al Noor,已列资产或新增原文确认；新来源、资产层级与数据期见当前逐行审计；旧值不自动沿用,https://www.pdo.co.om/en/PDOSERVICES/Sustainability%20Report%202024%20English.pdf,https://www.pdo.co.om/en/PDOSERVICES/Sustainability%20Report%202024%20English.pdf,,None,undisclosed,不适用
阿曼,Nimr-A,纳入当前目录；现时产量/状态以新审计为准,Nimr-A,已列资产或新增原文确认；新来源、资产层级与数据期见当前逐行审计；旧值不自动沿用,https://www.pdo.co.om/en/PDOSERVICES/Sustainability%20Report%202024%20English.pdf,https://www.pdo.co.om/en/PDOSERVICES/Sustainability%20Report%202024%20English.pdf,,None,undisclosed,不适用
阿曼,Nimr-E,纳入当前目录；现时产量/状态以新审计为准,Nimr-E,已列资产或新增原文确认；新来源、资产层级与数据期见当前逐行审计；旧值不自动沿用,https://www.pdo.co.om/en/PDOSERVICES/Sustainability%20Report%202024%20English.pdf,https://www.pdo.co.om/en/PDOSERVICES/Sustainability%20Report%202024%20English.pdf,,None,undisclosed,不适用
阿曼,Budour Northeast,纳入当前目录；现时产量/状态以新审计为准,Budour Northeast,已列资产或新增原文确认；新来源、资产层级与数据期见当前逐行审计；旧值不自动沿用,https://www.pdo.co.om/en/Pages/WhoWeAre/OurJourney.aspx,https://www.pdo.co.om/en/Pages/WhoWeAre/OurJourney.aspx,,None,undisclosed,不适用
阿曼,Block 50 (Masirah),纳入当前目录；现时产量/状态以新审计为准,Block 50 (Masirah),已列资产或新增原文确认；新来源、资产层级与数据期见当前逐行审计；旧值不自动沿用,https://www.masirahoil.om/post/production-update-march-2026,https://www.masirahoil.om/post/production-update-march-2026,,None,undisclosed,不适用
阿曼,Yumna,纳入当前目录；现时产量/状态以新审计为准,Yumna,已列资产或新增原文确认；新来源、资产层级与数据期见当前逐行审计；旧值不自动沿用,https://www.masirahoil.om/post/production-update-march-2026,https://www.masirahoil.om/post/production-update-march-2026,742,742,actual_output,不适用
阿曼,Bisat,纳入当前目录；现时产量/状态以新审计为准,Bisat,已列资产或新增原文确认；新来源、资产层级与数据期见当前逐行审计；旧值不自动沿用,https://oq.com/en/news-and-media/newsroom/20230126-oq-celebrates-inauguration-of-bisat-oil-field,https://oq.com/en/news-and-media/newsroom/20230126-oq-celebrates-inauguration-of-bisat-oil-field,,None,undisclosed,不适用
阿曼,Block 5 (Daleel),纳入当前目录；现时产量/状态以新审计为准,Block 5 (Daleel),已列资产或新增原文确认；新来源、资产层级与数据期见当前逐行审计；旧值不自动沿用,https://daleelpetroleum.com/operational-excellence/production,https://daleelpetroleum.com/operational-excellence/production,50,50,actual_output,不适用
阿曼,Daleel,纳入当前目录；现时产量/状态以新审计为准,Daleel,已列资产或新增原文确认；新来源、资产层级与数据期见当前逐行审计；旧值不自动沿用,https://daleelpetroleum.com/operational-excellence/production,https://daleelpetroleum.com/operational-excellence/production,,None,undisclosed,不适用
阿曼,Shadi,纳入当前目录；现时产量/状态以新审计为准,Shadi,已列资产或新增原文确认；新来源、资产层级与数据期见当前逐行审计；旧值不自动沿用,https://daleelpetroleum.com/operational-excellence/production,https://daleelpetroleum.com/operational-excellence/production,,None,undisclosed,不适用
阿曼,Bushra,纳入当前目录；现时产量/状态以新审计为准,Bushra,已列资产或新增原文确认；新来源、资产层级与数据期见当前逐行审计；旧值不自动沿用,https://daleelpetroleum.com/operational-excellence/production,https://daleelpetroleum.com/operational-excellence/production,,None,undisclosed,不适用
阿曼,Mazoon,纳入当前目录；现时产量/状态以新审计为准,Mazoon,已列资产或新增原文确认；新来源、资产层级与数据期见当前逐行审计；旧值不自动沿用,https://daleelpetroleum.com/operational-excellence/production,https://daleelpetroleum.com/operational-excellence/production,,None,undisclosed,不适用
阿曼,Furat,纳入当前目录；现时产量/状态以新审计为准,Furat,已列资产或新增原文确认；新来源、资产层级与数据期见当前逐行审计；旧值不自动沿用,https://daleelpetroleum.com/operational-excellence/production,https://daleelpetroleum.com/operational-excellence/production,,None,undisclosed,不适用
阿曼,Thahab,纳入当前目录；现时产量/状态以新审计为准,Thahab,已列资产或新增原文确认；新来源、资产层级与数据期见当前逐行审计；旧值不自动沿用,https://daleelpetroleum.com/media/news/2023/daleel-petroleum-a-journey-of-excellence,https://daleelpetroleum.com/media/news/2023/daleel-petroleum-a-journey-of-excellence,,None,undisclosed,不适用
阿曼,Block 9 (Oman),纳入当前目录；现时产量/状态以新审计为准,Block 9 (Oman),已列资产或新增原文确认；新来源、资产层级与数据期见当前逐行审计；旧值不自动沿用,https://www.oxy.com/operations/performance-production/,https://www.oxy.com/operations/performance-production/,,None,undisclosed,不适用
阿曼,Block 27 (Oman),纳入当前目录；现时产量/状态以新审计为准,Block 27 (Oman),已列资产或新增原文确认；新来源、资产层级与数据期见当前逐行审计；旧值不自动沿用,https://www.oxy.com/operations/performance-production/,https://www.oxy.com/operations/performance-production/,,None,undisclosed,不适用
阿曼,Safah,纳入当前目录；现时产量/状态以新审计为准,Safah,已列资产或新增原文确认；新来源、资产层级与数据期见当前逐行审计；旧值不自动沿用,https://www.oxy.com/operations/performance-production/,https://www.oxy.com/operations/performance-production/,,None,undisclosed,不适用
阿曼,Wadi Latham,纳入当前目录；现时产量/状态以新审计为准,Wadi Latham,已列资产或新增原文确认；新来源、资产层级与数据期见当前逐行审计；旧值不自动沿用,https://www.oxy.com/operations/performance-production/,https://www.oxy.com/operations/performance-production/,,None,undisclosed,不适用
阿曼,Khamilah,纳入当前目录；现时产量/状态以新审计为准,Khamilah,已列资产或新增原文确认；新来源、资产层级与数据期见当前逐行审计；旧值不自动沿用,https://www.oxy.com/operations/performance-production/,https://www.oxy.com/operations/performance-production/,,None,undisclosed,不适用
阿曼,Wadi Aswad North,纳入当前目录；现时产量/状态以新审计为准,Wadi Aswad North,已列资产或新增原文确认；新来源、资产层级与数据期见当前逐行审计；旧值不自动沿用,https://www.oxy.com/operations/performance-production/,https://www.oxy.com/operations/performance-production/,,None,undisclosed,不适用
阿曼,Safah North B,纳入当前目录；现时产量/状态以新审计为准,Safah North B,已列资产或新增原文确认；新来源、资产层级与数据期见当前逐行审计；旧值不自动沿用,https://www.oxy.com/operations/performance-production/,https://www.oxy.com/operations/performance-production/,,None,undisclosed,不适用
阿曼,Block 8 (Oman),纳入当前目录；现时产量/状态以新审计为准,Block 8 (Oman),已列资产或新增原文确认；新来源、资产层级与数据期见当前逐行审计；旧值不自动沿用,https://www.oqep.om/operation,https://www.oqep.om/operation,,None,undisclosed,不适用
阿曼,Block 7 (Oman),纳入当前目录；现时产量/状态以新审计为准,Block 7 (Oman),已列资产或新增原文确认；新来源、资产层级与数据期见当前逐行审计；旧值不自动沿用,https://www.oqep.om/operation,https://www.oqep.om/operation,,None,undisclosed,不适用
阿曼,Block 60 (Oman),纳入当前目录；现时产量/状态以新审计为准,Block 60 (Oman),已列资产或新增原文确认；新来源、资产层级与数据期见当前逐行审计；旧值不自动沿用,https://oqep.om/UploadsAll/IRFiles/1781008603725OQEP_2025_Annual_Report.pdf,https://www.oqep.om/operation,>70,None,undisclosed,不适用
阿曼,Block 61 (Oman),纳入当前目录；现时产量/状态以新审计为准,Block 61 (Oman),已列资产或新增原文确认；新来源、资产层级与数据期见当前逐行审计；旧值不自动沿用,https://www.oqep.om/operation,https://www.oqep.om/operation,,None,undisclosed,不适用
阿曼,West Bukha,纳入当前目录；现时产量/状态以新审计为准,West Bukha,已列资产或新增原文确认；新来源、资产层级与数据期见当前逐行审计；旧值不自动沿用,https://www.oqep.om/operation,https://www.oqep.om/operation,,None,undisclosed,不适用
阿曼,Bukha,纳入当前目录；现时产量/状态以新审计为准,Bukha,已列资产或新增原文确认；新来源、资产层级与数据期见当前逐行审计；旧值不自动沿用,https://www.oqep.om/operation,https://www.oqep.om/operation,,None,undisclosed,不适用
阿曼,Sahma,纳入当前目录；现时产量/状态以新审计为准,Sahma,已列资产或新增原文确认；新来源、资产层级与数据期见当前逐行审计；旧值不自动沿用,https://www.oqep.om/operation,https://www.oqep.om/operation,,None,undisclosed,不适用
阿曼,Abu Butabul,纳入当前目录；现时产量/状态以新审计为准,Abu Butabul,已列资产或新增原文确认；新来源、资产层级与数据期见当前逐行审计；旧值不自动沿用,https://www.oqep.om/operation,https://www.oqep.om/operation,,None,undisclosed,不适用
阿曼,Khazzan,纳入当前目录；现时产量/状态以新审计为准,Khazzan,已列资产或新增原文确认；新来源、资产层级与数据期见当前逐行审计；旧值不自动沿用,https://www.oqep.om/operation,https://www.oqep.om/operation,,None,undisclosed,不适用
阿曼,Ghazeer,纳入当前目录；现时产量/状态以新审计为准,Ghazeer,已列资产或新增原文确认；新来源、资产层级与数据期见当前逐行审计；旧值不自动沿用,https://www.oqep.om/operation,https://www.oqep.om/operation,,None,undisclosed,不适用
巴林,Bahrain Field (Awali),纳入当前目录；现时产量/状态以新审计为准,Bahrain Field (Awali),已列资产或新增原文确认；新来源、资产层级与数据期见当前逐行审计；旧值不自动沿用,https://unfccc.int/sites/default/files/resource/30112025_Bahrain%27s_BTR1_2024_to_the_UNFCCC_vSubmitted.pdf,https://unfccc.int/sites/default/files/resource/30112025_Bahrain%27s_BTR1_2024_to_the_UNFCCC_vSubmitted.pdf,39.5,39.5,actual_output,不适用
巴林,Abu Safah,纳入当前目录；现时产量/状态以新审计为准,Abu Safah,已列资产或新增原文确认；新来源、资产层级与数据期见当前逐行审计；旧值不自动沿用,https://www.bapco.net/en/page/crude-and-petroleum-products,https://www.bapco.net/en/page/crude-and-petroleum-products,300,300,capacity,不适用
也门,Block 14 (Masila),纳入当前目录；现时产量/状态以新审计为准,Block 14 (Masila),已列资产或新增原文确认；新来源、资产层级与数据期见当前逐行审计；旧值不自动沿用,https://mom-ye.com/site-en/,https://mom-ye.com/site-en/,,None,undisclosed,不适用
也门,Block 10 (East Shabwa),纳入当前目录；现时产量/状态以新审计为准,Block 10 (East Shabwa),已列资产或新增原文确认；新来源、资产层级与数据期见当前逐行审计；旧值不自动沿用,https://mom-ye.com/site-en/,https://mom-ye.com/site-en/,,None,undisclosed,不适用
也门,Block 32 (Hawareem),纳入当前目录；现时产量/状态以新审计为准,Block 32 (Hawareem),已列资产或新增原文确认；新来源、资产层级与数据期见当前逐行审计；旧值不自动沿用,https://mom-ye.com/site-en/,https://mom-ye.com/site-en/,,None,undisclosed,不适用
也门,Tasour,纳入当前目录；现时产量/状态以新审计为准,Tasour,已列资产或新增原文确认；新来源、资产层级与数据期见当前逐行审计；旧值不自动沿用,https://pepaye.com/production/plan,https://pepaye.com/production/plan,,None,undisclosed,不适用
也门,Godah,纳入当前目录；现时产量/状态以新审计为准,Godah,已列资产或新增原文确认；新来源、资产层级与数据期见当前逐行审计；旧值不自动沿用,https://pepaye.com/production/plan,https://pepaye.com/production/plan,,None,undisclosed,不适用
也门,Block 18 (Marib),纳入当前目录；现时产量/状态以新审计为准,Block 18 (Marib),已列资产或新增原文确认；新来源、资产层级与数据期见当前逐行审计；旧值不自动沿用,https://www.eia.gov/international/content/analysis/countries_long/Yemen/yemen.pdf,https://www.eia.gov/international/content/analysis/countries_long/Yemen/yemen.pdf,,None,undisclosed,不适用
也门,Alif,纳入当前目录；现时产量/状态以新审计为准,Alif,已列资产或新增原文确认；新来源、资产层级与数据期见当前逐行审计；旧值不自动沿用,https://mom-ye.com/site-en/,https://mom-ye.com/site-en/,,None,undisclosed,不适用
也门,Block 5 (Jannah),纳入当前目录；现时产量/状态以新审计为准,Block 5 (Jannah),已列资产或新增原文确认；新来源、资产层级与数据期见当前逐行审计；旧值不自动沿用,https://www.pepaye.com/page/67,https://www.pepaye.com/page/67,50,50,actual_output,不适用
也门,Block S2 (Uqlah),纳入当前目录；现时产量/状态以新审计为准,Block S2 (Uqlah),已列资产或新增原文确认；新来源、资产层级与数据期见当前逐行审计；旧值不自动沿用,https://pepaye.com/production/plan,https://pepaye.com/production/plan,,None,undisclosed,不适用
也门,Habban,纳入当前目录；现时产量/状态以新审计为准,Habban,已列资产或新增原文确认；新来源、资产层级与数据期见当前逐行审计；旧值不自动沿用,https://www.eia.gov/international/content/analysis/countries_long/Yemen/yemen.pdf,https://www.eia.gov/international/content/analysis/countries_long/Yemen/yemen.pdf,,None,undisclosed,不适用
也门,Block 9 (Malik),纳入当前目录；现时产量/状态以新审计为准,Block 9 (Malik),已列资产或新增原文确认；新来源、资产层级与数据期见当前逐行审计；旧值不自动沿用,https://www.eia.gov/international/content/analysis/countries_long/Yemen/yemen.pdf,https://www.eia.gov/international/content/analysis/countries_long/Yemen/yemen.pdf,,None,undisclosed,不适用
也门,Hiswah (Haswa),纳入当前目录；现时产量/状态以新审计为准,Hiswah (Haswa),已列资产或新增原文确认；新来源、资产层级与数据期见当前逐行审计；旧值不自动沿用,https://pepaye.com/production/plan,https://pepaye.com/production/plan,,None,undisclosed,不适用
也门,Alroidhat (Al-Rowedhat),纳入当前目录；现时产量/状态以新审计为准,Alroidhat (Al-Rowedhat),已列资产或新增原文确认；新来源、资产层级与数据期见当前逐行审计；旧值不自动沿用,https://pepaye.com/production/plan,https://pepaye.com/production/plan,,None,undisclosed,不适用
也门,Qarn Qeamah,纳入当前目录；现时产量/状态以新审计为准,Qarn Qeamah,已列资产或新增原文确认；新来源、资产层级与数据期见当前逐行审计；旧值不自动沿用,https://pepaye.com/production/plan,https://pepaye.com/production/plan,,None,undisclosed,不适用
叙利亚,Rmeilan Sector One,纳入当前目录；现时产量/状态以新审计为准,Rmeilan Sector One,已列资产或新增原文确认；新来源、资产层级与数据期见当前逐行审计；旧值不自动沿用,https://www.rudaw.net/english/categories/syria/933427,https://www.rudaw.net/english/categories/syria/933427,70–80,70–80,actual_output,不适用
叙利亚,Al-Omar,纳入当前目录；现时产量/状态以新审计为准,Al-Omar,已列资产或新增原文确认；新来源、资产层级与数据期见当前逐行审计；旧值不自动沿用,https://www.lemonde.fr/en/economy/article/2026/02/22/the-syrian-oil-sector-s-year-zero_6750756_19.html,https://www.lemonde.fr/en/economy/article/2026/02/22/the-syrian-oil-sector-s-year-zero_6750756_19.html,15,15,actual_output,不适用
叙利亚,Al-Tanak,纳入当前目录；现时产量/状态以新审计为准,Al-Tanak,已列资产或新增原文确认；新来源、资产层级与数据期见当前逐行审计；旧值不自动沿用,https://www.reuters.com/business/energy/shell-seeks-exit-syrias-al-omar-oilfield-official-says-2026-01-19/,https://www.reuters.com/business/energy/shell-seeks-exit-syrias-al-omar-oilfield-official-says-2026-01-19/,,None,undisclosed,不适用
叙利亚,Al-Jafra,纳入当前目录；现时产量/状态以新审计为准,Al-Jafra,已列资产或新增原文确认；新来源、资产层级与数据期见当前逐行审计；旧值不自动沿用,https://www.reuters.com/business/energy/shell-seeks-exit-syrias-al-omar-oilfield-official-says-2026-01-19/,https://www.reuters.com/business/energy/shell-seeks-exit-syrias-al-omar-oilfield-official-says-2026-01-19/,,None,undisclosed,不适用
叙利亚,Al-Ward,纳入当前目录；现时产量/状态以新审计为准,Al-Ward,已列资产或新增原文确认；新来源、资产层级与数据期见当前逐行审计；旧值不自动沿用,https://www.reuters.com/business/energy/shell-seeks-exit-syrias-al-omar-oilfield-official-says-2026-01-19/,https://www.reuters.com/business/energy/shell-seeks-exit-syrias-al-omar-oilfield-official-says-2026-01-19/,,None,undisclosed,不适用
叙利亚,Al-Taym,纳入当前目录；现时产量/状态以新审计为准,Al-Taym,已列资产或新增原文确认；新来源、资产层级与数据期见当前逐行审计；旧值不自动沿用,https://www.reuters.com/business/energy/shell-seeks-exit-syrias-al-omar-oilfield-official-says-2026-01-19/,https://www.reuters.com/business/energy/shell-seeks-exit-syrias-al-omar-oilfield-official-says-2026-01-19/,,None,undisclosed,不适用
叙利亚,Rmeilan,纳入当前目录；现时产量/状态以新审计为准,Rmeilan,已列资产或新增原文确认；新来源、资产层级与数据期见当前逐行审计；旧值不自动沿用,https://www.reuters.com/business/energy/shell-seeks-exit-syrias-al-omar-oilfield-official-says-2026-01-19/,https://www.reuters.com/business/energy/shell-seeks-exit-syrias-al-omar-oilfield-official-says-2026-01-19/,,None,undisclosed,不适用
叙利亚,Suwaydiya,纳入当前目录；现时产量/状态以新审计为准,Suwaydiya,已列资产或新增原文确认；新来源、资产层级与数据期见当前逐行审计；旧值不自动沿用,https://www.reuters.com/business/energy/shell-seeks-exit-syrias-al-omar-oilfield-official-says-2026-01-19/,https://www.reuters.com/business/energy/shell-seeks-exit-syrias-al-omar-oilfield-official-says-2026-01-19/,,None,undisclosed,不适用
叙利亚,Qarachok,纳入当前目录；现时产量/状态以新审计为准,Qarachok,已列资产或新增原文确认；新来源、资产层级与数据期见当前逐行审计；旧值不自动沿用,https://www.rudaw.net/english/categories/syria/933427,https://www.rudaw.net/english/categories/syria/933427,,None,undisclosed,不适用
叙利亚,Hamza,纳入当前目录；现时产量/状态以新审计为准,Hamza,已列资产或新增原文确认；新来源、资产层级与数据期见当前逐行审计；旧值不自动沿用,https://www.rudaw.net/english/categories/syria/933427,https://www.rudaw.net/english/categories/syria/933427,,None,undisclosed,不适用
叙利亚,Alyan,纳入当前目录；现时产量/状态以新审计为准,Alyan,已列资产或新增原文确认；新来源、资产层级与数据期见当前逐行审计；旧值不自动沿用,https://www.rudaw.net/english/categories/syria/933427,https://www.rudaw.net/english/categories/syria/933427,,None,undisclosed,不适用
叙利亚,Sazabeh,纳入当前目录；现时产量/状态以新审计为准,Sazabeh,已列资产或新增原文确认；新来源、资产层级与数据期见当前逐行审计；旧值不自动沿用,https://www.rudaw.net/english/categories/syria/933427,https://www.rudaw.net/english/categories/syria/933427,,None,undisclosed,不适用
叙利亚,Ode,纳入当前目录；现时产量/状态以新审计为准,Ode,已列资产或新增原文确认；新来源、资产层级与数据期见当前逐行审计；旧值不自动沿用,https://www.rudaw.net/english/categories/syria/933427,https://www.rudaw.net/english/categories/syria/933427,,None,undisclosed,不适用
叙利亚,Tigris,纳入当前目录；现时产量/状态以新审计为准,Tigris,已列资产或新增原文确认；新来源、资产层级与数据期见当前逐行审计；旧值不自动沿用,https://www.rudaw.net/english/categories/syria/933427,https://www.rudaw.net/english/categories/syria/933427,,None,undisclosed,不适用
以色列,Heletz,纳入当前目录；现时产量/状态以新审计为准,Heletz,已列资产或新增原文确认；新来源、资产层级与数据期见当前逐行审计；旧值不自动沿用,https://prime.energy.gov.il/en/prime.html,https://prime.energy.gov.il/en/prime.html,,None,undisclosed,不适用
以色列,Meged,纳入当前目录；现时产量/状态以新审计为准,Meged,已列资产或新增原文确认；新来源、资产层级与数据期见当前逐行审计；旧值不自动沿用,https://prime.energy.gov.il/en/prime.html,https://prime.energy.gov.il/en/prime.html,,None,undisclosed,不适用
以色列,Leviathan,纳入当前目录；现时产量/状态以新审计为准,Leviathan,已列资产或新增原文确认；新来源、资产层级与数据期见当前逐行审计；旧值不自动沿用,https://newmedenergy.com/wp-content/uploads/2026/08/FS330062026ACCESSIBLE.pdf,https://newmedenergy.com/wp-content/uploads/2026/08/FS330062026ACCESSIBLE.pdf,,"约1,530",capacity,不适用
以色列,Tamar,纳入当前目录；现时产量/状态以新审计为准,Tamar,已列资产或新增原文确认；新来源、资产层级与数据期见当前逐行审计；旧值不自动沿用,https://prime.energy.gov.il/en/prime.html,https://prime.energy.gov.il/en/prime.html,,None,undisclosed,不适用
以色列,Karish,纳入当前目录；现时产量/状态以新审计为准,Karish,已列资产或新增原文确认；新来源、资产层级与数据期见当前逐行审计；旧值不自动沿用,https://prime.energy.gov.il/en/prime.html,https://prime.energy.gov.il/en/prime.html,,None,undisclosed,不适用
以色列,Tanin,纳入当前目录；现时产量/状态以新审计为准,Tanin,已列资产或新增原文确认；新来源、资产层级与数据期见当前逐行审计；旧值不自动沿用,https://prime.energy.gov.il/en/prime.html,https://prime.energy.gov.il/en/prime.html,,None,undisclosed,不适用
土耳其,Raman,纳入当前目录；现时产量/状态以新审计为准,Raman,已列资产或新增原文确认；新来源、资产层级与数据期见当前逐行审计；旧值不自动沿用,https://www.tpao.gov.tr/,https://www.tpao.gov.tr/,,None,undisclosed,不适用
土耳其,Batı Raman,纳入当前目录；现时产量/状态以新审计为准,Batı Raman,已列资产或新增原文确认；新来源、资产层级与数据期见当前逐行审计；旧值不自动沿用,https://www.tpao.gov.tr/,https://www.tpao.gov.tr/,,None,undisclosed,不适用
土耳其,Garzan,纳入当前目录；现时产量/状态以新审计为准,Garzan,已列资产或新增原文确认；新来源、资产层级与数据期见当前逐行审计；旧值不自动沿用,https://www.tpao.gov.tr/,https://www.tpao.gov.tr/,,None,undisclosed,不适用
土耳其,Şelmo,纳入当前目录；现时产量/状态以新审计为准,Şelmo,已列资产或新增原文确认；新来源、资产层级与数据期见当前逐行审计；旧值不自动沿用,https://www.tpao.gov.tr/,https://www.tpao.gov.tr/,,None,undisclosed,不适用
土耳其,Gabar,纳入当前目录；现时产量/状态以新审计为准,Gabar,已列资产或新增原文确认；新来源、资产层级与数据期见当前逐行审计；旧值不自动沿用,https://enerji.gov.tr/haber-detay?id=31903,https://enerji.gov.tr/haber-detay?id=31903,约76.6,约76.6,estimated_daily_average,不适用
埃及,Belayim,纳入当前目录；现时产量/状态以新审计为准,Belayim,已列资产或新增原文确认；新来源、资产层级与数据期见当前逐行审计；旧值不自动沿用,https://report.eni.com/factbook-2013/en/business-segments/exploration-production/activity-areas/north-africa.html,https://report.eni.com/factbook-2013/en/business-segments/exploration-production/activity-areas/north-africa.html,105,105,actual_output,不适用
埃及,Shukheir Offshore (Shukheir Bay),纳入当前目录；现时产量/状态以新审计为准,Shukheir Offshore (Shukheir Bay),已列资产或新增原文确认；新来源、资产层级与数据期见当前逐行审计；旧值不自动沿用,https://eug.petroleum.gov.eg/dp/jsp/assets/docs/EGPC/2023%20EGPC%20Brownfields%20Overview.pdf,https://eug.petroleum.gov.eg/dp/jsp/assets/docs/EGPC/2023%20EGPC%20Brownfields%20Overview.pdf,,None,undisclosed,不适用
埃及,Shukheir Offshore (Gamma),纳入当前目录；现时产量/状态以新审计为准,Shukheir Offshore (Gamma),已列资产或新增原文确认；新来源、资产层级与数据期见当前逐行审计；旧值不自动沿用,https://eug.petroleum.gov.eg/dp/jsp/assets/docs/EGPC/2023%20EGPC%20Brownfields%20Overview.pdf,https://eug.petroleum.gov.eg/dp/jsp/assets/docs/EGPC/2023%20EGPC%20Brownfields%20Overview.pdf,,None,undisclosed,不适用
埃及,Gazwarina,纳入当前目录；现时产量/状态以新审计为准,Gazwarina,已列资产或新增原文确认；新来源、资产层级与数据期见当前逐行审计；旧值不自动沿用,https://eug.petroleum.gov.eg/dp/jsp/assets/docs/EGPC/2023%20EGPC%20Brownfields%20Overview.pdf,https://eug.petroleum.gov.eg/dp/jsp/assets/docs/EGPC/2023%20EGPC%20Brownfields%20Overview.pdf,,None,undisclosed,不适用
埃及,Ras El Ush,纳入当前目录；现时产量/状态以新审计为准,Ras El Ush,已列资产或新增原文确认；新来源、资产层级与数据期见当前逐行审计；旧值不自动沿用,https://eug.petroleum.gov.eg/dp/jsp/assets/docs/EGPC/2023%20EGPC%20Brownfields%20Overview.pdf,https://eug.petroleum.gov.eg/dp/jsp/assets/docs/EGPC/2023%20EGPC%20Brownfields%20Overview.pdf,,None,undisclosed,不适用
埃及,Zeit Bay,纳入当前目录；现时产量/状态以新审计为准,Zeit Bay,已列资产或新增原文确认；新来源、资产层级与数据期见当前逐行审计；旧值不自动沿用,https://eug.petroleum.gov.eg/dp/jsp/assets/docs/EGPC/2023%20EGPC%20Brownfields%20Overview.pdf,https://eug.petroleum.gov.eg/dp/jsp/assets/docs/EGPC/2023%20EGPC%20Brownfields%20Overview.pdf,,None,undisclosed,不适用
埃及,Ras Budran,纳入当前目录；现时产量/状态以新审计为准,Ras Budran,已列资产或新增原文确认；新来源、资产层级与数据期见当前逐行审计；旧值不自动沿用,https://eug.petroleum.gov.eg/dp/jsp/assets/docs/EGPC/2023%20EGPC%20Brownfields%20Overview.pdf,https://eug.petroleum.gov.eg/dp/jsp/assets/docs/EGPC/2023%20EGPC%20Brownfields%20Overview.pdf,,None,undisclosed,不适用
埃及,East Zeit (E. Zeit),纳入当前目录；现时产量/状态以新审计为准,East Zeit (E. Zeit),已列资产或新增原文确认；新来源、资产层级与数据期见当前逐行审计；旧值不自动沿用,https://eug.petroleum.gov.eg/dp/jsp/assets/docs/EGPC/2023%20EGPC%20Brownfields%20Overview.pdf,https://eug.petroleum.gov.eg/dp/jsp/assets/docs/EGPC/2023%20EGPC%20Brownfields%20Overview.pdf,,None,undisclosed,不适用
埃及,Ashrafi,纳入当前目录；现时产量/状态以新审计为准,Ashrafi,已列资产或新增原文确认；新来源、资产层级与数据期见当前逐行审计；旧值不自动沿用,https://eug.petroleum.gov.eg/dp/jsp/assets/docs/EGPC/2023%20EGPC%20Brownfields%20Overview.pdf,https://eug.petroleum.gov.eg/dp/jsp/assets/docs/EGPC/2023%20EGPC%20Brownfields%20Overview.pdf,,None,undisclosed,不适用
埃及,Wadi El Sahl Development Area,纳入当前目录；现时产量/状态以新审计为准,Wadi El Sahl Development Area,已列资产或新增原文确认；新来源、资产层级与数据期见当前逐行审计；旧值不自动沿用,https://eug.petroleum.gov.eg/dp/jsp/assets/docs/EGPC/2023%20EGPC%20Brownfields%20Overview.pdf,https://eug.petroleum.gov.eg/dp/jsp/assets/docs/EGPC/2023%20EGPC%20Brownfields%20Overview.pdf,,None,undisclosed,不适用
卡塔尔,Qatargas 2,纳入当前目录；现时产量/状态以新审计为准,Qatargas 2,已列资产或新增原文确认；新来源、资产层级与数据期见当前逐行审计；旧值不自动沿用,https://www.gem.wiki/Qatargas_2_Gas_Field_(Qatar),https://www.gem.wiki/Qatargas_2_Gas_Field_(Qatar),,None,undisclosed,True
卡塔尔,Dolphin,纳入当前目录；现时产量/状态以新审计为准,Dolphin,已列资产或新增原文确认；新来源、资产层级与数据期见当前逐行审计；旧值不自动沿用,https://www.gem.wiki/Dolphin_Oil_and_Gas_Field_(Qatar),https://www.gem.wiki/Dolphin_Oil_and_Gas_Field_(Qatar),,None,undisclosed,True
埃及,Morgan,纳入当前目录；现时产量/状态以新审计为准,Morgan,已列资产或新增原文确认；新来源、资产层级与数据期见当前逐行审计；旧值不自动沿用,https://www.gem.wiki/Morgan_Oil_and_Gas_Field_(Egypt),https://www.gem.wiki/Morgan_Oil_and_Gas_Field_(Egypt),,None,undisclosed,True
伊朗,Kangan,纳入当前目录；现时产量/状态以新审计为准,Kangan,已列资产或新增原文确认；新来源、资产层级与数据期见当前逐行审计；旧值不自动沿用,https://www.gem.wiki/Kangan_Gas_Field_(Iran),https://www.gem.wiki/Kangan_Gas_Field_(Iran),,None,undisclosed,True
卡塔尔,Al-Khaleej Gas Project 2 Gas Phase,纳入当前目录；现时产量/状态以新审计为准,Al-Khaleej Gas Project 2 Gas Phase,已列资产或新增原文确认；新来源、资产层级与数据期见当前逐行审计；旧值不自动沿用,https://www.gem.wiki/Al-Khaleej_Gas_Project_2_Gas_Phase_(Qatar),https://www.gem.wiki/Al-Khaleej_Gas_Project_2_Gas_Phase_(Qatar),,None,undisclosed,True
卡塔尔,Qatargas 4,纳入当前目录；现时产量/状态以新审计为准,Qatargas 4,已列资产或新增原文确认；新来源、资产层级与数据期见当前逐行审计；旧值不自动沿用,https://www.gem.wiki/Qatargas_4_Gas_Field_(Qatar),https://www.gem.wiki/Qatargas_4_Gas_Field_(Qatar),,None,undisclosed,True
卡塔尔,Qatargas 3,纳入当前目录；现时产量/状态以新审计为准,Qatargas 3,已列资产或新增原文确认；新来源、资产层级与数据期见当前逐行审计；旧值不自动沿用,https://www.gem.wiki/Qatargas_3_Gas_Field_(Qatar),https://www.gem.wiki/Qatargas_3_Gas_Field_(Qatar),,None,undisclosed,True
伊朗,Tabnak,纳入当前目录；现时产量/状态以新审计为准,Tabnak,已列资产或新增原文确认；新来源、资产层级与数据期见当前逐行审计；旧值不自动沿用,https://www.gem.wiki/Tabnak_Oil_and_Gas_Field_(Iran),https://www.gem.wiki/Tabnak_Oil_and_Gas_Field_(Iran),,None,undisclosed,True
埃及,Zohr,纳入当前目录；现时产量/状态以新审计为准,Zohr,已列资产或新增原文确认；新来源、资产层级与数据期见当前逐行审计；旧值不自动沿用,https://www.gem.wiki/Zohr_Gas_Field_(Egypt),https://www.eni.com/en-IT/media/press-release/2019/08/eni-zohr-gas-production-reaches-27-bcfd.html,,">2,700",actual_output,不适用
埃及,Nooros,纳入当前目录；现时产量/状态以新审计为准,Nooros,已列资产或新增原文确认；新来源、资产层级与数据期见当前逐行审计；旧值不自动沿用,https://www.gem.wiki/Nooros_Gas_Field_(Egypt),https://www.eni.com/en-IT/media/press-release/2018/03/eni-strengthens-record-production-from-nooros-field-offshore-egypt.html,,32,historical_peak,不适用
埃及,Rosetta,纳入当前目录；现时产量/状态以新审计为准,Rosetta,已列资产或新增原文确认；新来源、资产层级与数据期见当前逐行审计；旧值不自动沿用,https://www.gem.wiki/Rosetta_Oil_and_Gas_Field_(Egypt),https://www.gem.wiki/Rosetta_Oil_and_Gas_Field_(Egypt),,None,undisclosed,True
卡塔尔,RasGas Alpha,纳入当前目录；现时产量/状态以新审计为准,RasGas Alpha,已列资产或新增原文确认；新来源、资产层级与数据期见当前逐行审计；旧值不自动沿用,https://www.gem.wiki/RasGas_Alpha_Oil_and_Gas_Field_(Qatar),https://www.gem.wiki/RasGas_Alpha_Oil_and_Gas_Field_(Qatar),,None,undisclosed,True
伊朗,Aghar,纳入当前目录；现时产量/状态以新审计为准,Aghar,已列资产或新增原文确认；新来源、资产层级与数据期见当前逐行审计；旧值不自动沿用,https://www.gem.wiki/Aghar_Gas_Field_(Iran),https://www.gem.wiki/Aghar_Gas_Field_(Iran),,None,undisclosed,True
巴林,Khuff,纳入当前目录；现时产量/状态以新审计为准,Khuff,已列资产或新增原文确认；新来源、资产层级与数据期见当前逐行审计；旧值不自动沿用,https://www.gem.wiki/Khuff_Gas_Field_(Bahrain),https://www.gem.wiki/Khuff_Gas_Field_(Bahrain),,None,undisclosed,True
埃及,Ramadan,纳入当前目录；现时产量/状态以新审计为准,Ramadan,已列资产或新增原文确认；新来源、资产层级与数据期见当前逐行审计；旧值不自动沿用,https://www.gem.wiki/Ramadan_Oil_and_Gas_Field_(Egypt),https://www.gem.wiki/Ramadan_Oil_and_Gas_Field_(Egypt),,None,undisclosed,True
埃及,Taurus and Libra,同田别名/已列组合范围；不另增节点,Taurus | Libra,组合名单已分别保留成员；组合位置/数值不拆给成员,https://www.gem.wiki/Taurus_and_Libra_Oil_and_Gas_Field_(Egypt),https://www.bp.com.cn/zh_cn/china/home/news/press-releases/news-05-17-2017.html | https://www.bp.com.cn/zh_cn/china/home/news/press-releases/news-05-17-2017.html,,None | None,undisclosed | undisclosed,True
埃及,Qasr,纳入当前目录；现时产量/状态以新审计为准,Qasr,已列资产或新增原文确认；新来源、资产层级与数据期见当前逐行审计；旧值不自动沿用,https://www.gem.wiki/Qasr_Oil_and_Gas_Field_(Egypt),https://www.gem.wiki/Qasr_Oil_and_Gas_Field_(Egypt),,None,undisclosed,True
伊朗,Kish,纳入当前目录；现时产量/状态以新审计为准,Kish,已列资产或新增原文确认；新来源、资产层级与数据期见当前逐行审计；旧值不自动沿用,https://www.gem.wiki/Kish_Oil_and_Gas_Field_(Iran),https://www.eia.gov/international/content/analysis/countries_long/Iran/pdf/Iran%20CAB%202024.pdf,,"1,095",target_capacity,不适用
阿曼,Safah/Wadi Latham,同田别名/已列组合范围；不另增节点,Safah | Wadi Latham,组合名单已分别保留成员；组合位置/数值不拆给成员,https://www.gem.wiki/Safah/Wadi_Latham_Oil_and_Gas_Field_(Oman),https://www.oxy.com/operations/performance-production/ | https://www.oxy.com/operations/performance-production/,,None | None,undisclosed | undisclosed,True
伊拉克,Khor Mor,纳入当前目录；现时产量/状态以新审计为准,Khor Mor,已列资产或新增原文确认；新来源、资产层级与数据期见当前逐行审计；旧值不自动沿用,https://www.danagas.com/media/press-releases/,https://www.danagas.com/wp-content/uploads/2026/02/20260204-Dana-Gas-FY-2025-Press-Release-En.pdf,>700,>700,actual_output,不适用
伊朗,Khangiran,纳入当前目录；现时产量/状态以新审计为准,Khangiran,已列资产或新增原文确认；新来源、资产层级与数据期见当前逐行审计；旧值不自动沿用,https://www.gem.wiki/Khangiran_Gas_Field_(Iran),https://www.gem.wiki/Khangiran_Gas_Field_(Iran),,None,undisclosed,True
埃及,Raven,纳入当前目录；现时产量/状态以新审计为准,Raven,已列资产或新增原文确认；新来源、资产层级与数据期见当前逐行审计；旧值不自动沿用,https://www.gem.wiki/Raven_Oil_and_Gas_Field_(Egypt),https://wintershalldea.de/en/newsroom/gas-production-west-nile-deltas-raven-field,,约600,actual_output,不适用
阿曼,Ghazeer (Khazzan Phase 2),同田别名/已列组合范围；不另增节点,Ghazeer,名称变体按公开资产名录/原文对应；不以距离匹配,https://www.gem.wiki/Ghazeer_(Khazzan_Phase_2)_Oil_and_Gas_Field_(Oman),https://www.oqep.om/operation,,None,undisclosed,True
阿曼,Mabrouk Northeast,纳入当前目录；现时产量/状态以新审计为准,Mabrouk Northeast,已列资产或新增原文确认；新来源、资产层级与数据期见当前逐行审计；旧值不自动沿用,https://www.gem.wiki/Mabrouk_Northeast_Oil_and_Gas_Field_(Oman),https://www.gem.wiki/Mabrouk_Northeast_Oil_and_Gas_Field_(Oman),,None,undisclosed,True
阿曼,Bahja (North and South),同田别名/已列组合范围；不另增节点,Bahja,名称变体按公开资产名录/原文对应；不以距离匹配,https://www.gem.wiki/Bahja_(North_and_South)_Oil_and_Gas_Field_(Oman),https://www.pdo.co.om/en/Pages/WhoWeAre/OurJourney.aspx,,None,undisclosed,True
埃及,October,纳入当前目录；现时产量/状态以新审计为准,October,已列资产或新增原文确认；新来源、资产层级与数据期见当前逐行审计；旧值不自动沿用,https://www.gem.wiki/October_Oil_and_Gas_Field_(Egypt),https://www.gem.wiki/October_Oil_and_Gas_Field_(Egypt),,None,undisclosed,True
伊朗,Homa,纳入当前目录；现时产量/状态以新审计为准,Homa,已列资产或新增原文确认；新来源、资产层级与数据期见当前逐行审计；旧值不自动沿用,https://www.gem.wiki/Homa_Gas_Field_(Iran),https://www.gem.wiki/Homa_Gas_Field_(Iran),,None,undisclosed,True
伊朗,Ramshir,纳入当前目录；现时产量/状态以新审计为准,Ramshir,已列资产或新增原文确认；新来源、资产层级与数据期见当前逐行审计；旧值不自动沿用,https://www.gem.wiki/Ramshir_Oil_Field_(Iran),https://www.gem.wiki/Ramshir_Oil_Field_(Iran),,None,undisclosed,True
伊朗,Shadegan,纳入当前目录；现时产量/状态以新审计为准,Shadegan,已列资产或新增原文确认；新来源、资产层级与数据期见当前逐行审计；旧值不自动沿用,https://www.gem.wiki/Shadegan_Oil_Field_(Iran),https://www.gem.wiki/Shadegan_Oil_Field_(Iran),,None,undisclosed,True
卡塔尔,Al-Khaleej Gas Project 1 Gas Phase,纳入当前目录；现时产量/状态以新审计为准,Al-Khaleej Gas Project 1 Gas Phase,已列资产或新增原文确认；新来源、资产层级与数据期见当前逐行审计；旧值不自动沿用,https://www.gem.wiki/Al-Khaleej_Gas_Project_1_Gas_Phase_(Qatar),https://www.gem.wiki/Al-Khaleej_Gas_Project_1_Gas_Phase_(Qatar),,None,undisclosed,True
卡塔尔,Idd El Shargi North Dome (ISND),纳入当前目录；现时产量/状态以新审计为准,Idd El Shargi North Dome (ISND),已列资产或新增原文确认；新来源、资产层级与数据期见当前逐行审计；旧值不自动沿用,https://www.gem.wiki/Idd_El_Shargi_North_Dome_(ISND)_Oil_and_Gas_Field_(Qatar),https://www.gem.wiki/Idd_El_Shargi_North_Dome_(ISND)_Oil_and_Gas_Field_(Qatar),,None,undisclosed,True
伊朗,Varavi,纳入当前目录；现时产量/状态以新审计为准,Varavi,已列资产或新增原文确认；新来源、资产层级与数据期见当前逐行审计；旧值不自动沿用,https://www.gem.wiki/Varavi_Gas_Field_(Iran),https://www.gem.wiki/Varavi_Gas_Field_(Iran),,None,undisclosed,True
埃及,Baltim South West,纳入当前目录；现时产量/状态以新审计为准,Baltim South West,已列资产或新增原文确认；新来源、资产层级与数据期见当前逐行审计；旧值不自动沿用,https://www.gem.wiki/Baltim_South_West_Oil_and_Gas_Field_(Egypt),https://www.eni.com/en-IT/media/press-release/2019/09/eni-starts-production-of-baltim-south-west-field-offshore-egypt.html,,100,actual_output,不适用
埃及,Abu El Gharadig,纳入当前目录；现时产量/状态以新审计为准,Abu El Gharadig,已列资产或新增原文确认；新来源、资产层级与数据期见当前逐行审计；旧值不自动沿用,https://www.gem.wiki/Abu_El_Gharadig_Oil_and_Gas_Field_(Egypt),https://www.gem.wiki/Abu_El_Gharadig_Oil_and_Gas_Field_(Egypt),,None,undisclosed,True
伊拉克,Safwan,纳入当前目录；现时产量/状态以新审计为准,Safwan,已列资产或新增原文确认；新来源、资产层级与数据期见当前逐行审计；旧值不自动沿用,https://www.gem.wiki/Safwan_Oil_Field_(Iraq),https://www.gem.wiki/Safwan_Oil_Field_(Iraq),,None,undisclosed,True
埃及,Atoll,纳入当前目录；现时产量/状态以新审计为准,Atoll,已列资产或新增原文确认；新来源、资产层级与数据期见当前逐行审计；旧值不自动沿用,https://www.gem.wiki/Atoll_Oil_and_Gas_Field_(Egypt),https://www.gem.wiki/Atoll_Oil_and_Gas_Field_(Egypt),,None,undisclosed,True
阿曼,Kauther/Fakhr,纳入当前目录；现时产量/状态以新审计为准,Kauther/Fakhr,已列资产或新增原文确认；新来源、资产层级与数据期见当前逐行审计；旧值不自动沿用,https://www.gem.wiki/Kauther/Fakhr_Oil_and_Gas_Field_(Oman),https://www.gem.wiki/Kauther/Fakhr_Oil_and_Gas_Field_(Oman),,None,undisclosed,True
伊朗,Abteymour,纳入当前目录；现时产量/状态以新审计为准,Abteymour,已列资产或新增原文确认；新来源、资产层级与数据期见当前逐行审计；旧值不自动沿用,https://www.gem.wiki/Abteymour_Oil_Field_(Iran),https://www.gem.wiki/Abteymour_Oil_Field_(Iran),,None,undisclosed,True
沙特阿拉伯,South Ghawar,纳入当前目录；现时产量/状态以新审计为准,South Ghawar,已列资产或新增原文确认；新来源、资产层级与数据期见当前逐行审计；旧值不自动沿用,https://www.gem.wiki/South_Ghawar_Gas_Field_(Saudi_Arabia),https://www.gem.wiki/South_Ghawar_Gas_Field_(Saudi_Arabia),,None,undisclosed,True
伊朗,Balal,纳入当前目录；现时产量/状态以新审计为准,Balal,已列资产或新增原文确认；新来源、资产层级与数据期见当前逐行审计；旧值不自动沿用,https://www.gem.wiki/Balal_Oil_and_Gas_Field_(Iran),https://www.gem.wiki/Balal_Oil_and_Gas_Field_(Iran),,None,undisclosed,True
伊朗,Lab-E-Safid,纳入当前目录；现时产量/状态以新审计为准,Lab-E-Safid,已列资产或新增原文确认；新来源、资产层级与数据期见当前逐行审计；旧值不自动沿用,https://www.gem.wiki/Lab-E-Safid_Oil_Field_(Iran),https://www.gem.wiki/Lab-E-Safid_Oil_Field_(Iran),,None,undisclosed,True
埃及,Burullus,纳入当前目录；现时产量/状态以新审计为准,Burullus,已列资产或新增原文确认；新来源、资产层级与数据期见当前逐行审计；旧值不自动沿用,https://www.gem.wiki/Burullus_Gas_Field_(Egypt),https://www.gem.wiki/Burullus_Gas_Field_(Egypt),,None,undisclosed,True
埃及,Belayim Land,纳入当前目录；现时产量/状态以新审计为准,Belayim Land,已列资产或新增原文确认；新来源、资产层级与数据期见当前逐行审计；旧值不自动沿用,https://www.gem.wiki/Belayim_Land_Oil_and_Gas_Field_(Egypt),https://www.gem.wiki/Belayim_Land_Oil_and_Gas_Field_(Egypt),,None,undisclosed,True
科威特,Ratqa/Lower Fars,纳入当前目录；现时产量/状态以新审计为准,Ratqa/Lower Fars,已列资产或新增原文确认；新来源、资产层级与数据期见当前逐行审计；旧值不自动沿用,https://www.gem.wiki/Ratqa/Lower_Fars_Oil_Field_(Kuwait),https://www.gem.wiki/Ratqa/Lower_Fars_Oil_Field_(Kuwait),,None,undisclosed,True
土耳其,Sehit Esma Cevik,纳入当前目录；现时产量/状态以新审计为准,Sehit Esma Cevik,已列资产或新增原文确认；新来源、资产层级与数据期见当前逐行审计；旧值不自动沿用,https://www.gem.wiki/Sehit_Esma_Cevik_Oil_Field_(Türkiye),https://www.gem.wiki/Sehit_Esma_Cevik_Oil_Field_(Türkiye),,None,undisclosed,True
伊朗,Tang-E-Bijar,纳入当前目录；现时产量/状态以新审计为准,Tang-E-Bijar,已列资产或新增原文确认；新来源、资产层级与数据期见当前逐行审计；旧值不自动沿用,https://www.gem.wiki/Tang-E-Bijar_Gas_Field_(Iran),https://www.gem.wiki/Tang-E-Bijar_Gas_Field_(Iran),,None,undisclosed,True
沙特阿拉伯,North Arabia,纳入当前目录；现时产量/状态以新审计为准,North Arabia,已列资产或新增原文确认；新来源、资产层级与数据期见当前逐行审计；旧值不自动沿用,https://www.gem.wiki/North_Arabia_Gas_Field_(Saudi_Arabia),https://www.gem.wiki/North_Arabia_Gas_Field_(Saudi_Arabia),,None,undisclosed,True
伊朗,Sirri C,纳入当前目录；现时产量/状态以新审计为准,Sirri C,已列资产或新增原文确认；新来源、资产层级与数据期见当前逐行审计；旧值不自动沿用,https://www.gem.wiki/Sirri_C_Oil_Field_(Iran),https://www.gem.wiki/Sirri_C_Oil_Field_(Iran),,None,undisclosed,True
伊朗,Qaleh Nar,纳入当前目录；现时产量/状态以新审计为准,Qaleh Nar,已列资产或新增原文确认；新来源、资产层级与数据期见当前逐行审计；旧值不自动沿用,https://www.gem.wiki/Qaleh_Nar_Oil_and_Gas_Field_(Iran),https://www.gem.wiki/Qaleh_Nar_Oil_and_Gas_Field_(Iran),,None,undisclosed,True
阿曼,Farha South,纳入当前目录；现时产量/状态以新审计为准,Farha South,已列资产或新增原文确认；新来源、资产层级与数据期见当前逐行审计；旧值不自动沿用,https://www.gem.wiki/Farha_South_Oil_Field_(Oman),https://www.gem.wiki/Farha_South_Oil_Field_(Oman),,None,undisclosed,True
埃及,Al Karam,纳入当前目录；现时产量/状态以新审计为准,Al Karam,已列资产或新增原文确认；新来源、资产层级与数据期见当前逐行审计；旧值不自动沿用,https://www.gem.wiki/Al_Karam_Oil_and_Gas_Field_(Egypt),https://www.gem.wiki/Al_Karam_Oil_and_Gas_Field_(Egypt),,None,undisclosed,True
埃及,Karama,纳入当前目录；现时产量/状态以新审计为准,Karama,已列资产或新增原文确认；新来源、资产层级与数据期见当前逐行审计；旧值不自动沿用,https://www.gem.wiki/Karama_Oil_Field_(Egypt),https://www.gem.wiki/Karama_Oil_Field_(Egypt),,None,undisclosed,True
叙利亚,Khurbet East,纳入当前目录；现时产量/状态以新审计为准,Khurbet East,已列资产或新增原文确认；新来源、资产层级与数据期见当前逐行审计；旧值不自动沿用,https://www.gem.wiki/Khurbet_East_Oil_Field_(Syria),https://www.gem.wiki/Khurbet_East_Oil_Field_(Syria),,None,undisclosed,True
埃及,Abu Qir,纳入当前目录；现时产量/状态以新审计为准,Abu Qir,已列资产或新增原文确认；新来源、资产层级与数据期见当前逐行审计；旧值不自动沿用,https://www.gem.wiki/Abu_Qir_Gas_Field_(Egypt),https://www.gem.wiki/Abu_Qir_Gas_Field_(Egypt),,None,undisclosed,True
伊朗,Reshadat,纳入当前目录；现时产量/状态以新审计为准,Reshadat,已列资产或新增原文确认；新来源、资产层级与数据期见当前逐行审计；旧值不自动沿用,https://www.gem.wiki/Reshadat_Oil_Field_(Iran),https://www.gem.wiki/Reshadat_Oil_Field_(Iran),,None,undisclosed,True
埃及,Bashrush,纳入当前目录；现时产量/状态以新审计为准,Bashrush,已列资产或新增原文确认；新来源、资产层级与数据期见当前逐行审计；旧值不自动沿用,https://www.gem.wiki/Bashrush_Gas_Field_(Egypt),https://www.gem.wiki/Bashrush_Gas_Field_(Egypt),,None,undisclosed,True
伊朗,Zeloi,纳入当前目录；现时产量/状态以新审计为准,Zeloi,已列资产或新增原文确认；新来源、资产层级与数据期见当前逐行审计；旧值不自动沿用,https://www.gem.wiki/Zeloi_Oil_and_Gas_Field_(Iran),https://www.gem.wiki/Zeloi_Oil_and_Gas_Field_(Iran),,None,undisclosed,True
伊朗,Dey,同田别名/已列组合范围；不另增节点,Day,名称变体按公开资产名录/原文对应；不以距离匹配,https://www.gem.wiki/Dey_Gas_Field_(Iran),https://www.eia.gov/international/content/analysis/countries_long/Iran/pdf/Iran%20CAB%202024.pdf,,None,undisclosed,True
埃及,Obaiyed,纳入当前目录；现时产量/状态以新审计为准,Obaiyed,已列资产或新增原文确认；新来源、资产层级与数据期见当前逐行审计；旧值不自动沿用,https://www.gem.wiki/Obaiyed_Oil_and_Gas_Field_(Egypt),https://www.gem.wiki/Obaiyed_Oil_and_Gas_Field_(Egypt),,None,undisclosed,True
沙特阿拉伯,Midyan,纳入当前目录；现时产量/状态以新审计为准,Midyan,已列资产或新增原文确认；新来源、资产层级与数据期见当前逐行审计；旧值不自动沿用,https://www.gem.wiki/Midyan_Oil_and_Gas_Field_(Saudi_Arabia),https://www.gem.wiki/Midyan_Oil_and_Gas_Field_(Saudi_Arabia),,None,undisclosed,True
阿联酋,Nosrat,纳入当前目录；现时产量/状态以新审计为准,Nosrat,已列资产或新增原文确认；新来源、资产层级与数据期见当前逐行审计；旧值不自动沿用,"https://www.gem.wiki/Nosrat_Oil_Field_(United_Arab_Emirates,_Iran)","https://www.gem.wiki/Nosrat_Oil_Field_(United_Arab_Emirates,_Iran)",,None,undisclosed,True
伊朗,Resalat,纳入当前目录；现时产量/状态以新审计为准,Resalat,已列资产或新增原文确认；新来源、资产层级与数据期见当前逐行审计；旧值不自动沿用,https://www.gem.wiki/Resalat_Oil_Field_(Iran),https://www.gem.wiki/Resalat_Oil_Field_(Iran),,None,undisclosed,True
伊朗,Binak,纳入当前目录；现时产量/状态以新审计为准,Binak,已列资产或新增原文确认；新来源、资产层级与数据期见当前逐行审计；旧值不自动沿用,https://www.gem.wiki/Binak_Oil_and_Gas_Field_(Iran),https://www.gem.wiki/Binak_Oil_and_Gas_Field_(Iran),,None,undisclosed,True
伊朗,Sarvestan,纳入当前目录；现时产量/状态以新审计为准,Sarvestan,已列资产或新增原文确认；新来源、资产层级与数据期见当前逐行审计；旧值不自动沿用,https://www.gem.wiki/Sarvestan_Oil_and_Gas_Field_(Iran),https://www.gem.wiki/Sarvestan_Oil_and_Gas_Field_(Iran),,None,undisclosed,True
伊朗,Gulkhari,纳入当前目录；现时产量/状态以新审计为准,Gulkhari,已列资产或新增原文确认；新来源、资产层级与数据期见当前逐行审计；旧值不自动沿用,https://www.gem.wiki/Gulkhari_Oil_Field_(Iran),https://www.gem.wiki/Gulkhari_Oil_Field_(Iran),,None,undisclosed,True
伊朗,Saadat Abad,纳入当前目录；现时产量/状态以新审计为准,Saadat Abad,已列资产或新增原文确认；新来源、资产层级与数据期见当前逐行审计；旧值不自动沿用,https://www.gem.wiki/Saadat_Abad_Oil_Field_(Iran),https://www.gem.wiki/Saadat_Abad_Oil_Field_(Iran),,None,undisclosed,True
埃及,Bed-3,纳入当前目录；现时产量/状态以新审计为准,Bed-3,已列资产或新增原文确认；新来源、资产层级与数据期见当前逐行审计；旧值不自动沿用,https://www.gem.wiki/Bed-3_Oil_and_Gas_Field_(Egypt),https://www.gem.wiki/Bed-3_Oil_and_Gas_Field_(Egypt),,None,undisclosed,True
阿曼,Hawqa,纳入当前目录；现时产量/状态以新审计为准,Hawqa,已列资产或新增原文确认；新来源、资产层级与数据期见当前逐行审计；旧值不自动沿用,https://www.gem.wiki/Hawqa_Oil_and_Gas_Field_(Oman),https://www.gem.wiki/Hawqa_Oil_and_Gas_Field_(Oman),,None,undisclosed,True
埃及,Temsah,纳入当前目录；现时产量/状态以新审计为准,Temsah,已列资产或新增原文确认；新来源、资产层级与数据期见当前逐行审计；旧值不自动沿用,https://www.gem.wiki/Temsah_Oil_and_Gas_Field_(Egypt),https://www.gem.wiki/Temsah_Oil_and_Gas_Field_(Egypt),,None,undisclosed,True
科威特,Dharif,纳入当前目录；现时产量/状态以新审计为准,Dharif,已列资产或新增原文确认；新来源、资产层级与数据期见当前逐行审计；旧值不自动沿用,https://www.gem.wiki/Dharif_Oil_Field_(Kuwait),https://www.gem.wiki/Dharif_Oil_Field_(Kuwait),,None,undisclosed,True
埃及,Sitra,纳入当前目录；现时产量/状态以新审计为准,Sitra,已列资产或新增原文确认；新来源、资产层级与数据期见当前逐行审计；旧值不自动沿用,https://www.gem.wiki/Sitra_Oil_and_Gas_Field_(Egypt),https://www.shell.eg/en_eg/about-us/who-we-are.html,,None,undisclosed,False
伊拉克,Simrit,纳入当前目录；现时产量/状态以新审计为准,Simrit,已列资产或新增原文确认；新来源、资产层级与数据期见当前逐行审计；旧值不自动沿用,https://www.gem.wiki/Simrit_Oil_and_Gas_Field_(Iraq),https://www.gem.wiki/Simrit_Oil_and_Gas_Field_(Iraq),,None,undisclosed,True
埃及,Ha'py,纳入当前目录；现时产量/状态以新审计为准,Ha'py,已列资产或新增原文确认；新来源、资产层级与数据期见当前逐行审计；旧值不自动沿用,https://www.gem.wiki/Ha'py_Oil_and_Gas_Field_(Egypt),https://www.gem.wiki/Ha'py_Oil_and_Gas_Field_(Egypt),,None,undisclosed,True
叙利亚,Gbeibe,纳入当前目录；现时产量/状态以新审计为准,Gbeibe,已列资产或新增原文确认；新来源、资产层级与数据期见当前逐行审计；旧值不自动沿用,https://www.gem.wiki/Gbeibe_Oil_Field_(Syria),https://www.gem.wiki/Gbeibe_Oil_Field_(Syria),,None,undisclosed,True
埃及,Ras Fanar,纳入当前目录；现时产量/状态以新审计为准,Ras Fanar,已列资产或新增原文确认；新来源、资产层级与数据期见当前逐行审计；旧值不自动沿用,https://www.gem.wiki/Ras_Fanar_Oil_and_Gas_Field_(Egypt),https://www.gem.wiki/Ras_Fanar_Oil_and_Gas_Field_(Egypt),,None,undisclosed,True
埃及,South West Melehia,纳入当前目录；现时产量/状态以新审计为准,South West Melehia,已列资产或新增原文确认；新来源、资产层级与数据期见当前逐行审计；旧值不自动沿用,https://www.gem.wiki/South_West_Melehia_Oil_Field_(Egypt),https://www.gem.wiki/South_West_Melehia_Oil_Field_(Egypt),,None,undisclosed,True
伊朗,Sarkhun,纳入当前目录；现时产量/状态以新审计为准,Sarkhun,已列资产或新增原文确认；新来源、资产层级与数据期见当前逐行审计；旧值不自动沿用,https://www.gem.wiki/Sarkhun_Gas_Field_(Iran),https://www.gem.wiki/Sarkhun_Gas_Field_(Iran),,None,undisclosed,True
阿曼,Tayseer,纳入当前目录；现时产量/状态以新审计为准,Tayseer,已列资产或新增原文确认；新来源、资产层级与数据期见当前逐行审计；旧值不自动沿用,https://www.gem.wiki/Tayseer_Oil_and_Gas_Field_(Oman),https://www.gem.wiki/Tayseer_Oil_and_Gas_Field_(Oman),,None,undisclosed,True
土耳其,Sehit Aybuke Yalcin,纳入当前目录；现时产量/状态以新审计为准,Sehit Aybuke Yalcin,已列资产或新增原文确认；新来源、资产层级与数据期见当前逐行审计；旧值不自动沿用,https://www.gem.wiki/Sehit_Aybuke_Yalcin_Oil_Field_(Türkiye),https://www.gem.wiki/Sehit_Aybuke_Yalcin_Oil_Field_(Türkiye),,None,undisclosed,True
伊朗,Khesht,纳入当前目录；现时产量/状态以新审计为准,Khesht,已列资产或新增原文确认；新来源、资产层级与数据期见当前逐行审计；旧值不自动沿用,https://www.gem.wiki/Khesht_Oil_Field_(Iran),https://www.gem.wiki/Khesht_Oil_Field_(Iran),,None,undisclosed,True
伊朗,Chillingar,纳入当前目录；现时产量/状态以新审计为准,Chillingar,已列资产或新增原文确认；新来源、资产层级与数据期见当前逐行审计；旧值不自动沿用,https://www.gem.wiki/Chillingar_Oil_Field_(Iran),https://www.gem.wiki/Chillingar_Oil_Field_(Iran),,None,undisclosed,True
伊拉克,Akkas,纳入当前目录；现时产量/状态以新审计为准,Akkas,已列资产或新增原文确认；新来源、资产层级与数据期见当前逐行审计；旧值不自动沿用,https://www.gem.wiki/Akkas_Gas_Field_(Iraq),https://eiti.org/sites/default/files/Iraq%202023%20EITI%20Report.docx,,None,undisclosed,不适用
埃及,Berenice,纳入当前目录；现时产量/状态以新审计为准,Berenice,已列资产或新增原文确认；新来源、资产层级与数据期见当前逐行审计；旧值不自动沿用,https://www.gem.wiki/Berenice_Oil_Field_(Egypt),https://www.gem.wiki/Berenice_Oil_Field_(Egypt),,None,undisclosed,True
埃及,Amal Redevelop (A and B),纳入当前目录；现时产量/状态以新审计为准,Amal Redevelop (A and B),已列资产或新增原文确认；新来源、资产层级与数据期见当前逐行审计；旧值不自动沿用,https://www.gem.wiki/Amal_Redevelop_(A_and_B)_Oil_and_Gas_Field_(Egypt),https://www.gem.wiki/Amal_Redevelop_(A_and_B)_Oil_and_Gas_Field_(Egypt),,None,undisclosed,True
卡塔尔,Idd El Shargi South Dome (ISSD),纳入当前目录；现时产量/状态以新审计为准,Idd El Shargi South Dome (ISSD),已列资产或新增原文确认；新来源、资产层级与数据期见当前逐行审计；旧值不自动沿用,https://www.gem.wiki/Idd_El_Shargi_South_Dome_(ISSD)_Oil_and_Gas_Field_(Qatar),https://www.gem.wiki/Idd_El_Shargi_South_Dome_(ISSD)_Oil_and_Gas_Field_(Qatar),,None,undisclosed,True
埃及,Zaafarana,纳入当前目录；现时产量/状态以新审计为准,Zaafarana,已列资产或新增原文确认；新来源、资产层级与数据期见当前逐行审计；旧值不自动沿用,https://www.gem.wiki/Zaafarana_Oil_Field_(Egypt),https://www.gem.wiki/Zaafarana_Oil_Field_(Egypt),,None,undisclosed,True
埃及,Alamein,纳入当前目录；现时产量/状态以新审计为准,Alamein,已列资产或新增原文确认；新来源、资产层级与数据期见当前逐行审计；旧值不自动沿用,https://www.gem.wiki/Alamein_Oil_Field_(Egypt),https://www.gem.wiki/Alamein_Oil_Field_(Egypt),,None,undisclosed,True
科威特,South Umm-Gudair,纳入当前目录；现时产量/状态以新审计为准,South Umm-Gudair,已列资产或新增原文确认；新来源、资产层级与数据期见当前逐行审计；旧值不自动沿用,"https://www.gem.wiki/South_Umm-Gudair_Oil_and_Gas_Field_(Kuwait,_Saudi_Arabia)","https://www.gem.wiki/South_Umm-Gudair_Oil_and_Gas_Field_(Kuwait,_Saudi_Arabia)",,None,undisclosed,True
埃及,Melehia West Deep,纳入当前目录；现时产量/状态以新审计为准,Melehia West Deep,已列资产或新增原文确认；新来源、资产层级与数据期见当前逐行审计；旧值不自动沿用,https://www.gem.wiki/Melehia_West_Deep_Oil_and_Gas_Field_(Egypt),https://www.gem.wiki/Melehia_West_Deep_Oil_and_Gas_Field_(Egypt),,None,undisclosed,True
阿曼,Simsim,纳入当前目录；现时产量/状态以新审计为准,Simsim,已列资产或新增原文确认；新来源、资产层级与数据期见当前逐行审计；旧值不自动沿用,https://www.gem.wiki/Simsim_Oil_and_Gas_Field_(Oman),https://www.gem.wiki/Simsim_Oil_and_Gas_Field_(Oman),,None,undisclosed,True
伊朗,Mansurabad,纳入当前目录；现时产量/状态以新审计为准,Mansurabad,已列资产或新增原文确认；新来源、资产层级与数据期见当前逐行审计；旧值不自动沿用,https://www.gem.wiki/Mansurabad_Oil_and_Gas_Field_(Iran),https://www.gem.wiki/Mansurabad_Oil_and_Gas_Field_(Iran),,None,undisclosed,True
埃及,Abu Rudies-Sidri,纳入当前目录；现时产量/状态以新审计为准,Abu Rudies-Sidri,已列资产或新增原文确认；新来源、资产层级与数据期见当前逐行审计；旧值不自动沿用,https://www.gem.wiki/Abu_Rudies-Sidri_Oil_Field_(Egypt),https://www.gem.wiki/Abu_Rudies-Sidri_Oil_Field_(Egypt),,None,undisclosed,True
伊拉克,Sarqala,纳入当前目录；现时产量/状态以新审计为准,Sarqala,已列资产或新增原文确认；新来源、资产层级与数据期见当前逐行审计；旧值不自动沿用,https://www.gem.wiki/Sarqala_Oil_Field_(Iraq),https://www.gem.wiki/Sarqala_Oil_Field_(Iraq),,None,undisclosed,True
埃及,Geisum,纳入当前目录；现时产量/状态以新审计为准,Geisum,已列资产或新增原文确认；新来源、资产层级与数据期见当前逐行审计；旧值不自动沿用,https://www.gem.wiki/Geisum_Oil_Field_(Egypt),https://www.gem.wiki/Geisum_Oil_Field_(Egypt),,None,undisclosed,True
埃及,Ptah,纳入当前目录；现时产量/状态以新审计为准,Ptah,已列资产或新增原文确认；新来源、资产层级与数据期见当前逐行审计；旧值不自动沿用,https://www.gem.wiki/Ptah_Oil_Field_(Egypt),https://www.gem.wiki/Ptah_Oil_Field_(Egypt),,None,undisclosed,True
伊朗,Siah Makan,纳入当前目录；现时产量/状态以新审计为准,Siah Makan,已列资产或新增原文确认；新来源、资产层级与数据期见当前逐行审计；旧值不自动沿用,https://www.gem.wiki/Siah_Makan_Oil_and_Gas_Field_(Iran),https://www.gem.wiki/Siah_Makan_Oil_and_Gas_Field_(Iran),,None,undisclosed,True
埃及,Wakar,纳入当前目录；现时产量/状态以新审计为准,Wakar,已列资产或新增原文确认；新来源、资产层级与数据期见当前逐行审计；旧值不自动沿用,https://www.gem.wiki/Wakar_Oil_and_Gas_Field_(Egypt),https://www.gem.wiki/Wakar_Oil_and_Gas_Field_(Egypt),,None,undisclosed,True
伊拉克,Banan,纳入当前目录；现时产量/状态以新审计为准,Banan,已列资产或新增原文确认；新来源、资产层级与数据期见当前逐行审计；旧值不自动沿用,https://www.gem.wiki/Banan_Oil_Field_(Iraq),https://www.gem.wiki/Banan_Oil_Field_(Iraq),,None,undisclosed,True
伊拉克,Demir Dagh,纳入当前目录；现时产量/状态以新审计为准,Demir Dagh,已列资产或新增原文确认；新来源、资产层级与数据期见当前逐行审计；旧值不自动沿用,https://www.gem.wiki/Demir_Dagh_Oil_Field_(Iraq),https://www.gem.wiki/Demir_Dagh_Oil_Field_(Iraq),,None,undisclosed,True
叙利亚,Al Jubaissah,纳入当前目录；现时产量/状态以新审计为准,Al Jubaissah,已列资产或新增原文确认；新来源、资产层级与数据期见当前逐行审计；旧值不自动沿用,https://www.gem.wiki/Al_Jubaissah_Oil_Field_(Syria),https://www.gem.wiki/Al_Jubaissah_Oil_Field_(Syria),,None,undisclosed,True
伊朗,Ramin,纳入当前目录；现时产量/状态以新审计为准,Ramin,已列资产或新增原文确认；新来源、资产层级与数据期见当前逐行审计；旧值不自动沿用,https://www.gem.wiki/Ramin_Oil_and_Gas_Field_(Iran),https://www.gem.wiki/Ramin_Oil_and_Gas_Field_(Iran),,None,undisclosed,True
叙利亚,Margada,纳入当前目录；现时产量/状态以新审计为准,Margada,已列资产或新增原文确认；新来源、资产层级与数据期见当前逐行审计；旧值不自动沿用,https://www.gem.wiki/Margada_Oil_Field_(Syria),https://www.gem.wiki/Margada_Oil_Field_(Syria),,None,undisclosed,True
伊朗,Naft Shahr,纳入当前目录；现时产量/状态以新审计为准,Naft Shahr,已列资产或新增原文确认；新来源、资产层级与数据期见当前逐行审计；旧值不自动沿用,https://www.gem.wiki/Naft_Shahr_Oil_Field_(Iran),https://www.gem.wiki/Naft_Shahr_Oil_Field_(Iran),,None,undisclosed,True
伊朗,Maleh Kuh,纳入当前目录；现时产量/状态以新审计为准,Maleh Kuh,已列资产或新增原文确认；新来源、资产层级与数据期见当前逐行审计；旧值不自动沿用,https://www.gem.wiki/Maleh_Kuh_Oil_and_Gas_Field_(Iran),https://www.gem.wiki/Maleh_Kuh_Oil_and_Gas_Field_(Iran),,None,undisclosed,True
卡塔尔,Al-Karkara/A-Structure,同田别名/已列组合范围；不另增节点,Karkara | A-Structures (A-North / A-South),组合名单已分别保留成员；组合位置/数值不拆给成员,https://www.gem.wiki/Al-Karkara/A-Structure_Oil_and_Gas_Field_(Qatar),https://www.qatarenergy.qa/en/MediaCenter/Publications/QatarEnergy_Investors_Presentation_November_2025.pdf | https://qna.org.qa/en/news/news-details?date=23%2F12%2F2022&id=0056-qatarenergy-signs-agreement-with-qpd-to-continue-al-karkara%2C-a-structures-offshore-fields-development-and-production,,None | None,undisclosed | undisclosed,True
埃及,Abu Madi,纳入当前目录；现时产量/状态以新审计为准,Abu Madi,已列资产或新增原文确认；新来源、资产层级与数据期见当前逐行审计；旧值不自动沿用,https://www.gem.wiki/Abu_Madi_Gas_Field_(Egypt),https://www.gem.wiki/Abu_Madi_Gas_Field_(Egypt),,None,undisclosed,True
叙利亚,Jazal-Heil,纳入当前目录；现时产量/状态以新审计为准,Jazal-Heil,已列资产或新增原文确认；新来源、资产层级与数据期见当前逐行审计；旧值不自动沿用,https://www.gem.wiki/Jazal-Heil_Oil_Field_(Syria),https://www.gem.wiki/Jazal-Heil_Oil_Field_(Syria),,None,undisclosed,True
埃及,Baltim East,纳入当前目录；现时产量/状态以新审计为准,Baltim East,已列资产或新增原文确认；新来源、资产层级与数据期见当前逐行审计；旧值不自动沿用,https://www.gem.wiki/Baltim_East_Oil_Field_(Egypt),https://www.gem.wiki/Baltim_East_Oil_Field_(Egypt),,None,undisclosed,True
叙利亚,Tishreen,纳入当前目录；现时产量/状态以新审计为准,Tishreen,已列资产或新增原文确认；新来源、资产层级与数据期见当前逐行审计；旧值不自动沿用,https://www.gem.wiki/Tishreen_Oil_Field_(Syria),https://www.gem.wiki/Tishreen_Oil_Field_(Syria),,None,undisclosed,True
伊朗,Sohrab,纳入当前目录；现时产量/状态以新审计为准,Sohrab,已列资产或新增原文确认；新来源、资产层级与数据期见当前逐行审计；旧值不自动沿用,https://www.gem.wiki/Sohrab_Oil_Field_(Iran),https://www.gem.wiki/Sohrab_Oil_Field_(Iran),,None,undisclosed,True
埃及,Assil,纳入当前目录；现时产量/状态以新审计为准,Assil,已列资产或新增原文确认；新来源、资产层级与数据期见当前逐行审计；旧值不自动沿用,https://www.gem.wiki/Assil_Oil_and_Gas_Field_(Egypt),https://www.gem.wiki/Assil_Oil_and_Gas_Field_(Egypt),,None,undisclosed,True
埃及,Bahga,纳入当前目录；现时产量/状态以新审计为准,Bahga,已列资产或新增原文确认；新来源、资产层级与数据期见当前逐行审计；旧值不自动沿用,https://www.gem.wiki/Bahga_Oil_and_Gas_Field_(Egypt),https://www.gem.wiki/Bahga_Oil_and_Gas_Field_(Egypt),,None,undisclosed,True
埃及,Baltim North,纳入当前目录；现时产量/状态以新审计为准,Baltim North,已列资产或新增原文确认；新来源、资产层级与数据期见当前逐行审计；旧值不自动沿用,https://www.gem.wiki/Baltim_North_Oil_Field_(Egypt),https://www.gem.wiki/Baltim_North_Oil_Field_(Egypt),,None,undisclosed,True
伊拉克,Siba,纳入当前目录；现时产量/状态以新审计为准,Siba,已列资产或新增原文确认；新来源、资产层级与数据期见当前逐行审计；旧值不自动沿用,https://eiti.org/sites/default/files/2024-01/Iraq%202021%20EITI%20Report.pdf,https://eiti.org/sites/default/files/Iraq%202023%20EITI%20Report.docx,19.9,None,undisclosed,不适用
叙利亚,Gouna,纳入当前目录；现时产量/状态以新审计为准,Gouna,已列资产或新增原文确认；新来源、资产层级与数据期见当前逐行审计；旧值不自动沿用,https://www.gem.wiki/Gouna_Oil_Field_(Syria),https://www.gem.wiki/Gouna_Oil_Field_(Syria),,None,undisclosed,True
伊朗,Sulabedar,纳入当前目录；现时产量/状态以新审计为准,Sulabedar,已列资产或新增原文确认；新来源、资产层级与数据期见当前逐行审计；旧值不自动沿用,https://www.gem.wiki/Sulabedar_Oil_Field_(Iran),https://www.searchanddiscovery.com/documents/2006/06088houston_abs/abstracts/keyvani02.htm,,None,undisclosed,False
阿联酋,Zora,纳入当前目录；现时产量/状态以新审计为准,Zora,已列资产或新增原文确认；新来源、资产层级与数据期见当前逐行审计；旧值不自动沿用,https://www.gem.wiki/Zora_Gas_Field_(United_Arab_Emirates),https://www.gem.wiki/Zora_Gas_Field_(United_Arab_Emirates),,None,undisclosed,True
埃及,Magd,纳入当前目录；现时产量/状态以新审计为准,Magd,已列资产或新增原文确认；新来源、资产层级与数据期见当前逐行审计；旧值不自动沿用,https://www.gem.wiki/Magd_Oil_and_Gas_Field_(Egypt),https://www.gem.wiki/Magd_Oil_and_Gas_Field_(Egypt),,None,undisclosed,True
埃及,Barq,纳入当前目录；现时产量/状态以新审计为准,Barq,已列资产或新增原文确认；新来源、资产层级与数据期见当前逐行审计；旧值不自动沿用,https://www.gem.wiki/Barq_Oil_and_Gas_Field_(Egypt),https://www.gem.wiki/Barq_Oil_and_Gas_Field_(Egypt),,None,undisclosed,True
埃及,East Bahariya,纳入当前目录；现时产量/状态以新审计为准,East Bahariya,已列资产或新增原文确认；新来源、资产层级与数据期见当前逐行审计；旧值不自动沿用,https://www.gem.wiki/East_Bahariya_Oil_and_Gas_Field_(Egypt),https://eug.petroleum.gov.eg/dp/jsp/new_live/InteractiveMap/explGeoJson4-5-2025.geojson,,None,undisclosed,False
土耳其,Çaycuma,纳入当前目录；现时产量/状态以新审计为准,Çaycuma,已列资产或新增原文确认；新来源、资产层级与数据期见当前逐行审计；旧值不自动沿用,https://www.gem.wiki/Çaycuma_Gas_Field_(Türkiye),https://www.gem.wiki/Çaycuma_Gas_Field_(Türkiye),,None,undisclosed,True
叙利亚,Tayyani,纳入当前目录；现时产量/状态以新审计为准,Tayyani,已列资产或新增原文确认；新来源、资产层级与数据期见当前逐行审计；旧值不自动沿用,https://www.gem.wiki/Tayyani_Oil_Field_(Syria),https://www.gem.wiki/Tayyani_Oil_Field_(Syria),,None,undisclosed,True
埃及,East Beni Suef,纳入当前目录；现时产量/状态以新审计为准,East Beni Suef,已列资产或新增原文确认；新来源、资产层级与数据期见当前逐行审计；旧值不自动沿用,https://www.gem.wiki/East_Beni_Suef_Oil_and_Gas_Field_(Egypt),https://eug.petroleum.gov.eg/dp/jsp/new_live/InteractiveMap/devGeoJson4-5-2025.geojson,,None,undisclosed,False
埃及,Taurus,纳入当前目录；现时产量/状态以新审计为准,Taurus,已列资产或新增原文确认；新来源、资产层级与数据期见当前逐行审计；旧值不自动沿用,https://www.gem.wiki/Taurus_Gas_Field_(Egypt),https://www.bp.com.cn/zh_cn/china/home/news/press-releases/news-05-17-2017.html,,None,undisclosed,不适用
阿曼,Ulfa,纳入当前目录；现时产量/状态以新审计为准,Ulfa,已列资产或新增原文确认；新来源、资产层级与数据期见当前逐行审计；旧值不自动沿用,https://www.gem.wiki/Ulfa_Oil_Field_(Oman),https://www.gem.wiki/Ulfa_Oil_Field_(Oman),,None,undisclosed,True
埃及,Denise,纳入当前目录；现时产量/状态以新审计为准,Denise,已列资产或新增原文确认；新来源、资产层级与数据期见当前逐行审计；旧值不自动沿用,https://www.gem.wiki/Denise_Gas_Field_(Egypt),https://www.gem.wiki/Denise_Gas_Field_(Egypt),,None,undisclosed,True
叙利亚,Deilla,纳入当前目录；现时产量/状态以新审计为准,Deilla,已列资产或新增原文确认；新来源、资产层级与数据期见当前逐行审计；旧值不自动沿用,https://www.gem.wiki/Deilla_Oil_Field_(Syria),https://www.gem.wiki/Deilla_Oil_Field_(Syria),,None,undisclosed,True
伊朗,Towsan,纳入当前目录；现时产量/状态以新审计为准,Towsan,已列资产或新增原文确认；新来源、资产层级与数据期见当前逐行审计；旧值不自动沿用,https://www.gem.wiki/Towsan_Oil_Field_(Iran),https://www.gem.wiki/Towsan_Oil_Field_(Iran),,None,undisclosed,True
伊拉克,Topkhana,纳入当前目录；现时产量/状态以新审计为准,Topkhana,已列资产或新增原文确认；新来源、资产层级与数据期见当前逐行审计；旧值不自动沿用,https://www.gem.wiki/Topkhana_Oil_and_Gas_Field_(Iraq),https://www.gem.wiki/Topkhana_Oil_and_Gas_Field_(Iraq),,None,undisclosed,True
伊朗,Toos,纳入当前目录；现时产量/状态以新审计为准,Toos,已列资产或新增原文确认；新来源、资产层级与数据期见当前逐行审计；旧值不自动沿用,https://www.gem.wiki/Toos_Gas_Field_(Iran),https://www.saipem.com/en/media/press-releases/2016-04-12/saipem-signs-mou-toos-gas-field-project-iran,,约4,historical_design_capacity,False
以色列,Dalit,纳入当前目录；现时产量/状态以新审计为准,Dalit,已列资产或新增原文确认；新来源、资产层级与数据期见当前逐行审计；旧值不自动沿用,https://www.gem.wiki/Dalit_Gas_Field_(Israel),https://www.gem.wiki/Dalit_Gas_Field_(Israel),,None,undisclosed,True
伊朗,Dalan,纳入当前目录；现时产量/状态以新审计为准,Dalan,已列资产或新增原文确认；新来源、资产层级与数据期见当前逐行审计；旧值不自动沿用,https://www.gem.wiki/Dalan_Oil_and_Gas_Field_(Iran),https://www.gem.wiki/Dalan_Oil_and_Gas_Field_(Iran),,None,undisclosed,True
埃及,Tut,纳入当前目录；现时产量/状态以新审计为准,Tut,已列资产或新增原文确认；新来源、资产层级与数据期见当前逐行审计；旧值不自动沿用,https://www.gem.wiki/Tut_Oil_and_Gas_Field_(Egypt),https://www.gem.wiki/Tut_Oil_and_Gas_Field_(Egypt),,None,undisclosed,True
伊拉克,Tel Gazal,同田别名/已列组合范围；不另增节点,Tal Ghazal,名称变体按公开资产名录/原文对应；不以距离匹配,https://www.gem.wiki/Tel_Gazal_Gas_Field_(Iraq),https://eiti.org/sites/default/files/Iraq%202023%20EITI%20Report.docx,,None,undisclosed,True
科威特,Dorra,纳入当前目录；现时产量/状态以新审计为准,Dorra,已列资产或新增原文确认；新来源、资产层级与数据期见当前逐行审计；旧值不自动沿用,https://www.gem.wiki/Dorra_Oil_and_Gas_Field_(Kuwait),https://www.gem.wiki/Dorra_Oil_and_Gas_Field_(Kuwait),,None,undisclosed,True
叙利亚,Al Khairat,纳入当前目录；现时产量/状态以新审计为准,Al Khairat,已列资产或新增原文确认；新来源、资产层级与数据期见当前逐行审计；旧值不自动沿用,https://www.gem.wiki/Al_Khairat_Oil_and_Gas_Field_(Syria),https://www.gem.wiki/Al_Khairat_Oil_and_Gas_Field_(Syria),,None,undisclosed,True
埃及,Amal C,纳入当前目录；现时产量/状态以新审计为准,Amal C,已列资产或新增原文确认；新来源、资产层级与数据期见当前逐行审计；旧值不自动沿用,https://www.gem.wiki/Amal_C_Oil_and_Gas_Field_(Egypt),https://www.gem.wiki/Amal_C_Oil_and_Gas_Field_(Egypt),,None,undisclosed,True
埃及,Amal,纳入当前目录；现时产量/状态以新审计为准,Amal,已列资产或新增原文确认；新来源、资产层级与数据期见当前逐行审计；旧值不自动沿用,https://www.gem.wiki/Amal_Oil_Field_(Egypt),https://www.gem.wiki/Amal_Oil_Field_(Egypt),,None,undisclosed,True
阿曼,Amal West,纳入当前目录；现时产量/状态以新审计为准,Amal West,已列资产或新增原文确认；新来源、资产层级与数据期见当前逐行审计；旧值不自动沿用,https://www.gem.wiki/Amal_West_Oil_Field_(Oman),https://www.gem.wiki/Amal_West_Oil_Field_(Oman),,None,undisclosed,True
阿联酋,XF-002,纳入当前目录；现时产量/状态以新审计为准,XF-002,已列资产或新增原文确认；新来源、资产层级与数据期见当前逐行审计；旧值不自动沿用,https://www.gem.wiki/XF-002_Oil_and_Gas_Field_(United_Arab_Emirates),https://www.gem.wiki/XF-002_Oil_and_Gas_Field_(United_Arab_Emirates),,None,undisclosed,True
叙利亚,Akash,纳入当前目录；现时产量/状态以新审计为准,Akash,已列资产或新增原文确认；新来源、资产层级与数据期见当前逐行审计；旧值不自动沿用,https://www.gem.wiki/Akash_Oil_Field_(Syria),https://www.gem.wiki/Akash_Oil_Field_(Syria),,None,undisclosed,True
叙利亚,Ahmer,纳入当前目录；现时产量/状态以新审计为准,Ahmer,已列资产或新增原文确认；新来源、资产层级与数据期见当前逐行审计；旧值不自动沿用,https://www.gem.wiki/Ahmer_Oil_Field_(Syria),https://www.mdpi.com/2076-0760/5/2/20,,None,undisclosed,False
阿曼,Amin,纳入当前目录；现时产量/状态以新审计为准,Amin,已列资产或新增原文确认；新来源、资产层级与数据期见当前逐行审计；旧值不自动沿用,https://www.gem.wiki/Amin_Oil_Field_(Oman),https://www.gem.wiki/Amin_Oil_Field_(Oman),,None,undisclosed,True
以色列,Athena,纳入当前目录；现时产量/状态以新审计为准,Athena,已列资产或新增原文确认；新来源、资产层级与数据期见当前逐行审计；旧值不自动沿用,https://www.gem.wiki/Athena_Gas_Field_(Israel),https://www.gem.wiki/Athena_Gas_Field_(Israel),,None,undisclosed,True
叙利亚,Azraq,纳入当前目录；现时产量/状态以新审计为准,Azraq,已列资产或新增原文确认；新来源、资产层级与数据期见当前逐行审计；旧值不自动沿用,https://www.gem.wiki/Azraq_Oil_Field_(Syria),https://www.gem.wiki/Azraq_Oil_Field_(Syria),,None,undisclosed,True
阿联酋,Aqam,纳入当前目录；现时产量/状态以新审计为准,Aqam,已列资产或新增原文确认；新来源、资产层级与数据期见当前逐行审计；旧值不自动沿用,https://www.gem.wiki/Aqam_Oil_and_Gas_Field_(United_Arab_Emirates),https://www.gem.wiki/Aqam_Oil_and_Gas_Field_(United_Arab_Emirates),,None,undisclosed,True
叙利亚,Zumlat al-Maharr,纳入当前目录；现时产量/状态以新审计为准,Zumlat al-Maharr,已列资产或新增原文确认；新来源、资产层级与数据期见当前逐行审计；旧值不自动沿用,https://www.gem.wiki/Zumlat_al-Maharr_Gas_Field_(Syria),https://www.gem.wiki/Zumlat_al-Maharr_Gas_Field_(Syria),,None,undisclosed,True
以色列,Zeus,纳入当前目录；现时产量/状态以新审计为准,Zeus,已列资产或新增原文确认；新来源、资产层级与数据期见当前逐行审计；旧值不自动沿用,https://www.gem.wiki/Zeus_Gas_Field_(Israel),https://www.gem.wiki/Zeus_Gas_Field_(Israel),,None,undisclosed,True
伊朗,Aban,纳入当前目录；现时产量/状态以新审计为准,Aban,已列资产或新增原文确认；新来源、资产层级与数据期见当前逐行审计；旧值不自动沿用,https://www.gem.wiki/Aban_Oil_Field_(Iran),https://www.gem.wiki/Aban_Oil_Field_(Iran),,None,undisclosed,True
埃及,Yazzi,纳入当前目录；现时产量/状态以新审计为准,Yazzi,已列资产或新增原文确认；新来源、资产层级与数据期见当前逐行审计；旧值不自动沿用,https://www.gem.wiki/Yazzi_Oil_and_Gas_Field_(Egypt),https://www.gem.wiki/Yazzi_Oil_and_Gas_Field_(Egypt),,None,undisclosed,True
科威特,Abduliyah,纳入当前目录；现时产量/状态以新审计为准,Abduliyah,已列资产或新增原文确认；新来源、资产层级与数据期见当前逐行审计；旧值不自动沿用,https://www.gem.wiki/Abduliyah_Oil_and_Gas_Field_(Kuwait),https://www.gem.wiki/Abduliyah_Oil_and_Gas_Field_(Kuwait),,None,undisclosed,True
伊拉克,West Kifl,纳入当前目录；现时产量/状态以新审计为准,West Kifl,已列资产或新增原文确认；新来源、资产层级与数据期见当前逐行审计；旧值不自动沿用,https://www.gem.wiki/West_Kifl_Oil_Field_(Iraq),https://eiti.org/sites/default/files/Iraq%202023%20EITI%20Report.docx,,None,undisclosed,不适用
埃及,West Kalabsha,纳入当前目录；现时产量/状态以新审计为准,West Kalabsha,已列资产或新增原文确认；新来源、资产层级与数据期见当前逐行审计；旧值不自动沿用,https://www.gem.wiki/West_Kalabsha_Oil_and_Gas_Field_(Egypt),https://eug.petroleum.gov.eg/dp/jsp/new_live/InteractiveMap/devGeoJson4-5-2025.geojson,,None,undisclosed,False
埃及,Badri,纳入当前目录；现时产量/状态以新审计为准,Badri,已列资产或新增原文确认；新来源、资产层级与数据期见当前逐行审计；旧值不自动沿用,https://www.gem.wiki/Badri_Oil_and_Gas_Field_(Egypt),https://www.gem.wiki/Badri_Oil_and_Gas_Field_(Egypt),,None,undisclosed,True
埃及,Bakr,纳入当前目录；现时产量/状态以新审计为准,Bakr,已列资产或新增原文确认；新来源、资产层级与数据期见当前逐行审计；旧值不自动沿用,https://www.gem.wiki/Bakr_Oil_and_Gas_Field_(Egypt),https://www.gem.wiki/Bakr_Oil_and_Gas_Field_(Egypt),,None,undisclosed,True
伊朗,Balaroud,纳入当前目录；现时产量/状态以新审计为准,Balaroud,已列资产或新增原文确认；新来源、资产层级与数据期见当前逐行审计；旧值不自动沿用,https://www.gem.wiki/Balaroud_Oil_and_Gas_Field_(Iran),https://www.gem.wiki/Balaroud_Oil_and_Gas_Field_(Iran),,None,undisclosed,True
叙利亚,Wahab,纳入当前目录；现时产量/状态以新审计为准,Wahab,已列资产或新增原文确认；新来源、资产层级与数据期见当前逐行审计；旧值不自动沿用,https://www.gem.wiki/Wahab_Oil_Field_(Syria),https://www.gem.wiki/Wahab_Oil_Field_(Syria),,None,undisclosed,True
伊拉克,Bina Bawi,纳入当前目录；现时产量/状态以新审计为准,Bina Bawi,已列资产或新增原文确认；新来源、资产层级与数据期见当前逐行审计；旧值不自动沿用,https://www.gem.wiki/Bina_Bawi_Oil_and_Gas_Field_(Iraq),https://genelenergy.com/wp-content/uploads/190326_Genel-AR_web-1.pdf,,None,undisclosed,不适用
埃及,Bed-2,纳入当前目录；现时产量/状态以新审计为准,Bed-2,已列资产或新增原文确认；新来源、资产层级与数据期见当前逐行审计；旧值不自动沿用,https://www.gem.wiki/Bed-2_Oil_and_Gas_Field_(Egypt),https://www.gem.wiki/Bed-2_Oil_and_Gas_Field_(Egypt),,None,undisclosed,True
埃及,Belayim Marine,纳入当前目录；现时产量/状态以新审计为准,Belayim Marine,已列资产或新增原文确认；新来源、资产层级与数据期见当前逐行审计；旧值不自动沿用,https://www.gem.wiki/Belayim_Marine_Oil_and_Gas_Field_(Egypt),https://www.gem.wiki/Belayim_Marine_Oil_and_Gas_Field_(Egypt),,None,undisclosed,True
埃及,WDDM Phase 11 Gas Phase,纳入当前目录；现时产量/状态以新审计为准,WDDM Phase 11 Gas Phase,已列资产或新增原文确认；新来源、资产层级与数据期见当前逐行审计；旧值不自动沿用,https://www.gem.wiki/WDDM_Phase_11_Gas_Phase_(Egypt),https://www.gem.wiki/WDDM_Phase_11_Gas_Phase_(Egypt),,None,undisclosed,True
阿联酋,Ras Al Sadr,纳入当前目录；现时产量/状态以新审计为准,Ras Al Sadr,已列资产或新增原文确认；新来源、资产层级与数据期见当前逐行审计；旧值不自动沿用,https://www.gem.wiki/Ras_Al_Sadr_Gas_Field_(United_Arab_Emirates),https://www.gem.wiki/Ras_Al_Sadr_Gas_Field_(United_Arab_Emirates),,None,undisclosed,True
阿曼,Mabrouk Southwest,纳入当前目录；现时产量/状态以新审计为准,Mabrouk Southwest,已列资产或新增原文确认；新来源、资产层级与数据期见当前逐行审计；旧值不自动沿用,https://www.gem.wiki/Mabrouk_Southwest_Oil_and_Gas_Field_(Oman),https://www.gem.wiki/Mabrouk_Southwest_Oil_and_Gas_Field_(Oman),,None,undisclosed,True
科威特,Raudhatain East,纳入当前目录；现时产量/状态以新审计为准,Raudhatain East,已列资产或新增原文确认；新来源、资产层级与数据期见当前逐行审计；旧值不自动沿用,https://www.gem.wiki/Raudhatain_East_Oil_and_Gas_Field_(Kuwait),https://www.gem.wiki/Raudhatain_East_Oil_and_Gas_Field_(Kuwait),,None,undisclosed,True
伊朗,Madar,纳入当前目录；现时产量/状态以新审计为准,Madar,已列资产或新增原文确认；新来源、资产层级与数据期见当前逐行审计；旧值不自动沿用,https://www.gem.wiki/Madar_Gas_Field_(Iran),https://www.gem.wiki/Madar_Gas_Field_(Iran),,None,undisclosed,True
叙利亚,Ratka,纳入当前目录；现时产量/状态以新审计为准,Ratka,已列资产或新增原文确认；新来源、资产层级与数据期见当前逐行审计；旧值不自动沿用,https://www.gem.wiki/Ratka_Oil_Field_(Syria),https://www.mdpi.com/2076-0760/5/2/20,,None,undisclosed,False
卡塔尔,RasGas 3,纳入当前目录；现时产量/状态以新审计为准,RasGas 3,已列资产或新增原文确认；新来源、资产层级与数据期见当前逐行审计；旧值不自动沿用,https://www.gem.wiki/RasGas_3_Oil_and_Gas_Field_(Qatar),https://www.gem.wiki/RasGas_3_Oil_and_Gas_Field_(Qatar),,None,undisclosed,True
卡塔尔,RasGas 2,纳入当前目录；现时产量/状态以新审计为准,RasGas 2,已列资产或新增原文确认；新来源、资产层级与数据期见当前逐行审计；旧值不自动沿用,https://www.gem.wiki/RasGas_2_Gas_Field_(Qatar),https://www.gem.wiki/RasGas_2_Gas_Field_(Qatar),,None,undisclosed,True
阿曼,Makarem,纳入当前目录；现时产量/状态以新审计为准,Makarem,已列资产或新增原文确认；新来源、资产层级与数据期见当前逐行审计；旧值不自动沿用,https://www.gem.wiki/Makarem_Oil_and_Gas_Field_(Oman),https://www.gem.wiki/Makarem_Oil_and_Gas_Field_(Oman),,None,undisclosed,True
沙特阿拉伯,Maharah,纳入当前目录；现时产量/状态以新审计为准,Maharah,已列资产或新增原文确认；新来源、资产层级与数据期见当前逐行审计；旧值不自动沿用,https://www.gem.wiki/Maharah_Oil_Field_(Saudi_Arabia),https://www.gem.wiki/Maharah_Oil_Field_(Saudi_Arabia),,None,undisclosed,True
阿曼,Mabrouk Deep,纳入当前目录；现时产量/状态以新审计为准,Mabrouk Deep,已列资产或新增原文确认；新来源、资产层级与数据期见当前逐行审计；旧值不自动沿用,https://www.gem.wiki/Mabrouk_Deep_Oil_and_Gas_Field_(Oman),https://www.gem.wiki/Mabrouk_Deep_Oil_and_Gas_Field_(Oman),,None,undisclosed,True
科威特,Lulu,纳入当前目录；现时产量/状态以新审计为准,Lulu,已列资产或新增原文确认；新来源、资产层级与数据期见当前逐行审计；旧值不自动沿用,"https://www.gem.wiki/Lulu_Oil_and_Gas_Field_(Kuwait,_Saudi_Arabia,_Iran)","https://www.gem.wiki/Lulu_Oil_and_Gas_Field_(Kuwait,_Saudi_Arabia,_Iran)",,None,undisclosed,True
埃及,Python,纳入当前目录；现时产量/状态以新审计为准,Python,已列资产或新增原文确认；新来源、资产层级与数据期见当前逐行审计；旧值不自动沿用,https://www.gem.wiki/Python_Oil_and_Gas_Field_(Egypt),https://www.gem.wiki/Python_Oil_and_Gas_Field_(Egypt),,None,undisclosed,True
科威特,Marrat,纳入当前目录；现时产量/状态以新审计为准,Marrat,已列资产或新增原文确认；新来源、资产层级与数据期见当前逐行审计；旧值不自动沿用,https://www.gem.wiki/Marrat_Oil_and_Gas_Field_(Kuwait),https://www.gem.wiki/Marrat_Oil_and_Gas_Field_(Kuwait),,None,undisclosed,True
以色列,Mari-B,纳入当前目录；现时产量/状态以新审计为准,Mari-B,已列资产或新增原文确认；新来源、资产层级与数据期见当前逐行审计；旧值不自动沿用,https://www.gem.wiki/Mari-B_Oil_and_Gas_Field_(Israel),https://www.gem.wiki/Mari-B_Oil_and_Gas_Field_(Israel),,None,undisclosed,True
埃及,Qarun,纳入当前目录；现时产量/状态以新审计为准,Qarun,已列资产或新增原文确认；新来源、资产层级与数据期见当前逐行审计；旧值不自动沿用,https://www.gem.wiki/Qarun_Oil_and_Gas_Field_(Egypt),https://www.gem.wiki/Qarun_Oil_and_Gas_Field_(Egypt),,None,undisclosed,True
卡塔尔,Qatargas 1,纳入当前目录；现时产量/状态以新审计为准,Qatargas 1,已列资产或新增原文确认；新来源、资产层级与数据期见当前逐行审计；旧值不自动沿用,https://www.gem.wiki/Qatargas_1_Gas_Field_(Qatar),https://www.gem.wiki/Qatargas_1_Gas_Field_(Qatar),,None,undisclosed,True
叙利亚,Maleh,纳入当前目录；现时产量/状态以新审计为准,Maleh,已列资产或新增原文确认；新来源、资产层级与数据期见当前逐行审计；旧值不自动沿用,https://www.gem.wiki/Maleh_Oil_Field_(Syria),https://www.mdpi.com/2076-0760/5/2/20,,None,undisclosed,False
阿联酋,Qusahwira (Phase 2),纳入当前目录；现时产量/状态以新审计为准,Qusahwira (Phase 2),已列资产或新增原文确认；新来源、资产层级与数据期见当前逐行审计；旧值不自动沿用,https://www.gem.wiki/Qusahwira_(Phase_2)_Oil_Field_(United_Arab_Emirates),https://www.gem.wiki/Qusahwira_(Phase_2)_Oil_Field_(United_Arab_Emirates),,None,undisclosed,True
阿联酋,Qusahwira (Phase 1),纳入当前目录；现时产量/状态以新审计为准,Qusahwira (Phase 1),已列资产或新增原文确认；新来源、资产层级与数据期见当前逐行审计；旧值不自动沿用,https://www.gem.wiki/Qusahwira_(Phase_1)_Oil_Field_(United_Arab_Emirates),https://www.gem.wiki/Qusahwira_(Phase_1)_Oil_Field_(United_Arab_Emirates),,None,undisclosed,True
伊拉克,Mansuriyah,同田别名/已列组合范围；不另增节点,Mansuriya,名称变体按公开资产名录/原文对应；不以距离匹配,https://www.gem.wiki/Mansuriyah_Oil_and_Gas_Field_(Iraq),https://eiti.org/sites/default/files/Iraq%202023%20EITI%20Report.docx,,None,undisclosed,True
阿曼,Maradi Huraymah/Fushaigah,纳入当前目录；现时产量/状态以新审计为准,Maradi Huraymah/Fushaigah,已列资产或新增原文确认；新来源、资产层级与数据期见当前逐行审计；旧值不自动沿用,https://www.gem.wiki/Maradi_Huraymah/Fushaigah_Oil_and_Gas_Field_(Oman),https://www.gem.wiki/Maradi_Huraymah/Fushaigah_Oil_and_Gas_Field_(Oman),,None,undisclosed,True
埃及,Saffron,纳入当前目录；现时产量/状态以新审计为准,Saffron,已列资产或新增原文确认；新来源、资产层级与数据期见当前逐行审计；旧值不自动沿用,https://www.gem.wiki/Saffron_Oil_and_Gas_Field_(Egypt),https://www.gem.wiki/Saffron_Oil_and_Gas_Field_(Egypt),,None,undisclosed,True
阿曼,Sadad North,纳入当前目录；现时产量/状态以新审计为准,Sadad North,已列资产或新增原文确认；新来源、资产层级与数据期见当前逐行审计；旧值不自动沿用,https://www.gem.wiki/Sadad_North_Oil_Field_(Oman),https://www.gem.wiki/Sadad_North_Oil_Field_(Oman),,None,undisclosed,True
伊朗,Rudak Milatun,纳入当前目录；现时产量/状态以新审计为准,Rudak Milatun,已列资产或新增原文确认；新来源、资产层级与数据期见当前逐行审计；旧值不自动沿用,https://www.gem.wiki/Rudak_Milatun_Oil_and_Gas_Field_(Iran),https://www.gem.wiki/Rudak_Milatun_Oil_and_Gas_Field_(Iran),,None,undisclosed,True
伊朗,Lali,纳入当前目录；现时产量/状态以新审计为准,Lali,已列资产或新增原文确认；新来源、资产层级与数据期见当前逐行审计；旧值不自动沿用,https://www.gem.wiki/Lali_Oil_Field_(Iran),https://www.gem.wiki/Lali_Oil_Field_(Iran),,None,undisclosed,True
阿曼,Runib,纳入当前目录；现时产量/状态以新审计为准,Runib,已列资产或新增原文确认；新来源、资产层级与数据期见当前逐行审计；旧值不自动沿用,https://www.gem.wiki/Runib_Oil_Field_(Oman),https://www.gem.wiki/Runib_Oil_Field_(Oman),,None,undisclosed,True
阿曼,Saih Rawl,纳入当前目录；现时产量/状态以新审计为准,Saih Rawl,已列资产或新增原文确认；新来源、资产层级与数据期见当前逐行审计；旧值不自动沿用,https://www.gem.wiki/Saih_Rawl_Oil_and_Gas_Field_(Oman),https://www.gem.wiki/Saih_Rawl_Oil_and_Gas_Field_(Oman),,None,undisclosed,True
伊拉克,Salman,纳入当前目录；现时产量/状态以新审计为准,Salman,已列资产或新增原文确认；新来源、资产层级与数据期见当前逐行审计；旧值不自动沿用,https://www.gem.wiki/Salman_Oil_and_Gas_Field_(Iraq),https://www.gem.wiki/Salman_Oil_and_Gas_Field_(Iraq),,None,undisclosed,True
阿曼,Sakhiya,纳入当前目录；现时产量/状态以新审计为准,Sakhiya,已列资产或新增原文确认；新来源、资产层级与数据期见当前逐行审计；旧值不自动沿用,https://www.gem.wiki/Sakhiya_Oil_Field_(Oman),https://www.gem.wiki/Sakhiya_Oil_Field_(Oman),,None,undisclosed,True
土耳其,Sakarya,纳入当前目录；现时产量/状态以新审计为准,Sakarya,已列资产或新增原文确认；新来源、资产层级与数据期见当前逐行审计；旧值不自动沿用,https://enerji.gov.tr/haber-detay?id=31903,https://enerji.gov.tr/haber-detay?id=31903,约8.34,约8.34,estimated_daily_average,不适用
埃及,Libra,纳入当前目录；现时产量/状态以新审计为准,Libra,已列资产或新增原文确认；新来源、资产层级与数据期见当前逐行审计；旧值不自动沿用,https://www.gem.wiki/Libra_Gas_Field_(Egypt),https://www.bp.com.cn/zh_cn/china/home/news/press-releases/news-05-17-2017.html,,None,undisclosed,不适用
阿曼,Rima,纳入当前目录；现时产量/状态以新审计为准,Rima,已列资产或新增原文确认；新来源、资产层级与数据期见当前逐行审计；旧值不自动沿用,https://www.gem.wiki/Rima_Oil_Field_(Oman),https://www.gem.wiki/Rima_Oil_Field_(Oman),,None,undisclosed,True
以色列,Royee,纳入当前目录；现时产量/状态以新审计为准,Royee,已列资产或新增原文确认；新来源、资产层级与数据期见当前逐行审计；旧值不自动沿用,https://www.gem.wiki/Royee_Oil_and_Gas_Field_(Israel),https://mayafiles.tase.co.il/rpdf/1100001-1101000/P1100367-00.pdf,,None,undisclosed,False
沙特阿拉伯,Nuayyim,纳入当前目录；现时产量/状态以新审计为准,Nuayyim,已列资产或新增原文确认；新来源、资产层级与数据期见当前逐行审计；旧值不自动沿用,https://www.gem.wiki/Nuayyim_Oil_and_Gas_Field_(Saudi_Arabia),https://www.gem.wiki/Nuayyim_Oil_and_Gas_Field_(Saudi_Arabia),,None,undisclosed,True
埃及,Nour,纳入当前目录；现时产量/状态以新审计为准,Nour,已列资产或新增原文确认；新来源、资产层级与数据期见当前逐行审计；旧值不自动沿用,https://www.gem.wiki/Nour_Gas_Field_(Egypt),https://www.gem.wiki/Nour_Gas_Field_(Egypt),,None,undisclosed,True
以色列,Noa,纳入当前目录；现时产量/状态以新审计为准,Noa,已列资产或新增原文确认；新来源、资产层级与数据期见当前逐行审计；旧值不自动沿用,https://www.gem.wiki/Noa_Gas_Field_(Israel),https://www.gem.wiki/Noa_Gas_Field_(Israel),,None,undisclosed,True
埃及,Nooros East,纳入当前目录；现时产量/状态以新审计为准,Nooros East,已列资产或新增原文确认；新来源、资产层级与数据期见当前逐行审计；旧值不自动沿用,https://www.gem.wiki/Nooros_East_Oil_and_Gas_Field_(Egypt),https://www.gem.wiki/Nooros_East_Oil_and_Gas_Field_(Egypt),,None,undisclosed,True
埃及,North Abu Qir PIII,纳入当前目录；现时产量/状态以新审计为准,North Abu Qir PIII,已列资产或新增原文确认；新来源、资产层级与数据期见当前逐行审计；旧值不自动沿用,https://www.gem.wiki/North_Abu_Qir_PIII_Oil_and_Gas_Field_(Egypt),https://www.gem.wiki/North_Abu_Qir_PIII_Oil_and_Gas_Field_(Egypt),,None,undisclosed,True
伊朗,North Pars,纳入当前目录；现时产量/状态以新审计为准,North Pars,已列资产或新增原文确认；新来源、资产层级与数据期见当前逐行审计；旧值不自动沿用,https://www.gem.wiki/North_Pars_Gas_Field_(Iran),https://www.eia.gov/international/content/analysis/countries_long/Iran/pdf/Iran%20CAB%202024.pdf,,"1,460",target_capacity,不适用
埃及,North Safa,纳入当前目录；现时产量/状态以新审计为准,North Safa,已列资产或新增原文确认；新来源、资产层级与数据期见当前逐行审计；旧值不自动沿用,https://www.gem.wiki/North_Safa_Oil_and_Gas_Field_(Egypt),https://www.gem.wiki/North_Safa_Oil_and_Gas_Field_(Egypt),,None,undisclosed,True
土耳其,North Sakarya,纳入当前目录；现时产量/状态以新审计为准,North Sakarya,已列资产或新增原文确认；新来源、资产层级与数据期见当前逐行审计；旧值不自动沿用,https://www.gem.wiki/North_Sakarya_Gas_Field_(Türkiye),https://www.gem.wiki/North_Sakarya_Gas_Field_(Türkiye),,None,undisclosed,True
科威特,North Wafra,纳入当前目录；现时产量/状态以新审计为准,North Wafra,已列资产或新增原文确认；新来源、资产层级与数据期见当前逐行审计；旧值不自动沿用,"https://www.gem.wiki/North_Wafra_Oil_and_Gas_Field_(Kuwait,_Saudi_Arabia)","https://www.gem.wiki/North_Wafra_Oil_and_Gas_Field_(Kuwait,_Saudi_Arabia)",,None,undisclosed,True
埃及,Nidoco NW,纳入当前目录；现时产量/状态以新审计为准,Nidoco NW,已列资产或新增原文确认；新来源、资产层级与数据期见当前逐行审计；旧值不自动沿用,https://www.gem.wiki/Nidoco_NW_Gas_Field_(Egypt),https://www.gem.wiki/Nidoco_NW_Gas_Field_(Egypt),,None,undisclosed,True
伊朗,Pol Dokhtar,纳入当前目录；现时产量/状态以新审计为准,Pol Dokhtar,已列资产或新增原文确认；新来源、资产层级与数据期见当前逐行审计；旧值不自动沿用,https://www.gem.wiki/Pol_Dokhtar_Oil_and_Gas_Field_(Iran),https://www.gem.wiki/Pol_Dokhtar_Oil_and_Gas_Field_(Iran),,None,undisclosed,True
伊拉克,Merjan,同田别名/已列组合范围；不另增节点,Marjan (Iraq),名称变体按公开资产名录/原文对应；不以距离匹配,https://www.gem.wiki/Merjan_Oil_Field_(Iraq),https://eiti.org/sites/default/files/Iraq%202023%20EITI%20Report.docx,,None,undisclosed,True
埃及,Mina West,纳入当前目录；现时产量/状态以新审计为准,Mina West,已列资产或新增原文确认；新来源、资产层级与数据期见当前逐行审计；旧值不自动沿用,https://www.gem.wiki/Mina_West_Gas_Field_(Egypt),https://www.gem.wiki/Mina_West_Gas_Field_(Egypt),,None,undisclosed,True
阿联酋,Mubarak,纳入当前目录；现时产量/状态以新审计为准,Mubarak,已列资产或新增原文确认；新来源、资产层级与数据期见当前逐行审计；旧值不自动沿用,https://www.gem.wiki/Mubarak_Oil_and_Gas_Field_(United_Arab_Emirates),https://www.gem.wiki/Mubarak_Oil_and_Gas_Field_(United_Arab_Emirates),,None,undisclosed,True
伊朗,Nar,纳入当前目录；现时产量/状态以新审计为准,Nar,已列资产或新增原文确认；新来源、资产层级与数据期见当前逐行审计；旧值不自动沿用,https://www.gem.wiki/Nar_Gas_Field_(Iran),https://www.gem.wiki/Nar_Gas_Field_(Iran),,None,undisclosed,True
埃及,Narges,纳入当前目录；现时产量/状态以新审计为准,Narges,已列资产或新增原文确认；新来源、资产层级与数据期见当前逐行审计；旧值不自动沿用,https://www.gem.wiki/Narges_Gas_Field_(Egypt),https://www.gem.wiki/Narges_Gas_Field_(Egypt),,None,undisclosed,True
伊拉克,Nau Doman,同田别名/已列组合范围；不另增节点,Nao Doman,名称变体按公开资产名录/原文对应；不以距离匹配,https://www.gem.wiki/Nau_Doman_Oil_and_Gas_Field_(Iraq),https://eiti.org/sites/default/files/Iraq%202023%20EITI%20Report.docx,,None,undisclosed,True
伊朗,Naft Safid,纳入当前目录；现时产量/状态以新审计为准,Naft Safid,已列资产或新增原文确认；新来源、资产层级与数据期见当前逐行审计；旧值不自动沿用,https://www.gem.wiki/Naft_Safid_Oil_Field_(Iran),https://www.gem.wiki/Naft_Safid_Oil_Field_(Iran),,None,undisclosed,True
伊朗,Namavaran,纳入当前目录；现时产量/状态以新审计为准,Namavaran,已列资产或新增原文确认；新来源、资产层级与数据期见当前逐行审计；旧值不自动沿用,https://www.gem.wiki/Namavaran_Oil_Field_(Iran),https://www.gem.wiki/Namavaran_Oil_Field_(Iran),,None,undisclosed,True
伊拉克,Kurdamir,纳入当前目录；现时产量/状态以新审计为准,Kurdamir,已列资产或新增原文确认；新来源、资产层级与数据期见当前逐行审计；旧值不自动沿用,https://www.gem.wiki/Kurdamir_Gas_Field_(Iraq),https://www.gem.wiki/Kurdamir_Gas_Field_(Iraq),,None,undisclosed,True
叙利亚,Habbari,纳入当前目录；现时产量/状态以新审计为准,Habbari,已列资产或新增原文确认；新来源、资产层级与数据期见当前逐行审计；旧值不自动沿用,https://www.gem.wiki/Habbari_Oil_Field_(Syria),https://www.gem.wiki/Habbari_Oil_Field_(Syria),,None,undisclosed,True
阿联酋,Habshan,纳入当前目录；现时产量/状态以新审计为准,Habshan,已列资产或新增原文确认；新来源、资产层级与数据期见当前逐行审计；旧值不自动沿用,https://www.gem.wiki/Habshan_Oil_and_Gas_Field_(United_Arab_Emirates),https://www.gem.wiki/Habshan_Oil_and_Gas_Field_(United_Arab_Emirates),,None,undisclosed,True
伊朗,Halegan,纳入当前目录；现时产量/状态以新审计为准,Halegan,已列资产或新增原文确认；新来源、资产层级与数据期见当前逐行审计；旧值不自动沿用,https://www.gem.wiki/Halegan_Gas_Field_(Iran),https://www.eia.gov/international/content/analysis/countries_long/Iran/pdf/Iran%20CAB%202024.pdf,,None,undisclosed,不适用
沙特阿拉伯,Haradh,纳入当前目录；现时产量/状态以新审计为准,Haradh,已列资产或新增原文确认；新来源、资产层级与数据期见当前逐行审计；旧值不自动沿用,https://www.gem.wiki/Haradh_Gas_Field_(Saudi_Arabia),https://www.gem.wiki/Haradh_Gas_Field_(Saudi_Arabia),,None,undisclosed,True
埃及,Giza,纳入当前目录；现时产量/状态以新审计为准,Giza,已列资产或新增原文确认；新来源、资产层级与数据期见当前逐行审计；旧值不自动沿用,https://www.gem.wiki/Giza_Gas_Field_(Egypt),https://www.bp.com.cn/zh_cn/china/home/news/press-releases/news-05-17-2017.html,,None,undisclosed,不适用
埃及,GNN,纳入当前目录；现时产量/状态以新审计为准,GNN,已列资产或新增原文确认；新来源、资产层级与数据期见当前逐行审计；旧值不自动沿用,https://www.gem.wiki/GNN_Oil_and_Gas_Field_(Egypt),https://www.gem.wiki/GNN_Oil_and_Gas_Field_(Egypt),,None,undisclosed,True
土耳其,Goktepe,纳入当前目录；现时产量/状态以新审计为准,Goktepe,已列资产或新增原文确认；新来源、资产层级与数据期见当前逐行审计；旧值不自动沿用,https://www.gem.wiki/Goktepe_Gas_Field_(Türkiye),https://www.gem.wiki/Goktepe_Gas_Field_(Türkiye),,None,undisclosed,True
伊朗,Golshan,纳入当前目录；现时产量/状态以新审计为准,Golshan,已列资产或新增原文确认；新来源、资产层级与数据期见当前逐行审计；旧值不自动沿用,https://www.gem.wiki/Golshan_Gas_Field_(Iran),https://www.gem.wiki/Golshan_Gas_Field_(Iran),,None,undisclosed,True
埃及,Hilal,纳入当前目录；现时产量/状态以新审计为准,Hilal,已列资产或新增原文确认；新来源、资产层级与数据期见当前逐行审计；旧值不自动沿用,https://www.gem.wiki/Hilal_Oil_and_Gas_Field_(Egypt),https://www.gem.wiki/Hilal_Oil_and_Gas_Field_(Egypt),,None,undisclosed,True
科威特,Homah,纳入当前目录；现时产量/状态以新审计为准,Homah,已列资产或新增原文确认；新来源、资产层级与数据期见当前逐行审计；旧值不自动沿用,https://www.gem.wiki/Homah_Oil_and_Gas_Field_(Kuwait),https://www.gem.wiki/Homah_Oil_and_Gas_Field_(Kuwait),,None,undisclosed,True
埃及,Harmattan,纳入当前目录；现时产量/状态以新审计为准,Harmattan,已列资产或新增原文确认；新来源、资产层级与数据期见当前逐行审计；旧值不自动沿用,https://www.gem.wiki/Harmattan_Gas_Field_(Egypt),https://www.gem.wiki/Harmattan_Gas_Field_(Egypt),,None,undisclosed,True
科威特,Humma,纳入当前目录；现时产量/状态以新审计为准,Humma,已列资产或新增原文确认；新来源、资产层级与数据期见当前逐行审计；旧值不自动沿用,"https://www.gem.wiki/Humma_Oil_and_Gas_Field_(Kuwait,_Saudi_Arabia)","https://www.gem.wiki/Humma_Oil_and_Gas_Field_(Kuwait,_Saudi_Arabia)",,None,undisclosed,True
埃及,Herunefer,纳入当前目录；现时产量/状态以新审计为准,Herunefer,已列资产或新增原文确认；新来源、资产层级与数据期见当前逐行审计；旧值不自动沿用,https://www.gem.wiki/Herunefer_Oil_and_Gas_Field_(Egypt),https://eug.petroleum.gov.eg/dp/jsp/new_live/InteractiveMap/devGeoJson4-5-2025.geojson,,None,undisclosed,False
沙特阿拉伯,Hasbah,纳入当前目录；现时产量/状态以新审计为准,Hasbah,已列资产或新增原文确认；新来源、资产层级与数据期见当前逐行审计；旧值不自动沿用,https://www.gem.wiki/Hasbah_Oil_and_Gas_Field_(Saudi_Arabia),https://www.gem.wiki/Hasbah_Oil_and_Gas_Field_(Saudi_Arabia),,None,undisclosed,True
埃及,South Sidri,纳入当前目录；现时产量/状态以新审计为准,South Sidri,已列资产或新增原文确认；新来源、资产层级与数据期见当前逐行审计；旧值不自动沿用,https://www.gem.wiki/South_Sidri_Oil_Field_(Egypt),https://www.gem.wiki/South_Sidri_Oil_Field_(Egypt),,None,undisclosed,True
沙特阿拉伯,Hawiyah,纳入当前目录；现时产量/状态以新审计为准,Hawiyah,已列资产或新增原文确认；新来源、资产层级与数据期见当前逐行审计；旧值不自动沿用,https://www.gem.wiki/Hawiyah_Gas_Field_(Saudi_Arabia),https://www.gem.wiki/Hawiyah_Gas_Field_(Saudi_Arabia),,None,undisclosed,True
以色列,Hermes,纳入当前目录；现时产量/状态以新审计为准,Hermes,已列资产或新增原文确认；新来源、资产层级与数据期见当前逐行审计；旧值不自动沿用,https://www.gem.wiki/Hermes_Gas_Field_(Israel),https://www.gem.wiki/Hermes_Gas_Field_(Israel),,None,undisclosed,True
科威特,South Magwa,纳入当前目录；现时产量/状态以新审计为准,South Magwa,已列资产或新增原文确认；新来源、资产层级与数据期见当前逐行审计；旧值不自动沿用,https://www.gem.wiki/South_Magwa_Oil_Field_(Kuwait),https://www.gem.wiki/South_Magwa_Oil_Field_(Kuwait),,None,undisclosed,True
伊朗,Esfandiar,纳入当前目录；现时产量/状态以新审计为准,Esfandiar,已列资产或新增原文确认；新来源、资产层级与数据期见当前逐行审计；旧值不自动沿用,https://www.gem.wiki/Esfandiar_Oil_Field_(Iran),https://www.gem.wiki/Esfandiar_Oil_Field_(Iran),,None,undisclosed,True
叙利亚,Fadeh,纳入当前目录；现时产量/状态以新审计为准,Fadeh,已列资产或新增原文确认；新来源、资产层级与数据期见当前逐行审计；旧值不自动沿用,https://www.gem.wiki/Fadeh_Oil_Field_(Syria),https://www.mdpi.com/2076-0760/5/2/20,,None,undisclosed,False
阿曼,Fahd,纳入当前目录；现时产量/状态以新审计为准,Fahd,已列资产或新增原文确认；新来源、资产层级与数据期见当前逐行审计；旧值不自动沿用,https://www.gem.wiki/Fahd_Oil_Field_(Oman),https://www.tethysoil.com/en/prospective-resources-in-fahd-area-block-58/,,None,undisclosed,False
阿曼,Fahd South,纳入当前目录；现时产量/状态以新审计为准,Fahd South,已列资产或新增原文确认；新来源、资产层级与数据期见当前逐行审计；旧值不自动沿用,https://www.gem.wiki/Fahd_South_Oil_Field_(Oman),https://www.tethysoil.com/en/prospective-resources-in-fahd-area-block-58/,,None,undisclosed,True
阿曼,Fahd Southwest,纳入当前目录；现时产量/状态以新审计为准,Fahd Southwest,已列资产或新增原文确认；新来源、资产层级与数据期见当前逐行审计；旧值不自动沿用,https://www.gem.wiki/Fahd_Southwest_Oil_Field_(Oman),https://www.gem.wiki/Fahd_Southwest_Oil_Field_(Oman),,None,undisclosed,True
伊拉克,Eridu,同田别名/已列组合范围；不另增节点,Eridu (Block 10),名称变体按公开资产名录/原文对应；不以距离匹配,https://www.gem.wiki/Eridu_Oil_Field_(Iraq),https://eiti.org/documents/iraq-2023-eiti-report,,None,undisclosed,True
埃及,El King,纳入当前目录；现时产量/状态以新审计为准,El King,已列资产或新增原文确认；新来源、资产层级与数据期见当前逐行审计；旧值不自动沿用,https://www.gem.wiki/El_King_Oil_and_Gas_Field_(Egypt),https://www.gem.wiki/El_King_Oil_and_Gas_Field_(Egypt),,None,undisclosed,True
以色列,Tamar Southwest,纳入当前目录；现时产量/状态以新审计为准,Tamar Southwest,已列资产或新增原文确认；新来源、资产层级与数据期见当前逐行审计；旧值不自动沿用,https://www.gem.wiki/Tamar_Southwest_Oil_and_Gas_Field_(Israel),https://www.gem.wiki/Tamar_Southwest_Oil_and_Gas_Field_(Israel),,None,undisclosed,True
埃及,El Qar,纳入当前目录；现时产量/状态以新审计为准,El Qar,已列资产或新增原文确认；新来源、资产层级与数据期见当前逐行审计；旧值不自动沿用,https://www.gem.wiki/El_Qar_Oil_and_Gas_Field_(Egypt),https://www.gem.wiki/El_Qar_Oil_and_Gas_Field_(Egypt),,None,undisclosed,True
伊朗,Eram,纳入当前目录；现时产量/状态以新审计为准,Eram,已列资产或新增原文确认；新来源、资产层级与数据期见当前逐行审计；旧值不自动沿用,https://www.gem.wiki/Eram_Gas_Field_(Iran),https://www.eia.gov/international/content/analysis/countries_long/Iran/pdf/Iran%20CAB%202024.pdf,,365,target_capacity,不适用
伊朗,Farzad B,纳入当前目录；现时产量/状态以新审计为准,Farzad B,已列资产或新增原文确认；新来源、资产层级与数据期见当前逐行审计；旧值不自动沿用,https://www.gem.wiki/Farzad_B_Gas_Field_(Iran),https://www.eia.gov/international/content/analysis/countries_long/Iran/pdf/Iran%20CAB%202024.pdf,,365,target_capacity,不适用
伊朗,Gardan,纳入当前目录；现时产量/状态以新审计为准,Gardan,已列资产或新增原文确认；新来源、资产层级与数据期见当前逐行审计；旧值不自动沿用,https://www.gem.wiki/Gardan_Gas_Field_(Iran),https://www.eia.gov/international/content/analysis/countries_long/Iran/pdf/Iran%20CAB%202024.pdf,,102,target_capacity,不适用
阿曼,Ghaba North,纳入当前目录；现时产量/状态以新审计为准,Ghaba North,已列资产或新增原文确认；新来源、资产层级与数据期见当前逐行审计；旧值不自动沿用,https://www.gem.wiki/Ghaba_North_Oil_Field_(Oman),https://www.gem.wiki/Ghaba_North_Oil_Field_(Oman),,None,undisclosed,True
阿曼,Ghafeer,纳入当前目录；现时产量/状态以新审计为准,Ghafeer,已列资产或新增原文确认；新来源、资产层级与数据期见当前逐行审计；旧值不自动沿用,https://www.gem.wiki/Ghafeer_Oil_and_Gas_Field_(Oman),https://www.gem.wiki/Ghafeer_Oil_and_Gas_Field_(Oman),,None,undisclosed,True
埃及,Fayoum,纳入当前目录；现时产量/状态以新审计为准,Fayoum,已列资产或新增原文确认；新来源、资产层级与数据期见当前逐行审计；旧值不自动沿用,https://www.gem.wiki/Fayoum_Gas_Field_(Egypt),https://www.bp.com.cn/zh_cn/china/home/news/press-releases/news-05-17-2017.html,,None,undisclosed,不适用
伊朗,Ferdowsi,纳入当前目录；现时产量/状态以新审计为准,Ferdowsi,已列资产或新增原文确认；新来源、资产层级与数据期见当前逐行审计；旧值不自动沿用,https://www.gem.wiki/Ferdowsi_Oil_and_Gas_Field_(Iran),https://www.everycrsreport.com/files/2019-09-10_RS20871_881f4870768e444d3494ae34cef43faf8cb3614a.html,,None,undisclosed,False
埃及,Khalda,纳入当前目录；现时产量/状态以新审计为准,Khalda,已列资产或新增原文确认；新来源、资产层级与数据期见当前逐行审计；旧值不自动沿用,https://www.gem.wiki/Khalda_Oil_and_Gas_Field_(Egypt),https://www.gem.wiki/Khalda_Oil_and_Gas_Field_(Egypt),,None,undisclosed,True
巴林,Khaleej Al-Bahrain,纳入当前目录；现时产量/状态以新审计为准,Khaleej Al-Bahrain,已列资产或新增原文确认；新来源、资产层级与数据期见当前逐行审计；旧值不自动沿用,https://www.gem.wiki/Khaleej_Al-Bahrain_Oil_and_Gas_Field_(Bahrain),https://www.gem.wiki/Khaleej_Al-Bahrain_Oil_and_Gas_Field_(Bahrain),,None,undisclosed,True
伊拉克,Khanah,同田别名/已列组合范围；不另增节点,Naft Khana,名称变体按公开资产名录/原文对应；不以距离匹配,https://www.gem.wiki/Khanah_Oil_Field_(Iraq),https://eiti.org/documents/iraq-2023-eiti-report,,None,undisclosed,True
埃及,Scarab,纳入当前目录；现时产量/状态以新审计为准,Scarab,已列资产或新增原文确认；新来源、资产层级与数据期见当前逐行审计；旧值不自动沿用,https://www.gem.wiki/Scarab_Oil_and_Gas_Field_(Egypt),https://www.gem.wiki/Scarab_Oil_and_Gas_Field_(Egypt),,None,undisclosed,True
伊朗,Khartang,纳入当前目录；现时产量/状态以新审计为准,Khartang,已列资产或新增原文确认；新来源、资产层级与数据期见当前逐行审计；旧值不自动沿用,https://www.gem.wiki/Khartang_Gas_Field_(Iran),https://www.eia.gov/international/content/analysis/countries_long/Iran/pdf/Iran%20CAB%202024.pdf,,256,target_capacity,不适用
科威特,Khashman,纳入当前目录；现时产量/状态以新审计为准,Khashman,已列资产或新增原文确认；新来源、资产层级与数据期见当前逐行审计；旧值不自动沿用,https://www.gem.wiki/Khashman_Oil_and_Gas_Field_(Kuwait),https://www.gem.wiki/Khashman_Oil_and_Gas_Field_(Kuwait),,None,undisclosed,True
伊朗,Khayyam,纳入当前目录；现时产量/状态以新审计为准,Khayyam,已列资产或新增原文确认；新来源、资产层级与数据期见当前逐行审计；旧值不自动沿用,https://www.gem.wiki/Khayyam_Gas_Field_(Iran),https://www.sciencedirect.com/science/article/abs/pii/S0920410520306628,,None,undisclosed,False
埃及,Satis West,纳入当前目录；现时产量/状态以新审计为准,Satis West,已列资产或新增原文确认；新来源、资产层级与数据期见当前逐行审计；旧值不自动沿用,https://www.gem.wiki/Satis_West_Gas_Field_(Egypt),https://staging.theenergyyear.com/articles/in-egypt-bp-sees-a-gas-future-in-the-nile-delta/,,None,undisclosed,False
以色列,Karish North,纳入当前目录；现时产量/状态以新审计为准,Karish North,已列资产或新增原文确认；新来源、资产层级与数据期见当前逐行审计；旧值不自动沿用,https://www.gem.wiki/Karish_North_Oil_and_Gas_Field_(Israel),https://www.gem.wiki/Karish_North_Oil_and_Gas_Field_(Israel),,None,undisclosed,True
以色列,Katlan,纳入当前目录；现时产量/状态以新审计为准,Katlan,已列资产或新增原文确认；新来源、资产层级与数据期见当前逐行审计；旧值不自动沿用,https://www.gem.wiki/Katlan_Gas_Field_(Israel),https://www.gem.wiki/Katlan_Gas_Field_(Israel),,None,undisclosed,True
伊拉克,Kifl,纳入当前目录；现时产量/状态以新审计为准,Kifl,已列资产或新增原文确认；新来源、资产层级与数据期见当前逐行审计；旧值不自动沿用,https://www.gem.wiki/Kifl_Oil_Field_(Iraq),https://eiti.org/sites/default/files/Iraq%202023%20EITI%20Report.docx,,None,undisclosed,不适用
伊朗,Kuh-e-Mond,纳入当前目录；现时产量/状态以新审计为准,Kuh-e-Mond,已列资产或新增原文确认；新来源、资产层级与数据期见当前逐行审计；旧值不自动沿用,https://www.gem.wiki/Kuh-e-Mond_Oil_Field_(Iran),https://www.gem.wiki/Kuh-e-Mond_Oil_Field_(Iran),,None,undisclosed,True
伊朗,Sarkhan,纳入当前目录；现时产量/状态以新审计为准,Sarkhan,已列资产或新增原文确认；新来源、资产层级与数据期见当前逐行审计；旧值不自动沿用,https://www.gem.wiki/Sarkhan_Oil_and_Gas_Field_(Iran),https://www.gem.wiki/Sarkhan_Oil_and_Gas_Field_(Iran),,None,undisclosed,True
伊朗,Kilur Karim,纳入当前目录；现时产量/状态以新审计为准,Kilur Karim,已列资产或新增原文确认；新来源、资产层级与数据期见当前逐行审计；旧值不自动沿用,https://www.gem.wiki/Kilur_Karim_Oil_Field_(Iran),https://www.gem.wiki/Kilur_Karim_Oil_Field_(Iran),,None,undisclosed,True
埃及,Saqqara,纳入当前目录；现时产量/状态以新审计为准,Saqqara,已列资产或新增原文确认；新来源、资产层级与数据期见当前逐行审计；旧值不自动沿用,https://www.gem.wiki/Saqqara_Oil_and_Gas_Field_(Egypt),https://www.gem.wiki/Saqqara_Oil_and_Gas_Field_(Egypt),,None,undisclosed,True
埃及,Sapphire,纳入当前目录；现时产量/状态以新审计为准,Sapphire,已列资产或新增原文确认；新来源、资产层级与数据期见当前逐行审计；旧值不自动沿用,https://www.gem.wiki/Sapphire_Gas_Field_(Egypt),https://www.gem.wiki/Sapphire_Gas_Field_(Egypt),,None,undisclosed,True
沙特阿拉伯,Karan,纳入当前目录；现时产量/状态以新审计为准,Karan,已列资产或新增原文确认；新来源、资产层级与数据期见当前逐行审计；旧值不自动沿用,https://www.gem.wiki/Karan_Gas_Field_(Saudi_Arabia),https://www.gem.wiki/Karan_Gas_Field_(Saudi_Arabia),,None,undisclosed,True
埃及,Simian,纳入当前目录；现时产量/状态以新审计为准,Simian,已列资产或新增原文确认；新来源、资产层级与数据期见当前逐行审计；旧值不自动沿用,https://www.gem.wiki/Simian_Oil_and_Gas_Field_(Egypt),https://www.gem.wiki/Simian_Oil_and_Gas_Field_(Egypt),,None,undisclosed,True
叙利亚,Sijan,纳入当前目录；现时产量/状态以新审计为准,Sijan,已列资产或新增原文确认；新来源、资产层级与数据期见当前逐行审计；旧值不自动沿用,https://www.gem.wiki/Sijan_Oil_Field_(Syria),https://www.gem.wiki/Sijan_Oil_Field_(Syria),,None,undisclosed,True
沙特阿拉伯,Jalamid,纳入当前目录；现时产量/状态以新审计为准,Jalamid,已列资产或新增原文确认；新来源、资产层级与数据期见当前逐行审计；旧值不自动沿用,https://www.gem.wiki/Jalamid_Gas_Field_(Saudi_Arabia),https://www.gem.wiki/Jalamid_Gas_Field_(Saudi_Arabia),,None,undisclosed,True
科威特,Jazza,纳入当前目录；现时产量/状态以新审计为准,Jazza,已列资产或新增原文确认；新来源、资产层级与数据期见当前逐行审计；旧值不自动沿用,https://www.gem.wiki/Jazza_Oil_and_Gas_Field_(Kuwait),https://e.gov.kw/sites/kgoenglish/Pages/ApplicationPages/NewsDetail.aspx?nid=34675812,,None,undisclosed,False
阿联酋,Jebel Ali,纳入当前目录；现时产量/状态以新审计为准,Jebel Ali,已列资产或新增原文确认；新来源、资产层级与数据期见当前逐行审计；旧值不自动沿用,https://www.gem.wiki/Jebel_Ali_Gas_Field_(United_Arab_Emirates),https://www.gem.wiki/Jebel_Ali_Gas_Field_(United_Arab_Emirates),,None,undisclosed,True
埃及,JG-NEAG,纳入当前目录；现时产量/状态以新审计为准,JG-NEAG,已列资产或新增原文确认；新来源、资产层级与数据期见当前逐行审计；旧值不自动沿用,https://www.gem.wiki/JG-NEAG_Oil_and_Gas_Field_(Egypt),https://www.gem.wiki/JG-NEAG_Oil_and_Gas_Field_(Egypt),,None,undisclosed,True
埃及,Siwa,纳入当前目录；现时产量/状态以新审计为准,Siwa,已列资产或新增原文确认；新来源、资产层级与数据期见当前逐行审计；旧值不自动沿用,https://www.gem.wiki/Siwa_Oil_and_Gas_Field_(Egypt),https://eug.petroleum.gov.eg/dp/jsp/new_live/InteractiveMap/devGeoJson4-5-2025.geojson,,None,undisclosed,False
伊朗,Sirri D,纳入当前目录；现时产量/状态以新审计为准,Sirri D,已列资产或新增原文确认；新来源、资产层级与数据期见当前逐行审计；旧值不自动沿用,https://www.gem.wiki/Sirri_D_Oil_Field_(Iran),https://www.gem.wiki/Sirri_D_Oil_Field_(Iran),,None,undisclosed,True
伊朗,Sirri A,纳入当前目录；现时产量/状态以新审计为准,Sirri A,已列资产或新增原文确认；新来源、资产层级与数据期见当前逐行审计；旧值不自动沿用,https://www.gem.wiki/Sirri_A_Oil_Field_(Iran),https://www.gem.wiki/Sirri_A_Oil_Field_(Iran),,None,undisclosed,True
伊朗,Shahini,纳入当前目录；现时产量/状态以新审计为准,Shahini,已列资产或新增原文确认；新来源、资产层级与数据期见当前逐行审计；旧值不自动沿用,https://www.gem.wiki/Shahini_Gas_Field_(Iran),https://www.gem.wiki/Shahini_Gas_Field_(Iran),,None,undisclosed,True
埃及,Kanayes,纳入当前目录；现时产量/状态以新审计为准,Kanayes,已列资产或新增原文确认；新来源、资产层级与数据期见当前逐行审计；旧值不自动沿用,https://www.gem.wiki/Kanayes_Oil_and_Gas_Field_(Egypt),https://greeninfo-network.github.io/global-oil-gas-extraction-tracker/data/data.csv,,None,undisclosed,False
埃及,Shams,纳入当前目录；现时产量/状态以新审计为准,Shams,已列资产或新增原文确认；新来源、资产层级与数据期见当前逐行审计；旧值不自动沿用,https://www.gem.wiki/Shams_Oil_and_Gas_Field_(Egypt),https://www.gem.wiki/Shams_Oil_and_Gas_Field_(Egypt),,None,undisclosed,True
埃及,Shoab Ali,纳入当前目录；现时产量/状态以新审计为准,Shoab Ali,已列资产或新增原文确认；新来源、资产层级与数据期见当前逐行审计；旧值不自动沿用,https://www.gem.wiki/Shoab_Ali_Oil_Field_(Egypt),https://www.gem.wiki/Shoab_Ali_Oil_Field_(Egypt),,None,undisclosed,True
埃及,July,纳入当前目录；现时产量/状态以新审计为准,July,已列资产或新增原文确认；新来源、资产层级与数据期见当前逐行审计；旧值不自动沿用,https://www.gem.wiki/July_Oil_and_Gas_Field_(Egypt),https://www.gem.wiki/July_Oil_and_Gas_Field_(Egypt),,None,undisclosed,True
以色列,Shimson,纳入当前目录；现时产量/状态以新审计为准,Shimson,已列资产或新增原文确认；新来源、资产层级与数据期见当前逐行审计；旧值不自动沿用,https://www.gem.wiki/Shimson_Gas_Field_(Israel),https://www.gem.wiki/Shimson_Gas_Field_(Israel),,None,undisclosed,True
伊朗,Shanul,纳入当前目录；现时产量/状态以新审计为准,Shanul,已列资产或新增原文确认；新来源、资产层级与数据期见当前逐行审计；旧值不自动沿用,https://www.gem.wiki/Shanul_Oil_and_Gas_Field_(Iran),https://www.gem.wiki/Shanul_Oil_and_Gas_Field_(Iran),,None,undisclosed,True
伊拉克,Chemchemal,纳入当前目录；现时产量/状态以新审计为准,Chemchemal,已列资产或新增原文确认；新来源、资产层级与数据期见当前逐行审计；旧值不自动沿用,https://www.danagas.com/media/press-releases/,https://www.danagas.com/media/press-releases/?cat=2026,,None,undisclosed,不适用
埃及,Meleiha,纳入当前目录；现时产量/状态以新审计为准,Meleiha,已列资产或新增原文确认；新来源、资产层级与数据期见当前逐行审计；旧值不自动沿用,https://www.eni.com/en-IT/actions/global-activities/egypt.html,https://www.eni.com/en-IT/actions/global-activities/egypt.html,,None,undisclosed,不适用
阿联酋,Umm Shaif Gas Cap,纳入当前目录；现时产量/状态以新审计为准,Umm Shaif Gas Cap,已列资产或新增原文确认；新来源、资产层级与数据期见当前逐行审计；旧值不自动沿用,https://www.adnoc.ae/en/news-and-media/press-releases/2026/adnoc-accelerates-gas-growth-strategy-with-62-billion-fid-for-umm-shaif-gas-cap/,https://adnoc.ae/en/news-and-media/press-releases/2026/adnoc-accelerates-gas-growth-strategy-with-62-billion-fid-for-umm-shaif-gas-cap,>600,>600,target_capacity,不适用
埃及,Denise W,同田别名/已列组合范围；不另增节点,Denise West,名称变体按公开资产名录/原文对应；不以距离匹配,https://www.eni.com/en-IT/media/press-release/2026/04/eni-unveils-2-tcf-gas-discovery-offshore-egypt-unlocking-fast-track-development-potential.html,https://www.eni.com/en-IT/media/press-release/2026/04/eni-unveils-2-tcf-gas-discovery-offshore-egypt-unlocking-fast-track-development-potential.html,,None,undisclosed,不适用
