国家,名称,中文/原文名,别名,层级,上级,商品,数值,单位,指标类型,观测/规划日期,年产桶,日均分母,报送口径,估计总桶量,估计总气量_百万m3,估计公布份额,其他商品指标JSON,冲突年报送JSON,数值核验结论,时效结论,状态,状态证据时点,状态置信度,状态证据,可绘制,代理坐标,地图纬度,地图经度,坐标证据,目录/指标来源,来源HTTP自动探测,复核日,未解决事项,说明
沙特阿拉伯,Ghawar,加瓦尔,,field_group,,原油,"3,800",千桶/日,maximum_sustainable_capacity,2018-12-31,,,,,,,[],[],保留来源期数据；详见2026-09-30逐行审计，非实时实绩,数值仅对应数据日期；复核日不是观测日，不能视作2026-09-30实绩,在产,2025-12-31／2026年公开材料,中,https://www.aramco.com/-/media/images/investors/saudi-aramco-prospectus-en-051219.pdf,True,False,25.42,49.57,,https://www.aramco.com/-/media/images/investors/saudi-aramco-prospectus-en-051219.pdf,200,2026-09-30,非实时数值；只能用于所标日期和口径；继承近似点的独立坐标出处待核,阿美招股书表14最大可持续产能，不是当期实际产量。
沙特阿拉伯,Safaniya,萨法尼亚,,field,,原油,"1,300",千桶/日,maximum_sustainable_capacity,2018-12-31,,,,,,,[],[],保留来源期数据；详见2026-09-30逐行审计，非实时实绩,数值仅对应数据日期；复核日不是观测日，不能视作2026-09-30实绩,在产,2025-12-31／2026年公开材料,中,https://www.aramco.com/-/media/images/investors/saudi-aramco-prospectus-en-051219.pdf,True,False,28.18,48.78,,https://www.aramco.com/-/media/images/investors/saudi-aramco-prospectus-en-051219.pdf,200,2026-09-30,非实时数值；只能用于所标日期和口径；继承近似点的独立坐标出处待核,阿美招股书截至2018年末最大可持续产能；非实际日产量。
沙特阿拉伯,Khurais,库赖斯,,field_group,,原油,"1,450",千桶/日,maximum_sustainable_capacity,2018-12-31,,,,,,,[],[],保留来源期数据；详见2026-09-30逐行审计，非实时实绩,数值仅对应数据日期；复核日不是观测日，不能视作2026-09-30实绩,在产,2025-12-31／2026年公开材料,中,https://www.aramco.com/-/media/images/investors/saudi-aramco-prospectus-en-051219.pdf,True,False,25.03,48.24,,https://www.aramco.com/-/media/images/investors/saudi-aramco-prospectus-en-051219.pdf,200,2026-09-30,非实时数值；只能用于所标日期和口径；继承近似点的独立坐标出处待核,阿美公布的Khurais综合体最大可持续产能，含Abu Jifan、Mazalij等，不能分配给Khurais单田；非实际产量。
沙特阿拉伯,Shaybah,谢拜,,field,,原油,"1,000",千桶/日,maximum_sustainable_capacity,2018-12-31,,,,,,,[],[],保留来源期数据；详见2026-09-30逐行审计，非实时实绩,数值仅对应数据日期；复核日不是观测日，不能视作2026-09-30实绩,在产,2025-12-31／2026年公开材料,中,https://www.aramco.com/-/media/images/investors/saudi-aramco-prospectus-en-051219.pdf,True,False,22.48,53.78,,https://www.aramco.com/-/media/images/investors/saudi-aramco-prospectus-en-051219.pdf,200,2026-09-30,非实时数值；只能用于所标日期和口径；继承近似点的独立坐标出处待核,阿美招股书表14最大可持续产能，非当前实际日产量。
沙特阿拉伯,Manifa,马尼法,,field,,原油,900,千桶/日,capacity,2019年招股书披露,,,,,,,[],[],保留来源期数据；详见2026-09-30逐行审计，非实时实绩,数值仅对应数据日期；复核日不是观测日，不能视作2026-09-30实绩,在产,2025-12-31／2026年公开材料,中,https://www.aramco.com/-/media/images/investors/saudi-aramco-prospectus-en-051219.pdf,True,False,27.62,49.87,,https://www.aramco.com/-/media/images/investors/saudi-aramco-prospectus-en-051219.pdf,200,2026-09-30,非实时数值；只能用于所标日期和口径；继承近似点的独立坐标出处待核,阿美招股书列马尼法原油生产能力90万桶/日；披露时点的历史产能，非当前实产。
沙特阿拉伯,Marjan,马尔詹,,field,,原油,300,千桶/日,incremental_capacity,2025年项目投产,,,,,,,[],[],2025年报原文300 mbpd已复核；新增产能，非实产,数值仅对应数据日期；复核日不是观测日，不能视作2026-09-30实绩,在产,2025-12-31,高,https://www.aramco.com/-/media/publications/corporate-reports/reports-and-presentations/2025/fy/saudi-aramco-ara-2025-english.pdf,True,False,27.47,49.86,,https://www.aramco.com/-/media/publications/corporate-reports/reports-and-presentations/2025/fy/saudi-aramco-ara-2025-english.pdf,200,2026-09-30,非实时数值；只能用于所标日期和口径；继承近似点的独立坐标出处待核,2025年投产项目的新增产能，并非油田总产能或实际日产量。
沙特阿拉伯,Berri,贝里,,field,,原油,250,千桶/日,planned_incremental_capacity,2019-07-09规划；截至2025年末注水启动,,,,,,,[],[],保留来源期数据；详见2026-09-30逐行审计，非实时实绩,数值仅对应数据日期；复核日不是观测日，不能视作2026-09-30实绩,在产,2025-12-31／2026年公开材料,中,https://www.aramco.com/en/news-media/news/2019/aramco-contracts-marjan-berri-oilfields,True,False,27.83,49.93,,https://www.aramco.com/en/news-media/news/2019/aramco-contracts-marjan-berri-oilfields,200,2026-09-30,非实时数值；只能用于所标日期和口径；继承近似点的独立坐标出处待核,项目规划新增原油产能；阿美2025全年业绩仅称注水作业已启动，未证实该增量已投产，不能作实际日产量。
沙特阿拉伯,Zuluf,祖卢夫,,field,,原油,825,千桶/日,maximum_sustainable_capacity,2018-12-31,,,,,,,[],[],保留来源期数据；详见2026-09-30逐行审计，非实时实绩,数值仅对应数据日期；复核日不是观测日，不能视作2026-09-30实绩,在产,2025-12-31／2026年公开材料,中,https://www.aramco.com/-/media/images/investors/saudi-aramco-prospectus-en-051219.pdf,True,False,27.67,49.12,,https://www.aramco.com/-/media/images/investors/saudi-aramco-prospectus-en-051219.pdf,200,2026-09-30,非实时数值；只能用于所标日期和口径；继承近似点的独立坐标出处待核,阿美招股书截至2018年末最大可持续产能；不能与后续项目新增/处理能力混同，非实际日产量。
沙特阿拉伯,Qatif,卡提夫,,field,,原油,,,undisclosed,,,,,,,,[],[],数值缺失；不可估计当前产量,没有当前逐资产实绩；缺失不等于零,在产,2025-12-31／2026年公开材料,中,https://www.eia.gov/international/analysis/country/SAU,True,False,26.55,50.01,,https://www.eia.gov/international/analysis/country/SAU,200,2026-09-30,未取得可展示的本层级产量/产能；不填0；继承近似点的独立坐标出处待核,
沙特阿拉伯,Abqaiq,阿布盖格,,field,,原油,,,undisclosed,,,,,,,,[],[],数值缺失；不可估计当前产量,没有当前逐资产实绩；缺失不等于零,在产,2025-12-31／2026年公开材料,中,https://www.eia.gov/international/analysis/country/SAU,True,False,25.94,49.68,,https://www.eia.gov/international/analysis/country/SAU,200,2026-09-30,未取得可展示的本层级产量/产能；不填0；继承近似点的独立坐标出处待核,
沙特阿拉伯,Khursaniyah,胡尔萨尼亚,,field,,原油,,,undisclosed,,,,,,,,[],[],数值缺失；不可估计当前产量,没有当前逐资产实绩；缺失不等于零,在产,2025-12-31／2026年公开材料,中,https://www.eia.gov/international/analysis/country/SAU,True,False,27.72,48.91,,https://www.eia.gov/international/analysis/country/SAU,200,2026-09-30,未取得可展示的本层级产量/产能；不填0；继承近似点的独立坐标出处待核,
沙特阿拉伯,Dammam,达曼,,field,,原油,25,千桶/日,incremental_capacity,2025年第二季度投产,,,,,,,[],[],保留来源期数据；详见2026-09-30逐行审计，非实时实绩,数值仅对应数据日期；复核日不是观测日，不能视作2026-09-30实绩,在产,2025-12-31,高,https://www.aramco.com/-/media/publications/corporate-reports/reports-and-presentations/2025/fy/saudi-aramco-ara-2025-english.pdf,True,False,26.36,49.99,,https://www.aramco.com/en/investors/annual-report/highlights,200,2026-09-30,非实时数值；只能用于所标日期和口径；继承近似点的独立坐标出处待核,达曼开发一期新增原油产能，不是整个油田实际日产量。
沙特阿拉伯,Jafurah,贾富拉,,field,,天然气,,,undisclosed,,,,,,,,[],[],数值缺失；不可估计当前产量,没有当前逐资产实绩；缺失不等于零,在产,2025-12-31,高,https://www.aramco.com/-/media/publications/corporate-reports/reports-and-presentations/2025/fy/saudi-aramco-ara-2025-english.pdf,True,False,25.43,48.82,,https://www.aramco.com/en/news-media/news/2026/aramcos-gas-strategy-builds-momentum-with-major-progress-towards-growth-target,200,2026-09-30,未取得可展示的本层级产量/产能；不填0；继承近似点的独立坐标出处待核,阿美2026年确认气田开始生产；天然气或油当量数据不作为原油逐田日产量。
沙特阿拉伯,Jabu,贾布,,field,,原油,,,undisclosed,,,,,,,,[],[],数值缺失；不可估计当前产量,没有当前逐资产实绩；缺失不等于零,已发现／待商业化,2017—2025年发现公告,高,https://www.spa.gov.sa/en/N2295070,True,True,25.43,48.82,https://www.reuters.com/business/energy/saudi-arabia-discovers-14-oil-natural-gas-fields-state-news-agency-says-2025-04-09/,https://www.spa.gov.sa/en/N2295070,403,2026-09-30,未取得可展示的本层级产量/产能；不填0；所引URL自动访问失败或未探测；不代表资产不存在；代理点；不能当田边界或独立子田坐标,官方公布的新发现油田；试井流量不填作油田日产量。
沙特阿拉伯,Sayahid,萨亚希德,,field,,原油,,,undisclosed,,,,,,,,[],[],数值缺失；不可估计当前产量,没有当前逐资产实绩；缺失不等于零,已发现／待商业化,2017—2025年发现公告,高,https://www.spa.gov.sa/en/N2295070,True,True,25.43,48.82,https://www.reuters.com/business/energy/saudi-arabia-discovers-14-oil-natural-gas-fields-state-news-agency-says-2025-04-09/,https://www.spa.gov.sa/en/N2295070,403,2026-09-30,未取得可展示的本层级产量/产能；不填0；所引URL自动访问失败或未探测；不代表资产不存在；代理点；不能当田边界或独立子田坐标,官方公布的新发现油田；逐田实产未披露。
沙特阿拉伯,Ayfan,艾凡,,field,,原油,,,undisclosed,,,,,,,,[],[],数值缺失；不可估计当前产量,没有当前逐资产实绩；缺失不等于零,已发现／待商业化,2017—2025年发现公告,高,https://www.spa.gov.sa/en/N2295070,True,True,25.43,48.82,https://www.reuters.com/business/energy/saudi-arabia-discovers-14-oil-natural-gas-fields-state-news-agency-says-2025-04-09/,https://www.spa.gov.sa/en/N2295070,403,2026-09-30,未取得可展示的本层级产量/产能；不填0；所引URL自动访问失败或未探测；不代表资产不存在；代理点；不能当田边界或独立子田坐标,官方公布的新发现油田；逐田实产未披露。
沙特阿拉伯,Nuwayr,努韦尔,,field,,原油,,,undisclosed,,,,,,,,[],[],数值缺失；不可估计当前产量,没有当前逐资产实绩；缺失不等于零,已发现／待商业化,2017—2025年发现公告,高,https://www.spa.gov.sa/en/N2295070,True,True,22.48,53.78,https://www.reuters.com/business/energy/saudi-arabia-discovers-14-oil-natural-gas-fields-state-news-agency-says-2025-04-09/,https://www.spa.gov.sa/en/N2295070,403,2026-09-30,未取得可展示的本层级产量/产能；不填0；所引URL自动访问失败或未探测；不代表资产不存在；代理点；不能当田边界或独立子田坐标,官方公布的新发现油田；逐田实产未披露。
沙特阿拉伯,Damda,达姆达,,field,,原油,,,undisclosed,,,,,,,,[],[],数值缺失；不可估计当前产量,没有当前逐资产实绩；缺失不等于零,已发现／待商业化,2017—2025年发现公告,高,https://www.spa.gov.sa/en/N2295070,True,True,22.48,53.78,https://www.reuters.com/business/energy/saudi-arabia-discovers-14-oil-natural-gas-fields-state-news-agency-says-2025-04-09/,https://www.spa.gov.sa/en/N2295070,403,2026-09-30,未取得可展示的本层级产量/产能；不填0；所引URL自动访问失败或未探测；不代表资产不存在；代理点；不能当田边界或独立子田坐标,官方公布的新发现油田；逐田实产未披露。
沙特阿拉伯,Qurqas,古尔加斯,,field,,原油,,,undisclosed,,,,,,,,[],[],数值缺失；不可估计当前产量,没有当前逐资产实绩；缺失不等于零,已发现／待商业化,2017—2025年发现公告,高,https://www.spa.gov.sa/en/N2295070,True,True,22.48,53.78,https://www.reuters.com/business/energy/saudi-arabia-discovers-14-oil-natural-gas-fields-state-news-agency-says-2025-04-09/,https://www.spa.gov.sa/en/N2295070,403,2026-09-30,未取得可展示的本层级产量/产能；不填0；所引URL自动访问失败或未探测；不代表资产不存在；代理点；不能当田边界或独立子田坐标,官方公布的新发现油田；逐田实产未披露。
沙特阿拉伯,Ladam,拉达姆,,field,,原油,,,undisclosed,,,,,,,,[],[],数值缺失；不可估计当前产量,没有当前逐资产实绩；缺失不等于零,已发现／待商业化,2017—2025年发现公告,高,https://www.spa.gov.sa/N2131725,True,True,25.43,48.82,https://www.reuters.com/world/middle-east/saudi-energy-minister-announces-discovery-multiple-oil-gas-fields-2024-07-01/,https://www.spa.gov.sa/N2131725,403,2026-09-30,未取得可展示的本层级产量/产能；不填0；所引URL自动访问失败或未探测；不代表资产不存在；代理点；不能当田边界或独立子田坐标,"官方公布的非常规油田；5,100桶/日是Ladam-2井测试流量，不是全田持续日产量。"
沙特阿拉伯,Faruq,法鲁克,,field,,原油,,,undisclosed,,,,,,,,[],[],数值缺失；不可估计当前产量,没有当前逐资产实绩；缺失不等于零,已发现／待商业化,2017—2025年发现公告,高,https://www.spa.gov.sa/N2131725,True,True,25.43,48.82,https://www.reuters.com/world/middle-east/saudi-energy-minister-announces-discovery-multiple-oil-gas-fields-2024-07-01/,https://www.spa.gov.sa/N2131725,403,2026-09-30,未取得可展示的本层级产量/产能；不填0；所引URL自动访问失败或未探测；不代表资产不存在；代理点；不能当田边界或独立子田坐标,"官方公布的非常规油田；4,557桶/日是Faruq-4井测试流量，不是全田持续日产量。"
沙特阿拉伯,Abu Jifan,阿布吉凡,,field,Khurais,原油,,,undisclosed,,,,,,,,[],[],数值缺失；不可估计当前产量,没有当前逐资产实绩；缺失不等于零,在产,2020年官方运营资料／网页复核2026-09-28,中,https://www.aramco.com/en/news-media/elements-magazine/2020/why-intelligence-is-important,True,False,25.0631,48.0304,https://www.gem.wiki/Abu_Jifan_Oil_and_Gas_Field_%28Saudi_Arabia%29,https://www.aramco.com/-/media/images/investors/saudi-aramco-prospectus-en-051219.pdf,200,2026-09-30,未取得可展示的本层级产量/产能；不填0,"阿美列为Khurais综合体组成油田；综合体1,450千桶/日产能不可拆给单田。"
沙特阿拉伯,Mazalij,马扎利吉,,field,Khurais,原油,,,undisclosed,,,,,,,,[],[],数值缺失；不可估计当前产量,没有当前逐资产实绩；缺失不等于零,在产,2020年官方运营资料／网页复核2026-09-28,中,https://www.aramco.com/en/news-media/elements-magazine/2020/why-intelligence-is-important,True,False,25.0631,48.0304,https://www.gem.wiki/Mazalij_Oil_and_Gas_Field_%28Saudi_Arabia%29,https://www.aramco.com/-/media/images/investors/saudi-aramco-prospectus-en-051219.pdf,200,2026-09-30,未取得可展示的本层级产量/产能；不填0,阿美列为Khurais综合体组成油田；单田产量未披露。
沙特阿拉伯,Qirdi,吉尔迪,,field,Khurais,原油,,,undisclosed,,,,,,,,[],[],数值缺失；不可估计当前产量,没有当前逐资产实绩；缺失不等于零,停产／终止,1980年代／报告更新至2026年,中,https://www.woodmac.com/reports/upstream-oil-and-gas-khurais-3186632/,True,True,25.03,48.24,,https://www.aramco.com/-/media/images/investors/saudi-aramco-prospectus-en-051219.pdf,200,2026-09-30,未取得可展示的本层级产量/产能；不填0；代理点；不能当田边界或独立子田坐标,阿美招股书将Qirdi与Khurais、Abu Jifan、Mazalij共同列为Khurais综合体的四个油田；单田产量未披露。
沙特阿拉伯,Abu Hadriya,阿布哈德里亚,,field,,原油,,,undisclosed,,,,,,,,[],[],数值缺失；不可估计当前产量,没有当前逐资产实绩；缺失不等于零,在产,2025年资产报告／复核2026-09-28,中,https://www.woodmac.com/reports/upstream-oil-and-gas-khursaniyah-area-4215754/,True,False,27.312,49.0051,https://www.gem.wiki/Abu_Hadriya_Oil_Field_%28Saudi_Arabia%29,https://www.aramco.com/-/media/images/investors/saudi-aramco-prospectus-en-051219.pdf,200,2026-09-30,未取得可展示的本层级产量/产能；不填0,阿美储量认证附件列为油田；生产状态及逐田日产量待核。
沙特阿拉伯,Fadhili,法迪利,,field,,原油,,,undisclosed,,,,,,,,[],[],数值缺失；不可估计当前产量,没有当前逐资产实绩；缺失不等于零,在产,2026-09-28,中,https://www.gem.wiki/Fadhili_Oil_Field_(Saudi_Arabia),True,False,26.9807,49.1735,https://www.gem.wiki/Fadhili_Oil_Field_%28Saudi_Arabia%29,https://www.aramco.com/-/media/images/investors/saudi-aramco-prospectus-en-051219.pdf,200,2026-09-30,未取得可展示的本层级产量/产能；不填0,阿美储量认证附件列为油田；与同名气体处理设施区分，逐田原油日产量待核。
沙特阿拉伯,Harmaliyah,哈马利亚,,field,,原油,,,undisclosed,,,,,,,,[],[],数值缺失；不可估计当前产量,没有当前逐资产实绩；缺失不等于零,在产,2026-09-28,中,https://www.gem.wiki/Harmaliyah_Oil_and_Gas_Field_(Saudi_Arabia),True,False,24.6291,49.4985,https://www.gem.wiki/Harmaliyah_Oil_and_Gas_Field_%28Saudi_Arabia%29,https://www.aramco.com/-/media/images/investors/saudi-aramco-prospectus-en-051219.pdf,200,2026-09-30,未取得可展示的本层级产量/产能；不填0,阿美储量认证附件列为油田；逐田产量未披露。
沙特阿拉伯,Hawtah,豪塔,,field,,原油,,,undisclosed,,,,,,,,[],[],数值缺失；不可估计当前产量,没有当前逐资产实绩；缺失不等于零,在产,2024年资产资料／复核2026-09-28,中,https://www.offshore-technology.com/marketdata/oil-gas-field-profile-hawtah-trend-fields-conventional-oil-field-saudi-arabia/,True,True,22.9678,46.8995,https://mapcarta.com/36033010,https://www.aramco.com/-/media/publications/corporate-reports/bonds/2019-gmtn-prospectus.pdf,200,2026-09-30,未取得可展示的本层级产量/产能；不填0；代理点；不能当田边界或独立子田坐标,阿美2019年债券招股书第100页原油基础设施图列名；逐田产量及坐标未核验。
沙特阿拉伯,Sakab,萨卡布,,field,,原油,,,undisclosed,,,,,,,,[],[],数值缺失；不可估计当前产量,没有当前逐资产实绩；缺失不等于零,已发现／待商业化,2017—2025年发现公告,高,https://www.aramco.com/en/news-media/news/2018/2017-annual-review,True,True,23.92,49.08,https://www.aramco.com/en/news-media/news/2020/saudi-aramco-announces-new-oil-and-gas-discoveries,https://www.aramco.com/en/news-media/news/2018/2017-annual-review,200,2026-09-30,未取得可展示的本层级产量/产能；不填0；代理点；不能当田边界或独立子田坐标,阿美2017年度回顾列为新发现油田；无可核验单田持续日产量。
沙特阿拉伯,Zumul,祖穆尔,,field,,原油,,,undisclosed,,,,,,,,[],[],数值缺失；不可估计当前产量,没有当前逐资产实绩；缺失不等于零,已发现／待商业化,2017—2025年发现公告,高,https://www.aramco.com/en/news-media/news/2018/2017-annual-review,True,True,22.48,53.78,https://www.aramco.com/en/news-media/news/2020/saudi-aramco-announces-new-oil-and-gas-discoveries,https://www.aramco.com/en/news-media/news/2018/2017-annual-review,200,2026-09-30,未取得可展示的本层级产量/产能；不填0；代理点；不能当田边界或独立子田坐标,阿美2017年度回顾列为鲁卜哈利新发现油田；无可核验单田持续日产量。
阿联酋,Bab,巴布,,field,,原油,450,千桶/日,target_capacity,2019-11-13公告；此前合同目标2020年,,,,,,,[],[],保留来源期数据；详见2026-09-30逐行审计，非实时实绩,数值仅对应数据日期；复核日不是观测日，不能视作2026-09-30实绩,在产,2025年,高,https://reports.adnoc.ae/e/sustainability-report-2025-mobile,True,False,23.93,53.79,,https://adnoc.ae/en/news-and-media/press-releases/2019/adnoc-invests-aed-1-8-billion-to-upgrade-its-giant-bab-onshore-field,200,2026-09-30,非实时数值；只能用于所标日期和口径；继承近似点的独立坐标出处待核,ADNOC回顾此前将产能从420提高至450千桶/日的2020年目标，另提出485千桶/日长期维持项目；均非已核实实产。
阿联酋,Bu Hasa,布哈萨,,field,,原油,650,千桶/日,capacity,2021-05-10公告,,,,,,,[],[],保留来源期数据；详见2026-09-30逐行审计，非实时实绩,数值仅对应数据日期；复核日不是观测日，不能视作2026-09-30实绩,在产,2025年,高,https://reports.adnoc.ae/e/sustainability-report-2025-mobile,True,False,23.52,53.24,,https://www.adnoc.ae/news-and-media/press-releases/2021/adnoc-invests-usd318-million-to-connect-smart-wells-at-bu-hasa,200,2026-09-30,非实时数值；只能用于所标日期和口径；继承近似点的独立坐标出处待核,ADNOC称投资维持该田650千桶/日产能；不是逐日实际产量。
阿联酋,Huwaila,胡韦拉,,field,,原油,,,undisclosed,,,,,,,,[],[],数值缺失；不可估计当前产量,没有当前逐资产实绩；缺失不等于零,在产,运营商资料截至2025年／再次复核2026-09-28,中,https://www.adnoc.ae/en/adnoc-onshore/about-us/what-we-do,True,False,23.7,53.45,,https://www.adnoc.ae/en/adnoc-onshore/about-us/what-we-do,200,2026-09-30,未取得可展示的本层级产量/产能；不填0；继承近似点的独立坐标出处待核,
阿联酋,Bida Al-Qemzan,比达·盖姆赞,,field,,原油,,,undisclosed,,,,,,,,[],[],数值缺失；不可估计当前产量,没有当前逐资产实绩；缺失不等于零,在产,2025年,高,https://reports.adnoc.ae/e/sustainability-report-2025-mobile,True,False,23.66,53.66,,https://www.adnoc.ae/en/adnoc-onshore/about-us/what-we-do,200,2026-09-30,未取得可展示的本层级产量/产能；不填0；继承近似点的独立坐标出处待核,
阿联酋,Al Dabb'iya,达比亚,,field,,原油,,,undisclosed,,,,,,,,[],[],数值缺失；不可估计当前产量,没有当前逐资产实绩；缺失不等于零,在产,运营商资料截至2025年／再次复核2026-09-28,中,https://www.adnoc.ae/en/adnoc-onshore/about-us/what-we-do,True,False,24.36,54.15,,https://www.adnoc.ae/en/adnoc-onshore/about-us/what-we-do,200,2026-09-30,未取得可展示的本层级产量/产能；不填0；继承近似点的独立坐标出处待核,
阿联酋,Rumaitha,鲁迈萨,,field,,原油,,,undisclosed,,,,,,,,[],[],数值缺失；不可估计当前产量,没有当前逐资产实绩；缺失不等于零,在产,2025年,高,https://reports.adnoc.ae/e/sustainability-report-2025-mobile,True,False,24.3,54.22,,https://www.adnoc.ae/en/adnoc-onshore/about-us/what-we-do,200,2026-09-30,未取得可展示的本层级产量/产能；不填0；继承近似点的独立坐标出处待核,
阿联酋,Shanayel,沙奈耶勒,,field,,原油,,,undisclosed,,,,,,,,[],[],数值缺失；不可估计当前产量,没有当前逐资产实绩；缺失不等于零,在产,2025年,高,https://reports.adnoc.ae/e/sustainability-report-2025-mobile,True,False,24.18,54.27,,https://www.adnoc.ae/en/adnoc-onshore/about-us/what-we-do,200,2026-09-30,未取得可展示的本层级产量/产能；不填0；继承近似点的独立坐标出处待核,
阿联酋,Asab,阿萨布,,field,,原油,,,undisclosed,,,,,,,,[],[],数值缺失；不可估计当前产量,没有当前逐资产实绩；缺失不等于零,在产,2025年,高,https://reports.adnoc.ae/e/sustainability-report-2025-mobile,True,False,23.45,53.77,,https://www.adnoc.ae/en/adnoc-onshore/about-us/what-we-do,200,2026-09-30,未取得可展示的本层级产量/产能；不填0；继承近似点的独立坐标出处待核,
阿联酋,Sahil,萨希勒,,field,,原油,,,undisclosed,,,,,,,,[],[],数值缺失；不可估计当前产量,没有当前逐资产实绩；缺失不等于零,在产,运营商资料截至2025年／再次复核2026-09-28,中,https://www.adnoc.ae/en/adnoc-onshore/about-us/what-we-do,True,False,23.55,53.9,,https://www.adnoc.ae/en/adnoc-onshore/about-us/what-we-do,200,2026-09-30,未取得可展示的本层级产量/产能；不填0；继承近似点的独立坐标出处待核,
阿联酋,Shah,沙阿,,field,,油气／凝析油,70,千桶/日,oil_capacity,2025-01-23公告,,,,,,,[],[],保留来源期数据；详见2026-09-30逐行审计，非实时实绩,数值仅对应数据日期；复核日不是观测日，不能视作2026-09-30实绩,在产,运营商资料截至2025年／再次复核2026-09-28,中,https://adnoc.ae/en/news-and-media/press-releases/2025/adnoc-achieves-industryleading-carbon-intensity-at-shah,True,False,22.99,53.95,,https://adnoc.ae/en/news-and-media/press-releases/2025/adnoc-achieves-industryleading-carbon-intensity-at-shah,200,2026-09-30,非实时数值；只能用于所标日期和口径；继承近似点的独立坐标出处待核,原油产能约70千桶/日；与同名气体处理能力分开，非实产。
阿联酋,Qusahwira,古萨赫维拉,,field,,原油,,,undisclosed,,,,,,,,[],[],数值缺失；不可估计当前产量,没有当前逐资产实绩；缺失不等于零,在产,2025年,高,https://reports.adnoc.ae/e/sustainability-report-2025-mobile,True,False,23.23,54.18,,https://www.adnoc.ae/en/adnoc-onshore/about-us/what-we-do,200,2026-09-30,未取得可展示的本层级产量/产能；不填0；继承近似点的独立坐标出处待核,
阿联酋,Mender,门德尔,,field,,原油,,,undisclosed,,,,,,,,[],[],数值缺失；不可估计当前产量,没有当前逐资产实绩；缺失不等于零,在产,2025年,高,https://reports.adnoc.ae/e/sustainability-report-2025-mobile,True,False,23.08,54.0,,https://www.adnoc.ae/en/adnoc-onshore/about-us/what-we-do,200,2026-09-30,未取得可展示的本层级产量/产能；不填0；继承近似点的独立坐标出处待核,
阿联酋,Jumaylah,朱迈拉,,field,,原油,,,undisclosed,,,,,,,,[],[],数值缺失；不可估计当前产量,没有当前逐资产实绩；缺失不等于零,在产,2025年,高,https://reports.adnoc.ae/e/sustainability-report-2025-mobile,True,False,24.05,53.7,,https://www.adnoc.ae/en/adnoc-onshore/about-us/what-we-do,200,2026-09-30,未取得可展示的本层级产量/产能；不填0；继承近似点的独立坐标出处待核,
阿联酋,Al Nouf,努夫,,field,,原油,,,undisclosed,,,,,,,,[],[],数值缺失；不可估计当前产量,没有当前逐资产实绩；缺失不等于零,在产,2025年,高,https://reports.adnoc.ae/e/sustainability-report-2025-mobile,True,False,24.11,53.82,,https://www.adnoc.ae/en/adnoc-onshore/about-us/what-we-do,200,2026-09-30,未取得可展示的本层级产量/产能；不填0；继承近似点的独立坐标出处待核,
阿联酋,Upper Zakum,上扎库姆,,field,,原油,"1,500",千桶/日,target_capacity,2026-02-04承包商业绩会规划口径,,,,,,,[],[],承包商原始会议稿已核；目标，不是运营商实产,数值仅对应数据日期；复核日不是观测日，不能视作2026-09-30实绩,在产,运营商资料截至2025年／再次复核2026-09-28,中,https://www.nmdc-energy.com/assets/files/earnings-results/NMDC%20Energy%20FY25%20Results%20Conference%20Call%20020426%20final.pdf,True,False,24.85,53.66,,https://www.nmdc-energy.com/assets/files/earnings-results/NMDC%20Energy%20FY25%20Results%20Conference%20Call%20020426%20final.pdf,200,2026-09-30,非实时数值；只能用于所标日期和口径；继承近似点的独立坐标出处待核,NMDC Energy CEO原始会议稿披露Upper Zakum计划由100万桶/日增至150万桶/日；替换2017年100万目标。该值是扩产规划，未据承包商口述填当前实产。
阿联酋,Lower Zakum,下扎库姆,,field,,原油,450,千桶/日,target_capacity,2022-09-05公告；目标2025年,,,,,,,[],[],保留来源期数据；详见2026-09-30逐行审计，非实时实绩,数值仅对应数据日期；复核日不是观测日，不能视作2026-09-30实绩,在产,运营商资料截至2025年／再次复核2026-09-28,中,https://adnoc.ae/en/news-and-media/press-releases/2022/adnoc-announces-%24548-million-contract-for-a-new-main-gas-line-at-its-lower-zakum-field,True,False,24.74,53.51,,https://adnoc.ae/en/news-and-media/press-releases/2022/adnoc-announces-%24548-million-contract-for-a-new-main-gas-line-at-its-lower-zakum-field,200,2026-09-30,非实时数值；只能用于所标日期和口径；继承近似点的独立坐标出处待核,ADNOC称产能计划在2025年提高到450千桶/日；未找到已实现的逐田产能或实产确认。
阿联酋,Umm Shaif,乌姆沙伊夫,,field,,原油,275,千桶/日,capacity,2022-01-05公告,,,,,,,[],[],保留来源期数据；详见2026-09-30逐行审计，非实时实绩,数值仅对应数据日期；复核日不是观测日，不能视作2026-09-30实绩,在产,运营商资料截至2025年／再次复核2026-09-28,中,https://www.adnoc.ae/en/news-and-media/press-releases/2022/adnoc-invests-close-to-usd1-billion-in-the-long-term-development-of-umm-shaif-field,True,False,25.26,53.28,,https://www.adnoc.ae/en/news-and-media/press-releases/2022/adnoc-invests-close-to-usd1-billion-in-the-long-term-development-of-umm-shaif-field,200,2026-09-30,非实时数值；只能用于所标日期和口径；继承近似点的独立坐标出处待核,ADNOC公布维持现有275千桶/日产能的项目；非实际日产量。
阿联酋,Satah,萨塔赫,,field,,原油,,,undisclosed,,,,,,,,[],[],数值缺失；不可估计当前产量,没有当前逐资产实绩；缺失不等于零,在产,运营商资料截至2025年／再次复核2026-09-28,中,https://www.adnoc.ae/en/adnoc-offshore,True,False,25.1,52.74,,https://www.adnoc.ae/en/adnoc-offshore,200,2026-09-30,未取得可展示的本层级产量/产能；不填0；继承近似点的独立坐标出处待核,
阿联酋,Nasr,纳斯尔,,field,Ghasha Concession,原油,65,千桶/日,target_capacity,2015-02-05公告；全田开发预期峰值,,,,,,,[],[],保留来源期数据；详见2026-09-30逐行审计，非实时实绩,数值仅对应数据日期；复核日不是观测日，不能视作2026-09-30实绩,在产,运营商资料截至2025年／再次复核2026-09-28,中,https://www.inpex.com/english/news/english/news/assets/pdf/e20150205.pdf,True,False,25.54,53.52,,https://www.inpex.com/english/news/english/news/assets/pdf/e20150205.pdf,200,2026-09-30,非实时数值；只能用于所标日期和口径；继承近似点的独立坐标出处待核,INPEX在初期投产公告中预期全田开发完成后峰值65千桶/日；未核实实际达到或当前实产。
阿联酋,Umm Al Dalkh,乌姆阿尔达尔赫,,field,,原油,,,undisclosed,,,,,,,,[],[],数值缺失；不可估计当前产量,没有当前逐资产实绩；缺失不等于零,在产,运营商资料截至2025年／再次复核2026-09-28,中,https://www.adnoc.ae/en/adnoc-offshore,True,False,24.63,54.1,,https://www.adnoc.ae/en/adnoc-offshore,200,2026-09-30,未取得可展示的本层级产量/产能；不填0；继承近似点的独立坐标出处待核,
阿联酋,Satah Al Razboot (SARB),萨塔赫·阿尔拉兹布特,,field,Ghasha Concession,油气／凝析油,140,千桶/日,capacity,2024-07-30公告,,,,,,,[],[],保留来源期数据；详见2026-09-30逐行审计，非实时实绩,数值仅对应数据日期；复核日不是观测日，不能视作2026-09-30实绩,在产,运营商资料截至2025年／再次复核2026-09-28,中,https://adnoc.ae/en/news-and-media/press-releases/2023/adnocs-offshore-sarb-field-commences-ai-enabled-digital-operations,True,False,25.19,53.18,,https://adnoc.ae/en/news-and-media/press-releases/2023/adnocs-offshore-sarb-field-commences-ai-enabled-digital-operations,200,2026-09-30,非实时数值；只能用于所标日期和口径；继承近似点的独立坐标出处待核,ADNOC宣布该田达到140千桶/日产能；非实际日产量，深层气项目单列。
阿联酋,Umm Lulu,乌姆卢卢,,field,,原油,105,千桶/日,target_capacity,2014-10-17公告；全田开发预期峰值,,,,,,,[],[],保留来源期数据；详见2026-09-30逐行审计，非实时实绩,数值仅对应数据日期；复核日不是观测日，不能视作2026-09-30实绩,在产,运营商资料截至2025年／再次复核2026-09-28,中,https://www.inpex.com/english/news/english/news/assets/pdf/e20141017.pdf,True,False,24.7,54.06,,https://www.inpex.com/english/news/english/news/assets/pdf/e20141017.pdf,200,2026-09-30,非实时数值；只能用于所标日期和口径；继承近似点的独立坐标出处待核,INPEX初期投产公告称全田开发完成后预期峰值105千桶/日；不能认定已经达到。
阿联酋,Abu Al Bukhoosh,阿布阿尔布胡什,,field,,原油,,,undisclosed,,,,,,,,[],[],数值缺失；不可估计当前产量,没有当前逐资产实绩；缺失不等于零,在产,运营商资料截至2025年／再次复核2026-09-28,中,https://www.adnoc.ae/en/adnoc-offshore,True,False,25.5,53.15,,https://www.adnoc.ae/en/adnoc-offshore,200,2026-09-30,未取得可展示的本层级产量/产能；不填0；继承近似点的独立坐标出处待核,
阿联酋,Bu Haseer,布哈塞尔,,field,,原油,8,千桶/日,actual_output,2018年3月初期投产口径,,,,,,,[],[],保留来源期数据；详见2026-09-30逐行审计，非实时实绩,数值仅对应数据日期；复核日不是观测日，不能视作2026-09-30实绩,在产,运营商资料截至2025年／再次复核2026-09-28,中,https://adnoc.ae/en/al-yasat-petroleum/about-us/what-we-do,True,False,24.93,53.17,,https://adnoc.ae/en/al-yasat-petroleum/about-us/what-we-do,200,2026-09-30,非实时数值；只能用于所标日期和口径；继承近似点的独立坐标出处待核,ADNOC称初期生产方案日产8千桶；全田15千桶/日仅是目标，未用目标代替实产；本值并非当前产量。
阿联酋,Belbazem,贝尔巴泽姆,,field,Belbazem Offshore Block,原油,,,undisclosed,,,,,,,,[],[],数值缺失；不可估计当前产量,没有当前逐资产实绩；缺失不等于零,在产,运营商资料截至2025年／再次复核2026-09-28,中,https://adnoc.ae/en/news-and-media/press-releases/2023/adnoc-announces-first-production-from-belbazem-offshore-block/,True,False,25.13,53.59,,https://adnoc.ae/en/news-and-media/press-releases/2023/adnoc-announces-first-production-from-belbazem-offshore-block/,200,2026-09-30,未取得可展示的本层级产量/产能；不填0；继承近似点的独立坐标出处待核,2024年投产的Belbazem区块组成油田之一；45千桶/日属于三区块合计目标，单田实产未披露。
阿联酋,Belbazem Offshore Block,贝尔巴泽姆海上区块,,block,,原油,45,千桶/日,target_capacity,2024-03-27公告；逐步达产目标,,,,,,,[],[],保留来源期数据；详见2026-09-30逐行审计，非实时实绩,数值仅对应数据日期；复核日不是观测日，不能视作2026-09-30实绩,在产,2024-03-27,高,https://adnoc.ae/en/news-and-media/press-releases/2023/adnoc-announces-first-production-from-belbazem-offshore-block/,True,True,25.070000000000004,53.586666666666666,,https://adnoc.ae/en/news-and-media/press-releases/2023/adnoc-announces-first-production-from-belbazem-offshore-block/,200,2026-09-30,非实时数值；只能用于所标日期和口径；代理点；不能当田边界或独立子田坐标,目标为Belbazem、Umm Al Salsal、Umm Al Dholou三田合计产能，非任一单田或已核实实产；区块无单点坐标。
阿联酋,Umm Al Salsal,乌姆阿尔萨尔萨勒,,field,Belbazem Offshore Block,原油,,,undisclosed,,,,,,,,[],[],数值缺失；不可估计当前产量,没有当前逐资产实绩；缺失不等于零,在产,运营商资料截至2025年／再次复核2026-09-28,中,https://adnoc.ae/en/al-yasat-petroleum/about-us/what-we-do,True,False,25.07,53.53,,https://adnoc.ae/en/al-yasat-petroleum/about-us/what-we-do,200,2026-09-30,未取得可展示的本层级产量/产能；不填0；继承近似点的独立坐标出处待核,
阿联酋,Umm Al Dholou,乌姆阿尔祖卢,,field,Belbazem Offshore Block,原油,,,undisclosed,,,,,,,,[],[],数值缺失；不可估计当前产量,没有当前逐资产实绩；缺失不等于零,在产,运营商资料截至2025年／再次复核2026-09-28,中,https://adnoc.ae/en/al-yasat-petroleum/about-us/what-we-do,True,False,25.01,53.64,,https://adnoc.ae/en/al-yasat-petroleum/about-us/what-we-do,200,2026-09-30,未取得可展示的本层级产量/产能；不填0；继承近似点的独立坐标出处待核,
阿联酋,Arzanah,阿尔扎纳,,field,,原油,,,undisclosed,,,,,,,,[],[],数值缺失；不可估计当前产量,没有当前逐资产实绩；缺失不等于零,在产,运营商资料截至2025年／再次复核2026-09-28,中,https://adnoc.ae/en/al-yasat-petroleum/about-us/what-we-do,True,False,24.79,52.56,,https://adnoc.ae/en/al-yasat-petroleum/about-us/what-we-do,200,2026-09-30,未取得可展示的本层级产量/产能；不填0；继承近似点的独立坐标出处待核,
阿联酋,Nahaidiin,纳海迪因,,field,,原油,,,undisclosed,,,,,,,,[],[],数值缺失；不可估计当前产量,没有当前逐资产实绩；缺失不等于零,在产,运营商资料截至2025年／再次复核2026-09-28,中,https://adnoc.ae/en/al-yasat-petroleum/about-us/what-we-do,True,False,23.82,52.2,,https://adnoc.ae/en/al-yasat-petroleum/about-us/what-we-do,200,2026-09-30,未取得可展示的本层级产量/产能；不填0；继承近似点的独立坐标出处待核,
阿联酋,Bin Hadi,本哈迪,,field,,原油,,,undisclosed,,,,,,,,[],[],数值缺失；不可估计当前产量,没有当前逐资产实绩；缺失不等于零,在产,运营商资料截至2025年／再次复核2026-09-28,中,https://adnoc.ae/en/al-yasat-petroleum/about-us/what-we-do,True,False,23.72,52.43,,https://adnoc.ae/en/al-yasat-petroleum/about-us/what-we-do,200,2026-09-30,未取得可展示的本层级产量/产能；不填0；继承近似点的独立坐标出处待核,
阿联酋,Gezira,盖济拉,,field,,原油,,,undisclosed,,,,,,,,[],[],数值缺失；不可估计当前产量,没有当前逐资产实绩；缺失不等于零,在产,运营商资料截至2025年／再次复核2026-09-28,中,https://adnoc.ae/en/al-yasat-petroleum/about-us/what-we-do,True,False,23.89,52.61,,https://adnoc.ae/en/al-yasat-petroleum/about-us/what-we-do,200,2026-09-30,未取得可展示的本层级产量/产能；不填0；继承近似点的独立坐标出处待核,
阿联酋,Muhaymat,穆海马特,,field,,原油,,,undisclosed,,,,,,,,[],[],数值缺失；不可估计当前产量,没有当前逐资产实绩；缺失不等于零,在产,运营商资料截至2025年／再次复核2026-09-28,中,https://adnoc.ae/en/al-yasat-petroleum/about-us/what-we-do,True,False,24.1,52.1,,https://adnoc.ae/en/al-yasat-petroleum/about-us/what-we-do,200,2026-09-30,未取得可展示的本层级产量/产能；不填0；继承近似点的独立坐标出处待核,
阿联酋,Sila,锡拉,,field,,原油,,,undisclosed,,,,,,,,[],[],数值缺失；不可估计当前产量,没有当前逐资产实绩；缺失不等于零,在产,运营商资料截至2025年／再次复核2026-09-28,中,https://adnoc.ae/en/al-yasat-petroleum/about-us/what-we-do,True,False,24.08,51.76,,https://adnoc.ae/en/al-yasat-petroleum/about-us/what-we-do,200,2026-09-30,未取得可展示的本层级产量/产能；不填0；继承近似点的独立坐标出处待核,
阿联酋,Ghasha,加沙,,field,Ghasha Concession,天然气,,,undisclosed,,,,,,,,[],[],数值缺失；不可估计当前产量,没有当前逐资产实绩；缺失不等于零,开发／建设中,2025—2026年项目资料,高,https://adnoc.ae/en/news-and-media/press-releases/2025/uae-president-chairs-adnoc-board-of-directors-meeting-at-habshan-complex,True,False,24.95,52.77,,https://adnoc.ae/en/news-and-media/press-releases/2025/uae-president-chairs-adnoc-board-of-directors-meeting-at-habshan-complex,200,2026-09-30,未取得可展示的本层级产量/产能；不填0；继承近似点的独立坐标出处待核,
阿联酋,Dalma,达尔马,,field,Ghasha Concession,天然气,,,undisclosed,,,,,,,,[],[],数值缺失；不可估计当前产量,没有当前逐资产实绩；缺失不等于零,开发／建设中,2025—2026年项目资料,高,https://adnoc.ae/en/news-and-media/press-releases/2025/uae-president-chairs-adnoc-board-of-directors-meeting-at-habshan-complex,True,False,24.78,52.83,,https://adnoc.ae/en/news-and-media/press-releases/2025/uae-president-chairs-adnoc-board-of-directors-meeting-at-habshan-complex,200,2026-09-30,未取得可展示的本层级产量/产能；不填0；继承近似点的独立坐标出处待核,
阿联酋,Shuweihat,舒韦哈特,,field,,天然气,,,undisclosed,,,,,,,,[],[],数值缺失；不可估计当前产量,没有当前逐资产实绩；缺失不等于零,开发／建设中,2025—2026年项目资料,高,https://adnoc.ae/en/news-and-media/press-releases/2025/uae-president-chairs-adnoc-board-of-directors-meeting-at-habshan-complex,True,False,24.2,52.55,,https://adnoc.ae/en/news-and-media/press-releases/2025/uae-president-chairs-adnoc-board-of-directors-meeting-at-habshan-complex,200,2026-09-30,未取得可展示的本层级产量/产能；不填0；继承近似点的独立坐标出处待核,
阿联酋,Ghasha Concession,Ghasha特许区,,concession,,油气／凝析油,150,千桶/日（原油及凝析油）,target_capacity,2025-11-24公告；预期口径,,,,,,,"[{""value"": ""1,800"", ""unit"": ""百万标准立方英尺/日"", ""metric_type"": ""target_capacity"", ""commodity"": ""natural_gas"", ""data_date"": ""2025-11-24公告目标"", ""basis"": ""目标，不是当期实产；整个特许区，不拆给组成田"", ""source_url"": ""https://adnoc.ae/en/news-and-media/press-releases/2025/uae-president-chairs-adnoc-board-of-directors-meeting-at-habshan-complex""}]",[],保留来源期数据；详见2026-09-30逐行审计，非实时实绩,数值仅对应数据日期；复核日不是观测日，不能视作2026-09-30实绩,开发／建设中,2025—2026年项目资料,高,https://adnoc.ae/en/news-and-media/press-releases/2025/uae-president-chairs-adnoc-board-of-directors-meeting-at-habshan-complex,True,True,24.965600000000002,53.1426,,https://adnoc.ae/en/news-and-media/press-releases/2025/uae-president-chairs-adnoc-board-of-directors-meeting-at-habshan-complex,200,2026-09-30,非实时数值；只能用于所标日期和口径；代理点；不能当田边界或独立子田坐标,ADNOC称Ghasha特许区包括Hail、Ghasha、Dalma、SARB和Nasr，预期日产15万桶原油及凝析油；这是特许区目标／预期，不是单田或已核实实产。
阿联酋,SARB Deep Gas,SARB 深层气项目,,project,Satah Al Razboot (SARB),天然气,200,百万标准立方英尺/日,target_capacity,2026-01-07,,,,,,,[],[],保留来源期数据；详见2026-09-30逐行审计，非实时实绩,数值仅对应数据日期；复核日不是观测日，不能视作2026-09-30实绩,开发／建设中,2025—2026年项目资料,高,https://www.adnoc.ae/en/news-and-media/press-releases/2026/adnoc-announces-final-investment-decision-for-the-sarb-deep-gas-development/,True,False,25.19,53.18,,https://www.adnoc.ae/en/news-and-media/press-releases/2026/adnoc-announces-final-investment-decision-for-the-sarb-deep-gas-development/,200,2026-09-30,非实时数值；只能用于所标日期和口径；继承近似点的独立坐标出处待核,2026-01-07 FID公告：目标最高200百万标准立方英尺/日，非已投产实绩。
阿联酋,Hail (ADOC),海尔（ADOC）,,field,,原油,,,undisclosed,,,,,,,,[],[],数值缺失；不可估计当前产量,没有当前逐资产实绩；缺失不等于零,在产,运营商资料截至2025年／再次复核2026-09-28,中,https://www.cts-co.net/adocauh/product/,True,False,24.37,53.41,,https://www.cts-co.net/adocauh/product/,200,2026-09-30,未取得可展示的本层级产量/产能；不填0；继承近似点的独立坐标出处待核,ADOC确认Hail与Mubarraz等田的原油混合外运；原列21千桶/日未在该单田来源中核实，撤回。
阿联酋,Hail (ADNOC Ghasha),海尔（ADNOC Ghasha）,,field,Ghasha Concession,油气／凝析油,,,undisclosed,,,,,,,,[],[],数值缺失；不可估计当前产量,没有当前逐资产实绩；缺失不等于零,开发／建设中,2025—2026年项目资料,高,https://adnoc.ae/en/news-and-media/press-releases/2025/uae-president-chairs-adnoc-board-of-directors-meeting-at-habshan-complex,True,False,24.368,53.413,https://www.gem.wiki/Hail_Oil_Field_%28United_Arab_Emirates%29,https://adnoc.ae/en/news-and-media/press-releases/2025/uae-president-chairs-adnoc-board-of-directors-meeting-at-habshan-complex,200,2026-09-30,未取得可展示的本层级产量/产能；不填0,与上方Hail (ADOC)是不同资产。ADNOC将Hail列入Ghasha项目；项目层级的气量／液体目标不分摊为该田产量，单田坐标和产量未核实。
阿联酋,Mubarraz,穆巴拉兹,,field,,原油,,,undisclosed,,,,,,,,[],[],数值缺失；不可估计当前产量,没有当前逐资产实绩；缺失不等于零,在产,运营商资料截至2025年／再次复核2026-09-28,中,https://www.cts-co.net/adocauh/product/,True,False,24.4,53.52,,https://www.cts-co.net/adocauh/product/,200,2026-09-30,未取得可展示的本层级产量/产能；不填0；继承近似点的独立坐标出处待核,
阿联酋,Umm Al-Anbar,乌姆阿尔安巴尔,,field,,原油,,,undisclosed,,,,,,,,[],[],数值缺失；不可估计当前产量,没有当前逐资产实绩；缺失不等于零,在产,运营商资料截至2025年／再次复核2026-09-28,中,https://www.cts-co.net/adocauh/product/,True,False,24.3,53.45,,https://www.cts-co.net/adocauh/product/,200,2026-09-30,未取得可展示的本层级产量/产能；不填0；继承近似点的独立坐标出处待核,
阿联酋,Neewat Al-Ghalan,尼瓦特阿尔加兰,,field,,原油,,,undisclosed,,,,,,,,[],[],数值缺失；不可估计当前产量,没有当前逐资产实绩；缺失不等于零,在产,运营商资料截至2025年／再次复核2026-09-28,中,https://www.cts-co.net/adocauh/product/,True,False,24.22,53.55,,https://www.cts-co.net/adocauh/product/,200,2026-09-30,未取得可展示的本层级产量/产能；不填0；继承近似点的独立坐标出处待核,
阿联酋,Bunduq,本杜克,,field,,原油,9.2,千桶/日,actual_output,2024年平均,,,,,,,[],[],原始2025-11演示第12页2024均值已核；不是2026实绩,数值仅对应数据日期；复核日不是观测日，不能视作2026-09-30实绩,在产,运营商资料截至2025年／再次复核2026-09-28,中,https://www.qatarenergy.qa/en/MediaCenter/Publications/QatarEnergy_Investors_Presentation_November_2025.pdf,True,False,25.22,52.72,,https://www.qatarenergy.qa/en/MediaCenter/Publications/QatarEnergy_Investors_Presentation_November_2025.pdf,200,2026-09-30,非实时数值；只能用于所标日期和口径；继承近似点的独立坐标出处待核,QatarEnergy投资者材料第13页列El Bunduq全田2024年平均原油产量；跨境资产仅列一次，不是阿联酋权益量。
阿联酋,Haliba,哈利巴,,field,,原油,10,千桶/日,actual_output,2019年6月初期投产口径,,,,,,,[],[],保留来源期数据；详见2026-09-30逐行审计，非实时实绩,数值仅对应数据日期；复核日不是观测日，不能视作2026-09-30实绩,在产,运营商资料截至2025年／再次复核2026-09-28,中,https://www.adnoc.ae/en/al-dhafra-petroleum/about-us/what-we-do,True,False,23.0,53.8,,https://www.adnoc.ae/en/al-dhafra-petroleum/about-us/what-we-do,200,2026-09-30,非实时数值；只能用于所标日期和口径；继承近似点的独立坐标出处待核,ADNOC Al Dhafra称2019年6月开始以10千桶/日生产；40千桶/日仅为目标产能，本值非当前实产。
阿联酋,Fateh,法泰赫,,field,,原油,,,undisclosed,,,,,,,,[],[],数值缺失；不可估计当前产量,没有当前逐资产实绩；缺失不等于零,在产,运营商资料截至2025年／再次复核2026-09-28,中,https://www.dubaipetroleum.ae/about-us/oil-and-gas-assets/,True,False,25.54,54.29,,https://www.dubaipetroleum.ae/about-us/oil-and-gas-assets/,200,2026-09-30,未取得可展示的本层级产量/产能；不填0；继承近似点的独立坐标出处待核,
阿联酋,South-West Fateh,西南法泰赫,,field,,原油,,,undisclosed,,,,,,,,[],[],数值缺失；不可估计当前产量,没有当前逐资产实绩；缺失不等于零,在产,运营商资料截至2025年／再次复核2026-09-28,中,https://www.dubaipetroleum.ae/about-us/oil-and-gas-assets/,True,False,25.45,54.19,,https://www.dubaipetroleum.ae/about-us/oil-and-gas-assets/,200,2026-09-30,未取得可展示的本层级产量/产能；不填0；继承近似点的独立坐标出处待核,
阿联酋,Falah,法拉赫,,field,,原油,,,undisclosed,,,,,,,,[],[],数值缺失；不可估计当前产量,没有当前逐资产实绩；缺失不等于零,在产,运营商资料截至2025年／再次复核2026-09-28,中,https://www.dubaipetroleum.ae/about-us/oil-and-gas-assets/,True,False,25.63,54.21,,https://www.dubaipetroleum.ae/about-us/oil-and-gas-assets/,200,2026-09-30,未取得可展示的本层级产量/产能；不填0；继承近似点的独立坐标出处待核,
阿联酋,Rashid,拉希德,,field,,原油,,,undisclosed,,,,,,,,[],[],数值缺失；不可估计当前产量,没有当前逐资产实绩；缺失不等于零,在产,运营商资料截至2025年／再次复核2026-09-28,中,https://www.dubaipetroleum.ae/about-us/oil-and-gas-assets/,True,False,25.45,54.4,,https://www.dubaipetroleum.ae/about-us/oil-and-gas-assets/,200,2026-09-30,未取得可展示的本层级产量/产能；不填0；继承近似点的独立坐标出处待核,
阿联酋,Jalilah,贾利拉,,field,,原油,,,undisclosed,,,,,,,,[],[],数值缺失；不可估计当前产量,没有当前逐资产实绩；缺失不等于零,在产,运营商资料截至2025年／再次复核2026-09-28,中,https://www.dubaipetroleum.ae/about-us/oil-and-gas-assets/,True,False,25.38,54.34,,https://www.dubaipetroleum.ae/about-us/oil-and-gas-assets/,200,2026-09-30,未取得可展示的本层级产量/产能；不填0；继承近似点的独立坐标出处待核,
阿联酋,Margham,马尔格姆,,field,,油气／凝析油,,,undisclosed,,,,,,,,[],[],数值缺失；不可估计当前产量,没有当前逐资产实绩；缺失不等于零,在产,运营商资料截至2025年／再次复核2026-09-28,中,https://www.dusup.ae/supply-operations/margham-gas-plant/,True,False,24.98,55.61,,https://www.dusup.ae/supply-operations/margham-gas-plant/,403,2026-09-30,未取得可展示的本层级产量/产能；不填0；所引URL自动访问失败或未探测；不代表资产不存在；继承近似点的独立坐标出处待核,撤回25千桶/日历史凝析油值：所引Dubai Petroleum资产页未提供该数字。
阿联酋,Bab Gas Cap,巴布气顶项目,,project,Bab,天然气,"1,500",百万标准立方英尺/日,target_capacity,2026-06-24特许区公告,,,,,,,[],[],保留来源期数据；详见2026-09-30逐行审计，非实时实绩,数值仅对应数据日期；复核日不是观测日，不能视作2026-09-30实绩,开发／建设中,2025—2026年项目资料,高,https://www.sec.gov/Archives/edgar/data/879764/000110465926079516/tm2619405d1_ex99-6.htm,True,False,23.93,53.79,,https://www.sec.gov/Archives/edgar/data/879764/000110465926079516/tm2619405d1_ex99-6.htm,200,2026-09-30,非实时数值；只能用于所标日期和口径；继承近似点的独立坐标出处待核,开发目标1.5十亿立方英尺/日，非当前实产；已更换不能支撑数字的通用资产页。
阿联酋,Ruwais Diyab,鲁韦斯迪亚布,,concession,,天然气,,,undisclosed,,,,,,,,[],[],数值缺失；不可估计当前产量,没有当前逐资产实绩；缺失不等于零,开发／建设中,2025—2026年项目资料,高,https://adnoc.ae/en/news-and-media/press-releases/2025/uae-president-chairs-adnoc-board-of-directors-meeting-at-habshan-complex,True,False,24.15,52.7,,https://adnoc.ae/en/news-and-media/press-releases/2025/uae-president-chairs-adnoc-board-of-directors-meeting-at-habshan-complex,200,2026-09-30,未取得可展示的本层级产量/产能；不填0；继承近似点的独立坐标出处待核,特许权，不是单一油田。
阿联酋,Sajaa,萨贾,,field,,油气／凝析油,,,undisclosed,,,,,,,,[],[],数值缺失；不可估计当前产量,没有当前逐资产实绩；缺失不等于零,在产,运营商资料截至2025年／再次复核2026-09-28,中,https://www.snoc.ae/our-business/upstream/,True,False,25.3778,55.6826,https://www.gem.wiki/Sajaa_Oil_and_Gas_Field_%28United_Arab_Emirates%29,https://www.snoc.ae/our-business/upstream/,200,2026-09-30,未取得可展示的本层级产量/产能；不填0,沙迦SNOC列为既有油气资产；原油逐田日产量未披露。
阿联酋,Kahaif,卡海夫,,field,,油气／凝析油,,,undisclosed,,,,,,,,[],[],数值缺失；不可估计当前产量,没有当前逐资产实绩；缺失不等于零,在产,运营商资料截至2025年／再次复核2026-09-28,中,https://www.snoc.ae/our-business/upstream/,True,False,25.1941,55.7993,https://www.gem.wiki/Kahaif_Oil_and_Gas_Field_%28United_Arab_Emirates%29,https://www.snoc.ae/our-business/upstream/,200,2026-09-30,未取得可展示的本层级产量/产能；不填0,沙迦SNOC列为既有油气资产；原油逐田日产量未披露。
阿联酋,Moveyeid,穆韦耶德,,field,,天然气,,,undisclosed,,,,,,,,[],[],数值缺失；不可估计当前产量,没有当前逐资产实绩；缺失不等于零,转储存用途,2026-09-28审计,高,https://www.snoc.ae/our-business/upstream/,True,True,25.3778,55.6826,https://www.snoc.ae/operations/,https://www.snoc.ae/our-business/upstream/,200,2026-09-30,未取得可展示的本层级产量/产能；不填0；代理点；不能当田边界或独立子田坐标,SNOC称其已从成熟生产田转型为储气设施；不填当期原油日产量。
阿联酋,Mahani,马哈尼,,field,,油气／凝析油,,,undisclosed,,,,,,,,[],[],数值缺失；不可估计当前产量,没有当前逐资产实绩；缺失不等于零,在产,运营商资料截至2025年／再次复核2026-09-28,中,https://www.snoc.ae/wp-content/uploads/SNOC-2021-GHG-Report.pdf,True,True,25.15,55.78,https://geoexpro.com/uae-sharjah-gas-discovery/,https://www.snoc.ae/wp-content/uploads/SNOC-2021-GHG-Report.pdf,200,2026-09-30,未取得可展示的本层级产量/产能；不填0；代理点；不能当田边界或独立子田坐标,SNOC的2021年温室气体报告列为其四座运营气田之一；不将井测试流量填为全田持续产量。
阿联酋,Hedebah,赫德巴,,field,,油气／凝析油,,,undisclosed,,,,,,,,[],[],数值缺失；不可估计当前产量,没有当前逐资产实绩；缺失不等于零,在产,2025-11-04,高,https://www.snoc.ae/news/snoc-strengthens-sharjahs-energy-security-with-second-well-success-in-hedebah-field/,True,True,25.442,55.754,https://www.snoc.ae/operations/,https://www.snoc.ae/news/snoc-strengthens-sharjahs-energy-security-with-second-well-success-in-hedebah-field/,200,2026-09-30,未取得可展示的本层级产量/产能；不填0；代理点；不能当田边界或独立子田坐标,SNOC将其列为新发现田；持续逐田产量未披露。
阿联酋,Saleh,萨利赫,,field,,天然气,,,undisclosed,,,,,,,,[],[],数值缺失；不可估计当前产量,没有当前逐资产实绩；缺失不等于零,停产／终止,2024-11-05／复核2026-09-28,高,https://www.linkedin.com/posts/rakpa_collaboration-adipec2024-rakpa-activity-7259475442305286144-qSf6,True,True,26.14,55.71,https://www.gem.wiki/Saleh%E2%80%93Ras_al-Khaimah_gas_pipeline,https://www.rakgas.ae/en/who-we-are/our-story,200,2026-09-30,未取得可展示的本层级产量/产能；不填0；代理点；不能当田边界或独立子田坐标,RAKGAS历史页面记载从哈伊马角近海Saleh田开采和处理，未披露当前逐田流量。
阿联酋,Umm Al Quwain,乌姆盖万,,field,,天然气,,,undisclosed,,,,,,,,[],[],数值缺失；不可估计当前产量,没有当前逐资产实绩；缺失不等于零,停产／终止,2025年资产报告／复核2026-09-28,中,https://www.woodmac.com/reports/upstream-oil-and-gas-united-arab-emirates-ceased-fields-75021668/,True,False,25.5639,55.4466,https://www.gem.wiki/Umm_Al_Qaiwain_%28UAQ%29_Gas_Field_%28United_Arab_Emirates%29,https://www.rakgas.ae/en/who-we-are/our-story,200,2026-09-30,未取得可展示的本层级产量/产能；不填0,RAKGAS历史页面记载2006—2008年处理该田来气；当前生产状态和逐田数值待核。
伊拉克,Rumaila,鲁迈拉,,field,,原油,"1,370",千桶/日,actual_output,2025年平均,,,,,,,[],[],保留来源期数据；详见2026-09-30逐行审计，非实时实绩,数值仅对应数据日期；复核日不是观测日，不能视作2026-09-30实绩,在产,2023—2026年最后可核实公开时点／再次复核2026-09-28,中,https://rumaila.iq/english/about-us/history-2/,True,False,30.08,47.43,,https://rumaila.iq/english/about-us/history-2/,200,2026-09-30,非实时数值；只能用于所标日期和口径；继承近似点的独立坐标出处待核,运营组织直报2025全年日均137万桶；不是当前瞬时日产量。
伊拉克,West Qurna-1,西古尔纳一期,,field,,原油,600,千桶/日,actual_output,2025-11-20,,,,,,,[],[],保留来源期数据；详见2026-09-30逐行审计，非实时实绩,数值仅对应数据日期；复核日不是观测日，不能视作2026-09-30实绩,在产,2023—2026年最后可核实公开时点／再次复核2026-09-28,中,https://www.iraqinews.com/iraq/iraq-to-raise-west-qurna-1s-output-to-670000-bpd-in-2026/,True,False,30.77,47.25,,https://www.iraqinews.com/iraq/iraq-to-raise-west-qurna-1s-output-to-670000-bpd-in-2026/,200,2026-09-30,非实时数值；只能用于所标日期和口径；继承近似点的独立坐标出处待核,报道引用油田管理方称当日产量为600千桶/日；旧750千桶/日记录是产能，2026年实际日产量未核实。
伊拉克,West Qurna-2,西古尔纳二期,,field,,原油,400.1,千桶/日,derived_daily_average,2021年历史日均（全年365日）,146022515,365,PCLD年度报送；表58,,,,[],[],原始年度量及日均公式已复核（历史）,数值仅对应数据日期；复核日不是观测日，不能视作2026-09-30实绩,在产,2023—2026年最后可核实公开时点／再次复核2026-09-28,中,https://eiti.org/sites/default/files/2024-01/Iraq%202021%20EITI%20Report.pdf,True,False,30.96,47.31,,https://eiti.org/sites/default/files/2024-01/Iraq%202021%20EITI%20Report.pdf,200,2026-09-30,非实时数值；只能用于所标日期和口径；继承近似点的独立坐标出处待核,"EITI 2021 PCLD表58年产146,022,515桶÷365日÷1000，四舍五入至0.1千桶/日；历史全年日均，不能解释为当前日产量。"
伊拉克,Zubair,祖拜尔,,field,,原油,470.6,千桶/日,derived_daily_average,2021年历史日均（全年365日）,171760022,365,PCLD年度报送；表58,,,,[],[],原始年度量及日均公式已复核（历史）,数值仅对应数据日期；复核日不是观测日，不能视作2026-09-30实绩,在产,2023—2026年最后可核实公开时点／再次复核2026-09-28,中,https://eiti.org/sites/default/files/2024-01/Iraq%202021%20EITI%20Report.pdf,True,False,30.2,47.82,,https://eiti.org/sites/default/files/2024-01/Iraq%202021%20EITI%20Report.pdf,200,2026-09-30,非实时数值；只能用于所标日期和口径；继承近似点的独立坐标出处待核,"EITI 2021 PCLD表58年产171,760,022桶÷365日÷1000，四舍五入至0.1千桶/日；历史全年日均，不能解释为当前日产量。"
伊拉克,Majnoon,马季努恩,,field,,原油,176.0,千桶/日,derived_daily_average,2021年历史日均（全年365日）,64240000,365,PCLD年度报送；表58,,,,[],[],原始年度量及日均公式已复核（历史）,数值仅对应数据日期；复核日不是观测日，不能视作2026-09-30实绩,在产,2023—2026年最后可核实公开时点／再次复核2026-09-28,中,https://eiti.org/sites/default/files/2024-01/Iraq%202021%20EITI%20Report.pdf,True,False,31.05,47.72,,https://eiti.org/sites/default/files/2024-01/Iraq%202021%20EITI%20Report.pdf,200,2026-09-30,非实时数值；只能用于所标日期和口径；继承近似点的独立坐标出处待核,"EITI 2021 PCLD表58年产64,240,000桶÷365日÷1000，四舍五入至0.1千桶/日；历史全年日均，不能解释为当前日产量。"
伊拉克,Halfaya,哈法亚,,field,,原油,389.6,千桶/日,derived_daily_average,2021年历史日均（全年365日）,142213694,365,PCLD年度报送；表58,,,,[],[],原始年度量及日均公式已复核（历史）,数值仅对应数据日期；复核日不是观测日，不能视作2026-09-30实绩,在产,2023—2026年最后可核实公开时点／再次复核2026-09-28,中,https://eiti.org/sites/default/files/2024-01/Iraq%202021%20EITI%20Report.pdf,True,False,31.58,47.3,,https://eiti.org/sites/default/files/2024-01/Iraq%202021%20EITI%20Report.pdf,200,2026-09-30,非实时数值；只能用于所标日期和口径；继承近似点的独立坐标出处待核,"EITI 2021 PCLD表58年产142,213,694桶÷365日÷1000，四舍五入至0.1千桶/日；历史全年日均，不能解释为当前日产量。"
伊拉克,Gharraf,加拉夫,,field,,原油,130,千桶/日,actual_output,截至2022-04-20的运营资料,,,,,,,[],[],保留来源期数据；详见2026-09-30逐行审计，非实时实绩,数值仅对应数据日期；复核日不是观测日，不能视作2026-09-30实绩,在产,2023—2026年最后可核实公开时点／再次复核2026-09-28,中,https://www.petronas.com/partner-us/pcihbv-contract-plan,True,False,31.45,46.78,,https://www.petronas.com/partner-us/pcihbv-contract-plan,200,2026-09-30,非实时数值；只能用于所标日期和口径；继承近似点的独立坐标出处待核,PETRONAS资料称该田平均约13万桶/日；网页给出2022-04-20累计出口基准日，属于历史资料。
伊拉克,Badra,巴德拉,,field,,原油,35.2,千桶/日,derived_daily_average,2021年历史日均（全年365日）,12857981,365,PCLD年度报送；表58,,,,[],[],原始年度量及日均公式已复核（历史）,数值仅对应数据日期；复核日不是观测日，不能视作2026-09-30实绩,在产,2023—2026年最后可核实公开时点／再次复核2026-09-28,中,https://eiti.org/sites/default/files/2024-01/Iraq%202021%20EITI%20Report.pdf,True,False,33.03,45.03,,https://eiti.org/sites/default/files/2024-01/Iraq%202021%20EITI%20Report.pdf,200,2026-09-30,非实时数值；只能用于所标日期和口径；继承近似点的独立坐标出处待核,"EITI 2021 PCLD表58年产12,857,981桶÷365日÷1000，四舍五入至0.1千桶/日；历史全年日均，不能解释为当前日产量。"
伊拉克,Ahdab,阿赫达卜,,field,,原油,49.2,千桶/日,derived_daily_average,2021年历史日均（全年365日）,17956867,365,PCLD年度报送；表58,,,,[],[],原始年度量及日均公式已复核（历史）,数值仅对应数据日期；复核日不是观测日，不能视作2026-09-30实绩,在产,2023—2026年最后可核实公开时点／再次复核2026-09-28,中,https://eiti.org/sites/default/files/2024-01/Iraq%202021%20EITI%20Report.pdf,True,False,32.99,44.63,,https://eiti.org/sites/default/files/2024-01/Iraq%202021%20EITI%20Report.pdf,200,2026-09-30,非实时数值；只能用于所标日期和口径；继承近似点的独立坐标出处待核,"EITI 2021 PCLD表58年产17,956,867桶÷365日÷1000，四舍五入至0.1千桶/日；历史全年日均，不能解释为当前日产量。"
伊拉克,East Baghdad,东巴格达,,field,,原油,18.2,千桶/日,derived_daily_average,2021年历史日均（全年365日）,6630000,365,PCLD年度报送；表58,,,,[],[],原始年度量及日均公式已复核（历史）,数值仅对应数据日期；复核日不是观测日，不能视作2026-09-30实绩,在产,2023—2026年最后可核实公开时点／再次复核2026-09-28,中,https://eiti.org/sites/default/files/2024-01/Iraq%202021%20EITI%20Report.pdf,True,False,33.45,44.6,,https://eiti.org/sites/default/files/2024-01/Iraq%202021%20EITI%20Report.pdf,200,2026-09-30,非实时数值；只能用于所标日期和口径；继承近似点的独立坐标出处待核,"EITI 2021 PCLD表58年产6,630,000桶÷365日÷1000，四舍五入至0.1千桶/日；历史全年日均，不能解释为当前日产量。此处为许可证南区报送范围，不能代表East Baghdad全部区域。"
伊拉克,Nahr Umar,纳赫尔乌马尔,,field,,原油,,,undisclosed,,,,,,,,[],[],数值缺失；不可估计当前产量,没有当前逐资产实绩；缺失不等于零,在产,2023—2026年最后可核实公开时点／再次复核2026-09-28,中,https://eiti.org/sites/default/files/2024-01/Iraq%202021%20EITI%20Report.pdf,True,False,30.4,47.72,,https://eiti.org/sites/default/files/2024-01/Iraq%202021%20EITI%20Report.pdf,200,2026-09-30,未取得可展示的本层级产量/产能；不填0；继承近似点的独立坐标出处待核,2026-09-30撤回原目录无原表支持的2021日产量；EITI 2021表58没有该田报送行。当前逐田实产未知。
伊拉克,Artawi,阿尔塔维,,field,,原油,16.7,千桶/日,derived_daily_average,2016年历史日均（全年366日）,6123726,366,Basra Oil Company年度报送；表p.75,,,,[],[],原始年度量及日均公式已复核（历史）,数值仅对应数据日期；复核日不是观测日，不能视作2026-09-30实绩,开发／建设中,2025-09-15,高,https://totalenergies.com/newsroom/iraq-totalenergies-launches-construction-final-two-major-projects-ggip/?lang=eng,True,False,30.42,47.91,,https://eiti.org/sites/default/files/attachments/iraq_2016_eiti_report.pdf,200,2026-09-30,非实时数值；只能用于所标日期和口径；继承近似点的独立坐标出处待核,"EITI 2016 Basra Oil Company表p.75年产6,123,726桶÷366日÷1000，四舍五入至0.1千桶/日；历史全年日均，不能解释为当前日产量。"
伊拉克,Nassiriya,纳西里耶,,field,,原油,,,undisclosed,,,,,,,,[],[],数值缺失；不可估计当前产量,没有当前逐资产实绩；缺失不等于零,在产,2023—2026年最后可核实公开时点／再次复核2026-09-28,中,https://eiti.org/sites/default/files/2024-01/Iraq%202021%20EITI%20Report.pdf,True,False,31.12,46.27,,https://eiti.org/sites/default/files/2024-01/Iraq%202021%20EITI%20Report.pdf,200,2026-09-30,未取得可展示的本层级产量/产能；不填0；继承近似点的独立坐标出处待核,2026-09-30撤回原目录无原表支持的2021日产量；EITI 2021表58没有该田报送行。当前逐田实产未知。
伊拉克,Kirkuk,基尔库克,,field,,原油,,,undisclosed,,,,,,,,[],[],数值缺失；不可估计当前产量,没有当前逐资产实绩；缺失不等于零,在产,2023—2026年最后可核实公开时点／再次复核2026-09-28,中,https://www.eia.gov/international/analysis/country/irq,True,False,35.47,44.39,,https://www.eia.gov/international/analysis/country/irq,200,2026-09-30,未取得可展示的本层级产量/产能；不填0；继承近似点的独立坐标出处待核,
伊拉克,Bai Hassan,拜哈桑,,field,,原油,133.3,千桶/日,derived_daily_average,2021年历史日均（全年365日）,48672087,365,NOC年度报送；表57,,,,[],[],原始年度量及日均公式已复核（历史）,数值仅对应数据日期；复核日不是观测日，不能视作2026-09-30实绩,在产,2023—2026年最后可核实公开时点／再次复核2026-09-28,中,https://eiti.org/sites/default/files/2024-01/Iraq%202021%20EITI%20Report.pdf,True,False,35.61,44.4,,https://eiti.org/sites/default/files/2024-01/Iraq%202021%20EITI%20Report.pdf,200,2026-09-30,非实时数值；只能用于所标日期和口径；继承近似点的独立坐标出处待核,"EITI 2021 NOC表57年产48,672,087桶÷365日÷1000，四舍五入至0.1千桶/日；历史全年日均，不能解释为当前日产量。"
伊拉克,Jambur,詹布尔,,field,,原油,38.4,千桶/日,derived_daily_average,2021年历史日均（全年365日）,14008692,365,NOC年度报送；表57,,,,[],[],原始年度量及日均公式已复核（历史）,数值仅对应数据日期；复核日不是观测日，不能视作2026-09-30实绩,在产,2023—2026年最后可核实公开时点／再次复核2026-09-28,中,https://eiti.org/sites/default/files/2024-01/Iraq%202021%20EITI%20Report.pdf,True,False,35.31,44.48,,https://eiti.org/sites/default/files/2024-01/Iraq%202021%20EITI%20Report.pdf,200,2026-09-30,非实时数值；只能用于所标日期和口径；继承近似点的独立坐标出处待核,"EITI 2021 NOC表57年产14,008,692桶÷365日÷1000，四舍五入至0.1千桶/日；历史全年日均，不能解释为当前日产量。"
伊拉克,Khabbaz,哈巴兹,,field,,原油,25.0,千桶/日,derived_daily_average,2021年历史日均（全年365日）,9139429,365,NOC年度报送；表57,,,,[],[],原始年度量及日均公式已复核（历史）,数值仅对应数据日期；复核日不是观测日，不能视作2026-09-30实绩,在产,2023—2026年最后可核实公开时点／再次复核2026-09-28,中,https://eiti.org/sites/default/files/2024-01/Iraq%202021%20EITI%20Report.pdf,True,False,35.52,44.21,,https://eiti.org/sites/default/files/2024-01/Iraq%202021%20EITI%20Report.pdf,200,2026-09-30,非实时数值；只能用于所标日期和口径；继承近似点的独立坐标出处待核,"EITI 2021 NOC表57年产9,139,429桶÷365日÷1000，四舍五入至0.1千桶/日；历史全年日均，不能解释为当前日产量。"
伊拉克,Qayyarah,盖亚拉,,field,,原油,,,undisclosed,,,,,,,,[],"[{""company"": ""NOC"", ""annual_barrels"": 1821143, ""year"": 2021, ""table"": ""57""}, {""company"": ""PCLD"", ""annual_barrels"": 1775463, ""year"": 2021, ""table"": ""58""}]",数值缺失；不可估计当前产量,没有当前逐资产实绩；缺失不等于零,在产,2023—2026年最后可核实公开时点／再次复核2026-09-28,中,https://www.eia.gov/international/analysis/country/irq,True,False,35.8,43.31,,https://www.eia.gov/international/analysis/country/irq,200,2026-09-30,未取得可展示的本层级产量/产能；不填0；继承近似点的独立坐标出处待核,
伊拉克,Najma,纳杰马,,field,,原油,,,undisclosed,,,,,,,,[],[],数值缺失；不可估计当前产量,没有当前逐资产实绩；缺失不等于零,未生产,2023—2025年最后可核实公开时点,高,https://eiti.org/sites/default/files/2024-01/Iraq%202021%20EITI%20Report.pdf,True,False,35.91,43.2,,https://eiti.org/sites/default/files/2024-01/Iraq%202021%20EITI%20Report.pdf,200,2026-09-30,未取得可展示的本层级产量/产能；不填0；继承近似点的独立坐标出处待核,2026-09-30撤回原目录无原表支持的2021日产量；EITI 2021表58没有该田报送行。当前逐田实产未知。
伊拉克,Tawke,陶凯,,field,,油气／凝析油,0.363,千桶油当量/日,actual_output_boe,2026年第二季度平均,,,,,,,[],[],运营商Q2表原值已复核；BOE不转换为原油桶,数值仅对应数据日期；复核日不是观测日，不能视作2026-09-30实绩,在产,2026-08 Q2报告,高,https://www.dno.no/media/ezuglbal/q2-2026-interim-results-report.pdf,True,False,37.02,43.27,,https://www.dno.no/media/ezuglbal/q2-2026-interim-results-report.pdf,403,2026-09-30,非实时数值；只能用于所标日期和口径；所引URL自动访问失败或未探测；不代表资产不存在；继承近似点的独立坐标出处待核,DNO Q2 2026第4页：Tawke 363 boe/d、Peshkabir 0 boe/d，100%毛口径。两田分别6月28日、7月11日恢复；季度零不等于当前停产。
伊拉克,Peshkabir,佩什卡比尔,,field,,油气／凝析油,0,千桶油当量/日,actual_output_boe,2026年第二季度平均,,,,,,,[],[],运营商Q2表原值已复核；BOE不转换为原油桶,数值仅对应数据日期；复核日不是观测日，不能视作2026-09-30实绩,在产,2026-08 Q2报告,高,https://www.dno.no/media/ezuglbal/q2-2026-interim-results-report.pdf,True,False,37.13,43.47,,https://www.dno.no/media/ezuglbal/q2-2026-interim-results-report.pdf,403,2026-09-30,非实时数值；只能用于所标日期和口径；所引URL自动访问失败或未探测；不代表资产不存在；继承近似点的独立坐标出处待核,DNO Q2 2026第4页：Tawke 363 boe/d、Peshkabir 0 boe/d，100%毛口径。两田分别6月28日、7月11日恢复；季度零不等于当前停产。
伊拉克,Taq Taq,塔克塔克,,field,,原油,1.36,千桶/日,actual_output,2023年平均,,,,,,,[],[],Genel 2024-01原表2023毛产量已核；非权益产量或当前值,数值仅对应数据日期；复核日不是观测日，不能视作2026-09-30实绩,历史生产／当前待核,2025参考年；2026-03年报,中,https://genelenergy.com/wp-content/uploads/190326_Genel-AR_web-1.pdf,True,False,35.91,44.62,,https://genelenergy.com/wp-content/uploads/Genel-2024-Q1-trading-update.pdf,403,2026-09-30,非实时数值；只能用于所标日期和口径；所引URL自动访问失败或未探测；不代表资产不存在；继承近似点的独立坐标出处待核,"运营方直报2023年全田总产量1,360桶/日（含停产期的年度平均）；不是Genel权益产量，更非当前日产量。"
伊拉克,Sarta,萨尔塔,,field,,原油,0.79,千桶/日,actual_output,2023年平均,,,,,,,[],[],Genel 2024-01原表2023毛产量已核；非权益产量或当前值,数值仅对应数据日期；复核日不是观测日，不能视作2026-09-30实绩,历史生产／当前待核,2025参考年；2026-03年报,中,https://genelenergy.com/wp-content/uploads/190326_Genel-AR_web-1.pdf,True,False,36.377,44.0002,https://www.gem.wiki/Sarta_Oil_and_Gas_Field_%28Iraq%29,https://genelenergy.com/wp-content/uploads/Genel-2024-Q1-trading-update.pdf,403,2026-09-30,非实时数值；只能用于所标日期和口径；所引URL自动访问失败或未探测；不代表资产不存在,Genel直报2023年全资产总产量790桶/日；合同随后终止，不能当作现时生产。未核验单田点位。
伊拉克,Shaikan,沙伊坎,,field,,原油,14.6,千桶/日,actual_output,2026年上半年平均,,,,,,,[],[],保留来源期数据；详见2026-09-30逐行审计，非实时实绩,数值仅对应数据日期；复核日不是观测日，不能视作2026-09-30实绩,在产,2023—2026年最后可核实公开时点／再次复核2026-09-28,中,https://www.gulfkeystone.com/2026-half-year-results-announcement/,True,False,36.7,43.33,,https://www.gulfkeystone.com/2026-half-year-results-announcement/,200,2026-09-30,非实时数值；只能用于所标日期和口径；继承近似点的独立坐标出处待核,GKP直报全田半年日均；期间有停产，8月恢复后流量与半年均值不同。
伊拉克,Atrush,阿特鲁什,,field,,原油,1.2,千桶/日,actual_output,2026年第二季度平均,,,,,,,[],[],保留来源期数据；详见2026-09-30逐行审计，非实时实绩,数值仅对应数据日期；复核日不是观测日，不能视作2026-09-30实绩,暂停生产,2026-08-05公告；停产自07-20,高,https://shamaranpetroleum.com/news/shamaran-reports-second-quarter-2026-results-122891/,True,False,37.08,44.29,,https://shamaranpetroleum.com/news/shamaran-reports-second-quarter-2026-results-122891/,200,2026-09-30,非实时数值；只能用于所标日期和口径；继承近似点的独立坐标出处待核,全田100%口径；季度多数时间停产，7月再次停产，不能视作当前日产量。
伊拉克,Sarsang,萨尔桑格,,block,,原油,0.7,千桶/日,actual_output,2026年第二季度平均,,,,,,,[],[],保留来源期数据；详见2026-09-30逐行审计，非实时实绩,数值仅对应数据日期；复核日不是观测日，不能视作2026-09-30实绩,暂停生产,2026-08-05公告；停产自07-20,高,https://shamaranpetroleum.com/news/shamaran-reports-second-quarter-2026-results-122891/,True,False,37.12,44.41,,https://shamaranpetroleum.com/news/shamaran-reports-second-quarter-2026-results-122891/,200,2026-09-30,非实时数值；只能用于所标日期和口径；继承近似点的独立坐标出处待核,Sarsang区块全额口径，包含Swara Tika与East Swara Tika两田；季度多数时间停产，不能拆为单田或视作当前日产量。坐标为区块近似点。
伊拉克,Swara Tika,斯瓦拉蒂卡,,field,Sarsang,原油,,,undisclosed,,,,,,,,[],[],数值缺失；不可估计当前产量,没有当前逐资产实绩；缺失不等于零,暂停生产,2026-08-05公告；停产自07-20,高,https://shamaranpetroleum.com/news/shamaran-reports-second-quarter-2026-results-122891/,True,True,37.12,44.41,,https://www.hknenergy.com/,403,2026-09-30,未取得可展示的本层级产量/产能；不填0；所引URL自动访问失败或未探测；不代表资产不存在；代理点；不能当田边界或独立子田坐标,HKN称为Sarsang区块两座生产田之一；区块0.7千桶/日的历史季度均值不可拆分。
伊拉克,East Swara Tika,东斯瓦拉蒂卡,,field,Sarsang,原油,,,undisclosed,,,,,,,,[],[],数值缺失；不可估计当前产量,没有当前逐资产实绩；缺失不等于零,暂停生产,2026-08-05公告；停产自07-20,高,https://shamaranpetroleum.com/news/shamaran-reports-second-quarter-2026-results-122891/,True,True,37.12,44.41,,https://www.hknenergy.com/,403,2026-09-30,未取得可展示的本层级产量/产能；不填0；所引URL自动访问失败或未探测；不代表资产不存在；代理点；不能当田边界或独立子田坐标,HKN称为Sarsang区块两座生产田之一；区块0.7千桶/日的历史季度均值不可拆分。
伊拉克,Khurmala,胡尔马拉,,field,,原油,,,undisclosed,,,,,,,,[],[],数值缺失；不可估计当前产量,没有当前逐资产实绩；缺失不等于零,在产,2023—2026年最后可核实公开时点／再次复核2026-09-28,中,https://presidency.gov.krd/en/statement-from-the-presidency-of-the-kurdistan-region-5/,True,False,35.97778,43.76306,https://mapcarta.com/30858796,https://presidency.gov.krd/en/statement-from-the-presidency-of-the-kurdistan-region-5/,200,2026-09-30,未取得可展示的本层级产量/产能；不填0,库区政府2025年通告明确称其为油田；未找到同田公开日均实产，坐标不臆定。
伊拉克,Baeshiqa,拜什卡,,block,,原油,,,undisclosed,,,,,,,,[],[],数值缺失；不可估计当前产量,没有当前逐资产实绩；缺失不等于零,未生产,2023—2025年最后可核实公开时点,高,https://www.dno.no/en/operations/kurdistan-region-of-iraq/,True,True,36.45046,43.34977,https://www.dno.no/en/operations/kurdistan-region-of-iraq/,https://www.dno.no/en/operations/kurdistan-region-of-iraq/,403,2026-09-30,未取得可展示的本层级产量/产能；不填0；所引URL自动访问失败或未探测；不代表资产不存在；代理点；不能当田边界或独立子田坐标,DNO称2024年约5桶油当量/日来自井测试，2025年未生产；试井油当量不能填作持续区块原油日产量。
伊拉克,Eridu (Block 10),埃里杜／第十区块,Eridu,field,,原油,,,undisclosed,,,,,,,,[],[],数值缺失；不可估计当前产量,没有当前逐资产实绩；缺失不等于零,未生产,2023—2025年最后可核实公开时点,高,https://eiti.org/documents/iraq-2023-eiti-report,True,False,30.73,45.99,https://www.gem.wiki/Eridu_Oil_Field_%28Iraq%29,https://eiti.org/documents/iraq-2023-eiti-report,200,2026-09-30,未取得可展示的本层级产量/产能；不填0,EITI 2023报告表16将Eridu（Block 10）列在Dhi Qar非生产油田栏；未披露可核验商业持续日产量。
伊拉克,Faihaa,费哈,,field,,油气／凝析油,>100,千桶/日,actual_output,2025-09-25（报告下限）,,,,,,,[],[],保留来源期数据；详见2026-09-30逐行审计，非实时实绩,数值仅对应数据日期；复核日不是观测日，不能视作2026-09-30实绩,在产,2023—2026年最后可核实公开时点／再次复核2026-09-28,中,https://shafaq.com/en/Economy/Iraq-expands-oil-production-starts-drilling-in-border-region,True,False,30.7253,47.7629,,https://shafaq.com/en/Economy/Iraq-expands-oil-production-starts-drilling-in-border-region,200,2026-09-30,非实时数值；只能用于所标日期和口径；继承近似点的独立坐标出处待核,伊拉克石油部长称该田当日产量超过10万桶；该数为公开下限，不是精确值，也不代表当前日产量。
伊拉克,Fakkah,法卡（福基）,,field,Missan Fields,原油,,,undisclosed,,,,,,,,[],[],数值缺失；不可估计当前产量,没有当前逐资产实绩；缺失不等于零,在产,2023—2026年最后可核实公开时点／再次复核2026-09-28,中,https://www.gem.wiki/Fakkah_Oil_Field_(Iraq),True,False,32.135,47.52,,https://www.gem.wiki/Fakkah_Oil_Field_(Iraq),200,2026-09-30,未取得可展示的本层级产量/产能；不填0；继承近似点的独立坐标出处待核,GEM列为运营油田，亦称Fauqi；未找到可核验的单田日产量。
伊拉克,Bazerkan,巴泽尔坎,,field,Missan Fields,原油,,,undisclosed,,,,,,,,[],[],数值缺失；不可估计当前产量,没有当前逐资产实绩；缺失不等于零,在产,2023—2026年最后可核实公开时点／再次复核2026-09-28,中,https://www.gem.wiki/Bazerkan_Oil_Field_(Iraq),True,False,31.936,47.372,,https://www.gem.wiki/Bazerkan_Oil_Field_(Iraq),200,2026-09-30,未取得可展示的本层级产量/产能；不填0；继承近似点的独立坐标出处待核,GEM列为运营油田，亦称Buzurgan；未找到可核验的单田日产量。
伊拉克,Abu Gharb,阿布加尔卜,,field,Missan Fields,原油,,,undisclosed,,,,,,,,[],[],数值缺失；不可估计当前产量,没有当前逐资产实绩；缺失不等于零,在产,2023—2026年最后可核实公开时点／再次复核2026-09-28,中,https://www.gem.wiki/Abu_Gharb_Oil_Field_(Iraq),True,False,32.365,47.306,,https://www.gem.wiki/Abu_Gharb_Oil_Field_(Iraq),200,2026-09-30,未取得可展示的本层级产量/产能；不填0；继承近似点的独立坐标出处待核,原列年度数值的原始引文未证实是该年度实际产油总量；撤回据此换算的推算日均。逐田实产待核。
伊拉克,Luhais,卢海斯,,field,,原油,89.2,千桶/日,derived_daily_average,2016年历史日均（全年366日）,32631608,366,Basra Oil Company年度报送；表p.75,,,,[],[],原始年度量及日均公式已复核（历史）,数值仅对应数据日期；复核日不是观测日，不能视作2026-09-30实绩,在产,2023—2026年最后可核实公开时点／再次复核2026-09-28,中,https://eiti.org/sites/default/files/attachments/iraq_2016_eiti_report.pdf,True,False,29.904,46.952,,https://eiti.org/sites/default/files/attachments/iraq_2016_eiti_report.pdf,200,2026-09-30,非实时数值；只能用于所标日期和口径；继承近似点的独立坐标出处待核,"EITI 2016 Basra Oil Company表p.75年产32,631,608桶÷366日÷1000，四舍五入至0.1千桶/日；历史全年日均，不能解释为当前日产量。"
伊拉克,Subba,苏巴,,field,,原油,,,undisclosed,,,,,,,,[],[],数值缺失；不可估计当前产量,没有当前逐资产实绩；缺失不等于零,在产,2023—2026年最后可核实公开时点／再次复核2026-09-28,中,https://eiti.org/sites/default/files/2024-01/Iraq%202021%20EITI%20Report.pdf,True,False,30.258,46.829,,https://eiti.org/sites/default/files/2024-01/Iraq%202021%20EITI%20Report.pdf,200,2026-09-30,未取得可展示的本层级产量/产能；不填0；继承近似点的独立坐标出处待核,2026-09-30撤回原目录无原表支持的2021日产量；EITI 2021表58没有该田报送行。当前逐田实产未知。
伊拉克,Tuba,图巴,,field,,油气／凝析油,36.2,千桶/日,derived_daily_average,2016年历史日均（全年366日）,13262897,366,Basra Oil Company年度报送；表p.75,,,,[],[],原始年度量及日均公式已复核（历史）,数值仅对应数据日期；复核日不是观测日，不能视作2026-09-30实绩,在产,2023—2026年最后可核实公开时点／再次复核2026-09-28,中,https://eiti.org/sites/default/files/attachments/iraq_2016_eiti_report.pdf,True,False,30.4036,47.4977,,https://eiti.org/sites/default/files/attachments/iraq_2016_eiti_report.pdf,200,2026-09-30,非实时数值；只能用于所标日期和口径；继承近似点的独立坐标出处待核,"EITI 2016 Basra Oil Company表p.75年产13,262,897桶÷366日÷1000，四舍五入至0.1千桶/日；历史全年日均，不能解释为当前日产量。"
伊拉克,Ajil,阿吉勒,,field,,原油,5.9,千桶/日,derived_daily_average,2021年历史日均（全年365日）,2167278,365,NOC年度报送；表57,,,,[],[],原始年度量及日均公式已复核（历史）,数值仅对应数据日期；复核日不是观测日，不能视作2026-09-30实绩,在产,2023—2026年最后可核实公开时点／再次复核2026-09-28,中,https://eiti.org/sites/default/files/2024-01/Iraq%202021%20EITI%20Report.pdf,True,False,35.019,43.744,https://www.gem.wiki/Ajeel_Oil_and_Gas_Field_%28Iraq%29,https://eiti.org/sites/default/files/2024-01/Iraq%202021%20EITI%20Report.pdf,200,2026-09-30,非实时数值；只能用于所标日期和口径,"EITI 2021 NOC表57年产2,167,278桶÷365日÷1000，四舍五入至0.1千桶/日；历史全年日均，不能解释为当前日产量。"
伊拉克,Ain Zalah,艾因扎拉,,field,,原油,3.9,千桶/日,derived_daily_average,2021年历史日均（全年365日）,1412999,365,NOC年度报送；表57,,,,[],[],原始年度量及日均公式已复核（历史）,数值仅对应数据日期；复核日不是观测日，不能视作2026-09-30实绩,在产,2022-03-30,中,https://uomosul.edu.iq/petroleumengineering/%D8%B2%D9%8A%D8%A7%D8%B1%D8%A9-%D8%B9%D9%84%D9%85%D9%8A%D8%A9-5/,True,False,36.71667,42.6,https://mapcarta.com/12542254,https://eiti.org/sites/default/files/2024-01/Iraq%202021%20EITI%20Report.pdf,200,2026-09-30,非实时数值；只能用于所标日期和口径,"EITI 2021 NOC表57年产1,412,999桶÷365日÷1000，四舍五入至0.1千桶/日；历史全年日均，不能解释为当前日产量。"
伊拉克,Batmah,巴特马,,field,,原油,0.7,千桶/日,derived_daily_average,2021年历史日均（全年365日）,247597,365,NOC年度报送；表57,,,,[],[],原始年度量及日均公式已复核（历史）,数值仅对应数据日期；复核日不是观测日，不能视作2026-09-30实绩,在产,2022-03-30,中,https://uomosul.edu.iq/petroleumengineering/%D8%B2%D9%8A%D8%A7%D8%B1%D8%A9-%D8%B9%D9%84%D9%85%D9%8A%D8%A9-5/,True,False,36.66667,42.78333,https://mapcarta.com/12540670,https://eiti.org/sites/default/files/2024-01/Iraq%202021%20EITI%20Report.pdf,200,2026-09-30,非实时数值；只能用于所标日期和口径,"EITI 2021 NOC表57年产247,597桶÷365日÷1000，四舍五入至0.1千桶/日；历史全年日均，不能解释为当前日产量。"
伊拉克,Hamrin,哈姆林,,field,,原油,,,undisclosed,,,,,,,,[],[],数值缺失；不可估计当前产量,没有当前逐资产实绩；缺失不等于零,在产,2023—2026年最后可核实公开时点／再次复核2026-09-28,中,https://eiti.org/sites/default/files/2024-01/Iraq%202021%20EITI%20Report.pdf,True,False,34.93545,43.84327,https://mapcarta.com/26089772,https://eiti.org/sites/default/files/2024-01/Iraq%202021%20EITI%20Report.pdf,200,2026-09-30,未取得可展示的本层级产量/产能；不填0,EITI 2021表58列为产油田；逐田当期日产量未披露。
伊拉克,Naft Khana,纳夫特哈纳,Khanah,field,,原油,,,undisclosed,,,,,,,,[],[],数值缺失；不可估计当前产量,没有当前逐资产实绩；缺失不等于零,在产,2023—2026年最后可核实公开时点／再次复核2026-09-28,中,https://eiti.org/documents/iraq-2023-eiti-report,True,False,34.1814,45.4085,https://www.gem.wiki/Khanah_Oil_Field_%28Iraq%29,https://eiti.org/documents/iraq-2023-eiti-report,200,2026-09-30,未取得可展示的本层级产量/产能；不填0,EITI 2023报告表14列为Midland Oil Company生产田；报告的公司产量不可分配到该田。
伊拉克,Amara,阿马拉,,field,,原油,,,undisclosed,,,,,,,,[],[],数值缺失；不可估计当前产量,没有当前逐资产实绩；缺失不等于零,在产,2023—2026年最后可核实公开时点／再次复核2026-09-28,中,https://eiti.org/documents/iraq-2023-eiti-report,True,False,31.7468,47.0614,https://www.gem.wiki/Amara_Oil_and_Gas_Field_%28Iraq%29,https://eiti.org/documents/iraq-2023-eiti-report,200,2026-09-30,未取得可展示的本层级产量/产能；不填0,EITI 2023报告表15列为Maysan Oil Company生产田；公司合计量不可分配到该田。
伊拉克,Noor,努尔,,field,,原油,,,undisclosed,,,,,,,,[],[],数值缺失；不可估计当前产量,没有当前逐资产实绩；缺失不等于零,在产,2023—2026年最后可核实公开时点／再次复核2026-09-28,中,https://eiti.org/documents/iraq-2023-eiti-report,True,False,31.796,47.287,https://www.gem.wiki/Noor_Oil_and_Gas_Field_%28Iraq%29,https://eiti.org/documents/iraq-2023-eiti-report,200,2026-09-30,未取得可展示的本层级产量/产能；不填0,EITI 2023报告表15列为Maysan Oil Company生产田；公司合计量不可分配到该田。
伊拉克,Safiya,萨菲亚,,field,,原油,,,undisclosed,,,,,,,,[],[],数值缺失；不可估计当前产量,没有当前逐资产实绩；缺失不等于零,在产,2023—2026年最后可核实公开时点／再次复核2026-09-28,中,https://eiti.org/documents/iraq-2023-eiti-report,True,True,36.9216,42.24094,https://mapcarta.com/N8571647117,https://eiti.org/documents/iraq-2023-eiti-report,200,2026-09-30,未取得可展示的本层级产量/产能；不填0；代理点；不能当田边界或独立子田坐标,EITI 2023报告表13列为North Oil Company生产田；无可核验逐田日产量。
伊朗,Ahvaz,阿瓦士,,field,,原油,,,undisclosed,,,,,,,,[],[],数值缺失；不可估计当前产量,没有当前逐资产实绩；缺失不等于零,在产,2024—2026年最后可核实公开时点,中,https://www.eia.gov/international/content/analysis/countries_long/Iran/pdf/Iran%20CAB%202024.pdf,True,False,31.32,48.68,,https://www.eia.gov/international/content/analysis/countries_long/Iran/pdf/Iran%20CAB%202024.pdf,200,2026-09-30,未取得可展示的本层级产量/产能；不填0；继承近似点的独立坐标出处待核,
伊朗,Marun,马伦,,field,,原油,,,undisclosed,,,,,,,,[],[],数值缺失；不可估计当前产量,没有当前逐资产实绩；缺失不等于零,在产,2024—2026年最后可核实公开时点,中,https://www.gem.wiki/Marun_Oil_Field_(Iran),True,False,31.19,49.08,,https://www.gem.wiki/Marun_Oil_Field_(Iran),200,2026-09-30,未取得可展示的本层级产量/产能；不填0；继承近似点的独立坐标出处待核,原列年度数值的原始引文未证实是该年度实际产油总量；撤回据此换算的推算日均。逐田实产待核。
伊朗,Aghajari,阿加贾里,,field,,原油,,,undisclosed,,,,,,,,[],[],数值缺失；不可估计当前产量,没有当前逐资产实绩；缺失不等于零,在产,2024—2026年最后可核实公开时点,中,https://www.gem.wiki/Aghajari_Oil_Field_(Iran),True,False,30.7,49.83,,https://www.gem.wiki/Aghajari_Oil_Field_(Iran),200,2026-09-30,未取得可展示的本层级产量/产能；不填0；继承近似点的独立坐标出处待核,原列年度数值的原始引文未证实是该年度实际产油总量；撤回据此换算的推算日均。逐田实产待核。
伊朗,Gachsaran,加奇萨兰,,field,,原油,,,undisclosed,,,,,,,,[],[],数值缺失；不可估计当前产量,没有当前逐资产实绩；缺失不等于零,在产,2024—2026年最后可核实公开时点,中,https://www.gem.wiki/Gachsaran_Oil_and_Gas_Field_(Iran),True,False,30.36,50.8,,https://www.gem.wiki/Gachsaran_Oil_and_Gas_Field_(Iran),200,2026-09-30,未取得可展示的本层级产量/产能；不填0；继承近似点的独立坐标出处待核,原列年度数值的原始引文未证实是该年度实际产油总量；撤回据此换算的推算日均。逐田实产待核。
伊朗,Reg-e-Safid,雷格萨菲德,,field,,原油,,,undisclosed,,,,,,,,[],[],数值缺失；不可估计当前产量,没有当前逐资产实绩；缺失不等于零,在产,2024—2026年最后可核实公开时点,中,https://www.eia.gov/international/content/analysis/countries_long/Iran/pdf/Iran%20CAB%202024.pdf,True,False,31.03,49.31,,https://www.eia.gov/international/content/analysis/countries_long/Iran/pdf/Iran%20CAB%202024.pdf,200,2026-09-30,未取得可展示的本层级产量/产能；不填0；继承近似点的独立坐标出处待核,
伊朗,South Azadegan,南阿扎德甘,,field,,原油,,,undisclosed,,,,,,,,[],[],数值缺失；不可估计当前产量,没有当前逐资产实绩；缺失不等于零,在产,2024—2026年最后可核实公开时点,中,https://www.gem.wiki/Azadegan_South_Oil_Field_(Iran),True,False,30.06,48.23,,https://www.gem.wiki/Azadegan_South_Oil_Field_(Iran),200,2026-09-30,未取得可展示的本层级产量/产能；不填0；继承近似点的独立坐标出处待核,原列年度数值的原始引文未证实是该年度实际产油总量；撤回据此换算的推算日均。逐田实产待核。
伊朗,North Azadegan,北阿扎德甘,,field,,原油,75,千桶/日,actual_output,2019-11-25,,,,,,,[],[],保留来源期数据；详见2026-09-30逐行审计，非实时实绩,数值仅对应数据日期；复核日不是观测日，不能视作2026-09-30实绩,在产,2024—2026年最后可核实公开时点,中,https://www.trend.az/iran/business/3153217.html,True,False,30.27,48.25,,https://www.trend.az/iran/business/3153217.html,200,2026-09-30,非实时数值；只能用于所标日期和口径；继承近似点的独立坐标出处待核,Trend报道引用伊朗方面消息称日产量75千桶；这是2019年现场产量快照，不代表当前产量。
伊朗,Yadavaran,雅达瓦兰,,field,,原油,,,undisclosed,,,,,,,,[],[],数值缺失；不可估计当前产量,没有当前逐资产实绩；缺失不等于零,在产,2024—2026年最后可核实公开时点,中,https://www.eia.gov/international/content/analysis/countries_long/Iran/pdf/Iran%20CAB%202024.pdf,True,False,31.03,48.16,,https://www.eia.gov/international/content/analysis/countries_long/Iran/pdf/Iran%20CAB%202024.pdf,200,2026-09-30,未取得可展示的本层级产量/产能；不填0；继承近似点的独立坐标出处待核,
伊朗,North Yaran,北亚兰,,field,,原油,,,undisclosed,,,,,,,,[],[],数值缺失；不可估计当前产量,没有当前逐资产实绩；缺失不等于零,在产,2024—2026年最后可核实公开时点,中,https://www.eia.gov/international/content/analysis/countries_long/Iran/pdf/Iran%20CAB%202024.pdf,True,False,30.81,48.14,,https://www.eia.gov/international/content/analysis/countries_long/Iran/pdf/Iran%20CAB%202024.pdf,200,2026-09-30,未取得可展示的本层级产量/产能；不填0；继承近似点的独立坐标出处待核,
伊朗,South Yaran,南亚兰,,field,,原油,,,undisclosed,,,,,,,,[],[],数值缺失；不可估计当前产量,没有当前逐资产实绩；缺失不等于零,在产,2024—2026年最后可核实公开时点,中,https://www.eia.gov/international/content/analysis/countries_long/Iran/pdf/Iran%20CAB%202024.pdf,True,False,30.68,48.13,,https://www.eia.gov/international/content/analysis/countries_long/Iran/pdf/Iran%20CAB%202024.pdf,200,2026-09-30,未取得可展示的本层级产量/产能；不填0；继承近似点的独立坐标出处待核,
伊朗,Azar,阿扎尔,,field,,原油,,,undisclosed,,,,,,,,[],[],数值缺失；不可估计当前产量,没有当前逐资产实绩；缺失不等于零,在产,2024—2026年最后可核实公开时点,中,https://www.eia.gov/international/content/analysis/countries_long/Iran/pdf/Iran%20CAB%202024.pdf,True,False,33.08,46.29,,https://www.eia.gov/international/content/analysis/countries_long/Iran/pdf/Iran%20CAB%202024.pdf,200,2026-09-30,未取得可展示的本层级产量/产能；不填0；继承近似点的独立坐标出处待核,
伊朗,Darkhovin,达尔霍温,Darquain | Darkhoveyn,field,,原油,,,undisclosed,,,,,,,,[],[],数值缺失；不可估计当前产量,没有当前逐资产实绩；缺失不等于零,在产,2024—2026年最后可核实公开时点,中,https://www.eia.gov/international/content/analysis/countries_long/Iran/pdf/Iran%20CAB%202024.pdf,True,False,30.7289,48.2934,,https://www.eia.gov/international/content/analysis/countries_long/Iran/pdf/Iran%20CAB%202024.pdf,200,2026-09-30,未取得可展示的本层级产量/产能；不填0；继承近似点的独立坐标出处待核,Darkhovin / Darquain为同田异名，已合并；不重复计数。
伊朗,Hendijan,亨迪詹,,field,,原油,,,undisclosed,,,,,,,,[],[],数值缺失；不可估计当前产量,没有当前逐资产实绩；缺失不等于零,在产,2024—2026年最后可核实公开时点,中,https://www.eia.gov/international/content/analysis/countries_long/Iran/pdf/Iran%20CAB%202024.pdf,True,False,30.24,49.7,,https://www.eia.gov/international/content/analysis/countries_long/Iran/pdf/Iran%20CAB%202024.pdf,200,2026-09-30,未取得可展示的本层级产量/产能；不填0；继承近似点的独立坐标出处待核,
伊朗,Doroud,多鲁德,,field,,原油,,,undisclosed,,,,,,,,[],[],数值缺失；不可估计当前产量,没有当前逐资产实绩；缺失不等于零,在产,2024—2026年最后可核实公开时点,中,https://www.eia.gov/international/content/analysis/countries_long/Iran/pdf/Iran%20CAB%202024.pdf,True,False,26.06,53.04,,https://www.eia.gov/international/content/analysis/countries_long/Iran/pdf/Iran%20CAB%202024.pdf,200,2026-09-30,未取得可展示的本层级产量/产能；不填0；继承近似点的独立坐标出处待核,
伊朗,Foroozan,福鲁赞,,field,,原油,,,undisclosed,,,,,,,,[],[],数值缺失；不可估计当前产量,没有当前逐资产实绩；缺失不等于零,在产,2024—2026年最后可核实公开时点,中,https://www.eia.gov/international/content/analysis/countries_long/Iran/pdf/Iran%20CAB%202024.pdf,True,False,26.02,52.45,,https://www.eia.gov/international/content/analysis/countries_long/Iran/pdf/Iran%20CAB%202024.pdf,200,2026-09-30,未取得可展示的本层级产量/产能；不填0；继承近似点的独立坐标出处待核,
伊朗,Soroush,苏鲁什,,field,,原油,,,undisclosed,,,,,,,,[],[],数值缺失；不可估计当前产量,没有当前逐资产实绩；缺失不等于零,在产,2024—2026年最后可核实公开时点,中,https://www.eia.gov/international/content/analysis/countries_long/Iran/pdf/Iran%20CAB%202024.pdf,True,False,29.7,50.12,,https://www.eia.gov/international/content/analysis/countries_long/Iran/pdf/Iran%20CAB%202024.pdf,200,2026-09-30,未取得可展示的本层级产量/产能；不填0；继承近似点的独立坐标出处待核,
伊朗,Nowruz,诺鲁兹,,field,,原油,,,undisclosed,,,,,,,,[],[],数值缺失；不可估计当前产量,没有当前逐资产实绩；缺失不等于零,在产,2024—2026年最后可核实公开时点,中,https://www.eia.gov/international/content/analysis/countries_long/Iran/pdf/Iran%20CAB%202024.pdf,True,False,29.35,50.2,,https://www.eia.gov/international/content/analysis/countries_long/Iran/pdf/Iran%20CAB%202024.pdf,200,2026-09-30,未取得可展示的本层级产量/产能；不填0；继承近似点的独立坐标出处待核,
伊朗,Salman,萨尔曼,,field,,油气／凝析油,,,undisclosed,,,,,,,,[],[],数值缺失；不可估计当前产量,没有当前逐资产实绩；缺失不等于零,在产,2024—2026年最后可核实公开时点,中,https://www.eia.gov/international/content/analysis/countries_long/Iran/pdf/Iran%20CAB%202024.pdf,True,False,25.52,53.39,,https://www.eia.gov/international/content/analysis/countries_long/Iran/pdf/Iran%20CAB%202024.pdf,200,2026-09-30,未取得可展示的本层级产量/产能；不填0；继承近似点的独立坐标出处待核,
伊朗,Bibi Hakimeh,比比哈基梅,,field,,原油,,,undisclosed,,,,,,,,[],[],数值缺失；不可估计当前产量,没有当前逐资产实绩；缺失不等于零,在产,2024—2026年最后可核实公开时点,中,https://www.gem.wiki/Bibi_Hakimeh_Oil_Field_(Iran),True,False,29.91,50.46,,https://www.gem.wiki/Bibi_Hakimeh_Oil_Field_(Iran),200,2026-09-30,未取得可展示的本层级产量/产能；不填0；继承近似点的独立坐标出处待核,原列年度数值的原始引文未证实是该年度实际产油总量；撤回据此换算的推算日均。逐田实产待核。
伊朗,Karanj,卡兰吉,,field,,原油,,,undisclosed,,,,,,,,[],[],数值缺失；不可估计当前产量,没有当前逐资产实绩；缺失不等于零,在产,2024—2026年最后可核实公开时点,中,https://www.gem.wiki/Karanj_Oil_Field_(Iran),True,False,30.9902,49.8602,,https://www.gem.wiki/Karanj_Oil_Field_(Iran),200,2026-09-30,未取得可展示的本层级产量/产能；不填0；继承近似点的独立坐标出处待核,原列年度数值的原始引文未证实是该年度实际产油总量；撤回据此换算的推算日均。逐田实产待核。
伊朗,Abuzar,阿布扎尔,,field,,原油,,,undisclosed,,,,,,,,[],[],数值缺失；不可估计当前产量,没有当前逐资产实绩；缺失不等于零,在产,2024—2026年最后可核实公开时点,中,https://www.gem.wiki/Abuzar_Oil_Field_(Iran),True,False,29.292,49.532,,https://www.gem.wiki/Abuzar_Oil_Field_(Iran),200,2026-09-30,未取得可展示的本层级产量/产能；不填0；继承近似点的独立坐标出处待核,原列年度数值的原始引文未证实是该年度实际产油总量；撤回据此换算的推算日均。逐田实产待核。
伊朗,Mansouri,曼苏里,,field,,原油,,,undisclosed,,,,,,,,[],[],数值缺失；不可估计当前产量,没有当前逐资产实绩；缺失不等于零,在产,2024—2026年最后可核实公开时点,中,https://www.gem.wiki/Mansouri_Oil_Field_(Iran),True,False,30.9289,48.828,,https://www.gem.wiki/Mansouri_Oil_Field_(Iran),200,2026-09-30,未取得可展示的本层级产量/产能；不填0；继承近似点的独立坐标出处待核,原列年度数值的原始引文未证实是该年度实际产油总量；撤回据此换算的推算日均。逐田实产待核。
伊朗,Sepehr-Jufair,塞佩赫尔—朱费尔,,project,,原油,,,undisclosed,,,,,,,,[],[],数值缺失；不可估计当前产量,没有当前逐资产实绩；缺失不等于零,在产,2024—2026年最后可核实公开时点,中,https://www.gem.wiki/Sepehr-Jufair_Oil_Field_(Iran),True,False,31.298,48.059,,https://www.gem.wiki/Sepehr-Jufair_Oil_Field_(Iran),200,2026-09-30,未取得可展示的本层级产量/产能；不填0；继承近似点的独立坐标出处待核,原列年度数值的原始引文未证实是该年度实际产油总量；撤回据此换算的推算日均。逐田实产待核。
伊朗,Parsi,帕西,,field,,原油,,,undisclosed,,,,,,,,[],[],数值缺失；不可估计当前产量,没有当前逐资产实绩；缺失不等于零,在产,2024—2026年最后可核实公开时点,中,https://www.gem.wiki/Parsi_Oil_Field_(Iran),True,False,31.0718,49.9237,,https://www.gem.wiki/Parsi_Oil_Field_(Iran),200,2026-09-30,未取得可展示的本层级产量/产能；不填0；继承近似点的独立坐标出处待核,GEM列为运营油田，属于Parsi-Paranj开发项目；项目合计量未分配给单一油田，故单田日产量留空。
伊朗,Bahregansar,巴赫雷甘萨尔,,field,,原油,,,undisclosed,,,,,,,,[],[],数值缺失；不可估计当前产量,没有当前逐资产实绩；缺失不等于零,在产,2024—2026年最后可核实公开时点,中,https://www.gem.wiki/Bahregansar_Oil_Field_(Iran),True,False,29.916667,49.7,,https://www.gem.wiki/Bahregansar_Oil_Field_(Iran),200,2026-09-30,未取得可展示的本层级产量/产能；不填0；继承近似点的独立坐标出处待核,"GEM列为运营海上油田但未给坐标；地图点位取NGA地名数据库油田点（29.916667, 49.7）作近似位置。未找到可核验的单田日产量。"
伊朗,Sirri E,锡里E,,field,,油气／凝析油,,,undisclosed,,,,,,,,[],[],数值缺失；不可估计当前产量,没有当前逐资产实绩；缺失不等于零,在产,2024—2026年最后可核实公开时点,中,https://www.gem.wiki/Sirri_E_Oil_and_Gas_Field_(Iran),True,False,25.751,54.632,,https://www.gem.wiki/Sirri_E_Oil_and_Gas_Field_(Iran),200,2026-09-30,未取得可展示的本层级产量/产能；不填0；继承近似点的独立坐标出处待核,原列年度数值的原始引文未证实是该年度实际产油总量；撤回据此换算的推算日均。逐田实产待核。
伊朗,Masjed Soleyman,马斯杰德苏莱曼,,field,,原油,,,undisclosed,,,,,,,,[],[],数值缺失；不可估计当前产量,没有当前逐资产实绩；缺失不等于零,在产,2024—2026年最后可核实公开时点,中,https://www.gem.wiki/Masjed_Soleyman_Oil_Field_(Iran),True,False,31.9325,49.3105,,https://www.gem.wiki/Masjed_Soleyman_Oil_Field_(Iran),200,2026-09-30,未取得可展示的本层级产量/产能；不填0；继承近似点的独立坐标出处待核,原列年度数值的原始引文未证实是该年度实际产油总量；撤回据此换算的推算日均。逐田实产待核。
伊朗,Pazanan,帕扎南,,field,,原油,,,undisclosed,,,,,,,,[],[],数值缺失；不可估计当前产量,没有当前逐资产实绩；缺失不等于零,在产,2024—2026年最后可核实公开时点,中,https://www.gem.wiki/Pazanan_Oil_Field_(Iran),True,False,30.4532,50.1354,,https://www.gem.wiki/Pazanan_Oil_Field_(Iran),200,2026-09-30,未取得可展示的本层级产量/产能；不填0；继承近似点的独立坐标出处待核,公开资产名录；逐田持续日产量未核验。
伊朗,Kupal,库帕尔,,field,,原油,,,undisclosed,,,,,,,,[],[],数值缺失；不可估计当前产量,没有当前逐资产实绩；缺失不等于零,在产,2024—2026年最后可核实公开时点,中,https://www.gem.wiki/Kupal_Oil_Field_(Iran),True,False,31.3118,49.3203,,https://www.gem.wiki/Kupal_Oil_Field_(Iran),200,2026-09-30,未取得可展示的本层级产量/产能；不填0；继承近似点的独立坐标出处待核,公开资产名录；逐田持续日产量未核验。
伊朗,Dehloran,德赫洛兰,,field,,原油,,,undisclosed,,,,,,,,[],[],数值缺失；不可估计当前产量,没有当前逐资产实绩；缺失不等于零,在产,2024—2026年最后可核实公开时点,中,https://www.gem.wiki/Dehloran_Oil_Field_(Iran),True,False,32.5516,47.1077,,https://www.gem.wiki/Dehloran_Oil_Field_(Iran),200,2026-09-30,未取得可展示的本层级产量/产能；不填0；继承近似点的独立坐标出处待核,公开资产名录；逐田持续日产量未核验。
伊朗,Paranj,帕兰吉,,field,,原油,,,undisclosed,,,,,,,,[],[],数值缺失；不可估计当前产量,没有当前逐资产实绩；缺失不等于零,在产,2024—2026年最后可核实公开时点,中,https://www.gem.wiki/Paranj_Oil_Field_(Iran),True,False,30.95,49.85,,https://www.gem.wiki/Paranj_Oil_Field_(Iran),200,2026-09-30,未取得可展示的本层级产量/产能；不填0；继承近似点的独立坐标出处待核,与Parsi同属开发项目；不拆分项目合计产量。
伊朗,Nargesi,纳尔格西,,field,,原油,,,undisclosed,,,,,,,,[],[],数值缺失；不可估计当前产量,没有当前逐资产实绩；缺失不等于零,在产,2024—2026年最后可核实公开时点,中,https://www.gem.wiki/Nargesi_Oil_Field_(Iran),True,False,29.4742,51.2602,,https://www.gem.wiki/Nargesi_Oil_Field_(Iran),200,2026-09-30,未取得可展示的本层级产量/产能；不填0；继承近似点的独立坐标出处待核,公开资产名录；逐田持续日产量未核验。
伊朗,Hengam,亨加姆,,field,,原油,7,千桶/日,actual_output,2010-08-24,,,,,,,[],[],保留来源期数据；详见2026-09-30逐行审计，非实时实绩,数值仅对应数据日期；复核日不是观测日，不能视作2026-09-30实绩,在产,2025年资产状态／复核2026-09-28,中,https://www.gem.wiki/Hengam_Oil_and_Gas_Field_(Iran),True,False,26.4214,55.9659,https://www.gem.wiki/Hengam_Oil_and_Gas_Field_%28Iran%29,https://www.shana.ir/news/156860/,200,2026-09-30,非实时数值；只能用于所标日期和口径,"伊朗石油部新闻报道称该日伊朗侧产量达到7,000桶/日；极旧历史快照，非2026年或伊朗—阿曼全田产量。阿曼侧与West Bukha相关。"
伊朗,Band-e-Karkheh,班德卡尔赫,,field,,原油,,,undisclosed,,,,,,,,[],[],数值缺失；不可估计当前产量,没有当前逐资产实绩；缺失不等于零,开发／建设中,2026-02-21,高,https://mapnagroup.com/63236/mapna-officially-notified-of-ipc-contract-for-development-of-bande-karkheh-oil-field/?lang=en,True,True,31.44,48.52,https://www.iranoilgas.com/fields/details.aspx?id=1063,https://www.eia.gov/international/content/analysis/countries_long/Iran/pdf/Iran%20CAB%202024.pdf,200,2026-09-30,未取得可展示的本层级产量/产能；不填0；代理点；不能当田边界或独立子田坐标,EIA报告表2将其列为NGL 3200拟收集伴生气的油田；未披露该田原油日产量。
伊朗,West Paydar,西帕伊达尔,,field,,原油,,,undisclosed,,,,,,,,[],[],数值缺失；不可估计当前产量,没有当前逐资产实绩；缺失不等于零,在产,2026年资产报告,高,https://www.woodmac.com/reports/upstream-oil-and-gas-aban-and-west-paydar-ipc-54481312/,True,False,32.1693,47.5814,https://www.gem.wiki/Paydar_West_Oil_and_Gas_Field_%28Iran%29,https://www.eia.gov/international/content/analysis/countries_long/Iran/pdf/Iran%20CAB%202024.pdf,200,2026-09-30,未取得可展示的本层级产量/产能；不填0,EIA报告表2列为NGL 3100拟接收伴生气的油田；非逐田原油数据。
伊朗,Chehsmeh-Khosh,切什梅霍什,,field,,原油,,,undisclosed,,,,,,,,[],[],数值缺失；不可估计当前产量,没有当前逐资产实绩；缺失不等于零,在产,2026-07-18,高,https://www.iranoilgas.com/trackers/?view=fieldstrackers,True,False,32.2969,47.7746,https://www.gem.wiki/Cheshmeh-Khosh_Oil_Field_%28Iran%29,https://www.eia.gov/international/content/analysis/countries_long/Iran/pdf/Iran%20CAB%202024.pdf,200,2026-09-30,未取得可展示的本层级产量/产能；不填0,按EIA报告表2英文拼法登记；伴生气处理计划不是该田原油日产量。
伊朗,Danan,达南,,field,,原油,,,undisclosed,,,,,,,,[],[],数值缺失；不可估计当前产量,没有当前逐资产实绩；缺失不等于零,在产,2025-03-04,中,https://www.linkedin.com/posts/mapna-ogdc_%D9%85%D9%BE%D9%86%D8%A7-%D8%B5%D9%86%D8%B9%D8%AA%D9%86%D9%81%D8%AA-%D8%AA%D9%88%D8%B3%D8%B9%D9%87%D9%86%D8%AA%D9%88%DA%AF%D8%A7%D8%B2-activity-7303067532536500224-s-7Y,True,False,32.614,47.5312,https://www.gem.wiki/Danan_Oil_Field_%28Iran%29,https://www.eia.gov/international/content/analysis/countries_long/Iran/pdf/Iran%20CAB%202024.pdf,200,2026-09-30,未取得可展示的本层级产量/产能；不填0,EIA报告表2列名；未披露该田原油日产量。
伊朗,Paydar,帕伊达尔,,field,,原油,,,undisclosed,,,,,,,,[],[],数值缺失；不可估计当前产量,没有当前逐资产实绩；缺失不等于零,待核实,2024-10-10／再次复核2026-09-28,中,https://www.eia.gov/international/content/analysis/countries_long/Iran/pdf/Iran%20CAB%202024.pdf,True,True,32.02,47.72,https://www.iranoilgas.com/fields/details.aspx?id=1089,https://www.eia.gov/international/content/analysis/countries_long/Iran/pdf/Iran%20CAB%202024.pdf,200,2026-09-30,未取得可展示的本层级产量/产能；不填0；代理点；不能当田边界或独立子田坐标,EIA报告表2与West Paydar分别列名；无可靠逐田日产量。
伊朗,Changuleh,昌古莱,,field,,原油,,,undisclosed,,,,,,,,[],[],数值缺失；不可估计当前产量,没有当前逐资产实绩；缺失不等于零,开发／建设中,2026-09-28,高,https://www.linkedin.com/company/mogdc,True,False,32.98,46.47,https://www.gem.wiki/Changuleh_Oil_Field_%28Iran%29,https://www.eia.gov/international/content/analysis/countries_long/Iran/pdf/Iran%20CAB%202024.pdf,200,2026-09-30,未取得可展示的本层级产量/产能；不填0,EIA报告表2列名；不把伴生气收集设施容量当作原油产量。
伊朗,Dalpari,达尔帕里,,field,,原油,,,undisclosed,,,,,,,,[],[],数值缺失；不可估计当前产量,没有当前逐资产实绩；缺失不等于零,在产,2026-07-18,高,https://www.iranoilgas.com/trackers/?view=fieldstrackers,True,False,32.5293,47.8673,https://www.gem.wiki/Dalpari_Oil_Field_%28Iran%29,https://www.eia.gov/international/content/analysis/countries_long/Iran/pdf/Iran%20CAB%202024.pdf,200,2026-09-30,未取得可展示的本层级产量/产能；不填0,EIA报告表2列名；逐田原油日产量未核实。
伊朗,South Pars,南帕尔斯,,field,,油气／凝析油,,,undisclosed,,,,,,,,[],[],数值缺失；不可估计当前产量,没有当前逐资产实绩；缺失不等于零,在产,2024—2026年最后可核实公开时点,中,https://www.eia.gov/international/content/analysis/countries_long/Iran/pdf/Iran%20CAB%202024.pdf,True,False,26.619125,52.067964,https://en.wikipedia.org/wiki/South_Pars/North_Dome_Gas-Condensate_field,https://www.eia.gov/international/content/analysis/countries_long/Iran/pdf/Iran%20CAB%202024.pdf,200,2026-09-30,未取得可展示的本层级产量/产能；不填0,EIA称为伊朗最大非伴生气田；与卡塔尔North Field同一跨境地质构造的伊朗侧，天然气和凝析油数据不作为原油实产。
科威特,Burgan,布尔干,,field,,原油,,,undisclosed,,,,,,,,[],[],数值缺失；不可估计当前产量,没有当前逐资产实绩；缺失不等于零,在产,FY2024/25—2026年最后可核实公开时点,中,https://www.kockw.com/sites/EN/Pages/Profile/whoAreWe/KOC-History.aspx,True,False,29.05,47.91,,https://www.kockw.com/sites/EN/Pages/Profile/whoAreWe/KOC-History.aspx,200,2026-09-30,未取得可展示的本层级产量/产能；不填0；继承近似点的独立坐标出处待核,
科威特,Magwa,马格瓦,,field,,原油,,,undisclosed,,,,,,,,[],[],数值缺失；不可估计当前产量,没有当前逐资产实绩；缺失不等于零,在产,FY2024/25—2026年最后可核实公开时点,中,https://www.kockw.com/sites/EN/Pages/Profile/whoAreWe/KOC-History.aspx,True,False,29.17,47.92,,https://www.kockw.com/sites/EN/Pages/Profile/whoAreWe/KOC-History.aspx,200,2026-09-30,未取得可展示的本层级产量/产能；不填0；继承近似点的独立坐标出处待核,
科威特,Ahmadi,艾哈迈迪,,field,,原油,,,undisclosed,,,,,,,,[],[],数值缺失；不可估计当前产量,没有当前逐资产实绩；缺失不等于零,在产,FY2024/25—2026年最后可核实公开时点,中,https://www.kockw.com/sites/EN/Pages/Profile/whoAreWe/KOC-History.aspx,True,False,28.99,48.08,,https://www.kockw.com/sites/EN/Pages/Profile/whoAreWe/KOC-History.aspx,200,2026-09-30,未取得可展示的本层级产量/产能；不填0；继承近似点的独立坐标出处待核,
科威特,Raudhatain,劳达泰因,,field,,原油,,,undisclosed,,,,,,,,[],[],数值缺失；不可估计当前产量,没有当前逐资产实绩；缺失不等于零,在产,FY2024/25—2026年最后可核实公开时点,中,https://www.kockw.com/sites/EN/Pages/Profile/whoAreWe/KOC-History.aspx,True,False,30.2,47.66,,https://www.kockw.com/sites/EN/Pages/Profile/whoAreWe/KOC-History.aspx,200,2026-09-30,未取得可展示的本层级产量/产能；不填0；继承近似点的独立坐标出处待核,
科威特,Sabriya,萨布里亚,,field,,原油,,,undisclosed,,,,,,,,[],[],数值缺失；不可估计当前产量,没有当前逐资产实绩；缺失不等于零,在产,FY2024/25—2026年最后可核实公开时点,中,https://www.kockw.com/sites/EN/Pages/Profile/whoAreWe/KOC-History.aspx,True,False,30.28,47.74,,https://www.kockw.com/sites/EN/Pages/Profile/whoAreWe/KOC-History.aspx,200,2026-09-30,未取得可展示的本层级产量/产能；不填0；继承近似点的独立坐标出处待核,
科威特,Bahra,巴赫拉,,field,,原油,,,undisclosed,,,,,,,,[],[],数值缺失；不可估计当前产量,没有当前逐资产实绩；缺失不等于零,在产,FY2024/25—2026年最后可核实公开时点,中,https://www.kockw.com/sites/EN/Pages/Profile/whoAreWe/KOC-History.aspx,True,False,29.95,47.46,,https://www.kockw.com/sites/EN/Pages/Profile/whoAreWe/KOC-History.aspx,200,2026-09-30,未取得可展示的本层级产量/产能；不填0；继承近似点的独立坐标出处待核,
科威特,Ratqa,拉特卡,,field,,原油,,,undisclosed,,,,,,,,[],[],数值缺失；不可估计当前产量,没有当前逐资产实绩；缺失不等于零,在产,FY2024/25—2026年最后可核实公开时点,中,https://www.kockw.com/sites/EN/Pages/Profile/whoAreWe/KOC-History.aspx,True,False,30.13,47.59,,https://www.kockw.com/sites/EN/Pages/Profile/whoAreWe/KOC-History.aspx,200,2026-09-30,未取得可展示的本层级产量/产能；不填0；继承近似点的独立坐标出处待核,
科威特,Umm Niqa,乌姆尼卡,,field,,原油,,,undisclosed,,,,,,,,[],[],历史22.14值的引用PDF失效；暂撤回待恢复原表,没有当前逐资产实绩；缺失不等于零,在产,FY2024/25—2026年最后可核实公开时点,中,https://www.kockw.com/sites/EN/Annual%20Reports/2023%20-%202024%20English.pdf,True,False,30.1,47.68,,https://www.kockw.com/sites/EN/Annual%20Reports/2023%20-%202024%20English.pdf,404,2026-09-30,未取得可展示的本层级产量/产能；不填0；所引URL自动访问失败或未探测；不代表资产不存在；继承近似点的独立坐标出处待核,"KOC年报称FY2023/24在Umm Niqa实现22,140桶/日；报告未将其定义为全年平均。 2026-09-30原引用2023/24年报HTTP404，未恢复原表前不展示22.14千桶/日。"
科威特,South Ratqa,南拉特卡,,field,,原油,,,undisclosed,,,,,,,,[],[],数值缺失；不可估计当前产量,没有当前逐资产实绩；缺失不等于零,在产,FY2024/25—2026年最后可核实公开时点,中,https://www.kockw.com/sites/EN/Pages/Profile/whoAreWe/KOC-History.aspx,True,False,30.02,47.7,,https://www.kockw.com/sites/EN/Pages/Profile/whoAreWe/KOC-History.aspx,200,2026-09-30,未取得可展示的本层级产量/产能；不填0；继承近似点的独立坐标出处待核,
科威特,Minagish,米纳吉什,,field,,原油,,,undisclosed,,,,,,,,[],[],数值缺失；不可估计当前产量,没有当前逐资产实绩；缺失不等于零,在产,FY2024/25—2026年最后可核实公开时点,中,https://www.kockw.com/sites/EN/Pages/Profile/whoAreWe/KOC-History.aspx,True,False,29.0,46.38,,https://www.kockw.com/sites/EN/Pages/Profile/whoAreWe/KOC-History.aspx,200,2026-09-30,未取得可展示的本层级产量/产能；不填0；继承近似点的独立坐标出处待核,
科威特,Umm Gudair,乌姆古代尔,,field,,原油,,,undisclosed,,,,,,,,[],[],数值缺失；不可估计当前产量,没有当前逐资产实绩；缺失不等于零,在产,FY2024/25—2026年最后可核实公开时点,中,https://www.kockw.com/sites/EN/Pages/Profile/whoAreWe/KOC-History.aspx,True,False,28.7,46.52,,https://www.kockw.com/sites/EN/Pages/Profile/whoAreWe/KOC-History.aspx,200,2026-09-30,未取得可展示的本层级产量/产能；不填0；继承近似点的独立坐标出处待核,
科威特,Abdali,阿卜达利,,field,,原油,,,undisclosed,,,,,,,,[],[],数值缺失；不可估计当前产量,没有当前逐资产实绩；缺失不等于零,在产,FY2024/25—2026年最后可核实公开时点,中,https://www.kockw.com/sites/EN/Pages/Profile/whoAreWe/KOC-History.aspx,True,False,30.03,47.93,,https://www.kockw.com/sites/EN/Pages/Profile/whoAreWe/KOC-History.aspx,200,2026-09-30,未取得可展示的本层级产量/产能；不填0；继承近似点的独立坐标出处待核,
科威特,Wafra,瓦夫拉,,field,,原油,,,undisclosed,,,,,,,,[],[],数值缺失；不可估计当前产量,没有当前逐资产实绩；缺失不等于零,在产,FY2024/25—2026年最后可核实公开时点,中,https://www.kockw.com/sites/EN/Pages/Profile/whoAreWe/KOC-History.aspx,True,False,28.72,47.9,,https://www.kockw.com/sites/EN/Pages/Profile/whoAreWe/KOC-History.aspx,200,2026-09-30,未取得可展示的本层级产量/产能；不填0；继承近似点的独立坐标出处待核,沙特—科威特中立区共享资产。
科威特,Khafji,哈夫吉,,field,,原油,,,undisclosed,,,,,,,,[],[],数值缺失；不可估计当前产量,没有当前逐资产实绩；缺失不等于零,在产,FY2024/25—2026年最后可核实公开时点,中,https://www.kockw.com/sites/EN/Pages/Profile/whoAreWe/KOC-History.aspx,True,False,28.52,48.42,,https://www.kockw.com/sites/EN/Pages/Profile/whoAreWe/KOC-History.aspx,200,2026-09-30,未取得可展示的本层级产量/产能；不填0；继承近似点的独立坐标出处待核,沙特—科威特中立区共享资产。
科威特,Nokhetha,诺赫萨,,field,,原油,,,undisclosed,,,,,,,,[],[],数值缺失；不可估计当前产量,没有当前逐资产实绩；缺失不等于零,已发现／待商业化,FY2024/25,高,https://www.kockw.com/sites/EN/Annual%20Reports/2024-2025%20English.pdf,True,False,29.4162,48.7026,https://www.gem.wiki/Nokhetha_Oil_and_Gas_Field_%28Kuwait%29,https://www.kockw.com/sites/EN/Annual%20Reports/2024-2025%20English.pdf,200,2026-09-30,未取得可展示的本层级产量/产能；不填0,"KOC年报的2,800桶/日是Nokhetha-1勘探井测试流量，不能填作全田持续日产量。"
科威特,Julaiah,朱莱亚,,field,,原油,,,undisclosed,,,,,,,,[],[],数值缺失；不可估计当前产量,没有当前逐资产实绩；缺失不等于零,已发现／待商业化,FY2024/25,高,https://www.kockw.com/sites/EN/Annual%20Reports/2024-2025%20English.pdf,True,False,28.824,48.6894,https://www.gem.wiki/Julaiah_Oil_and_Gas_Field_%28Kuwait%29,https://www.kockw.com/sites/EN/Annual%20Reports/2024-2025%20English.pdf,200,2026-09-30,未取得可展示的本层级产量/产能；不填0,KOC年报仅披露勘探井测试与资源量，未披露全田持续日产量。
科威特,Mutriba,穆特里巴,,field,,原油,,,undisclosed,,,,,,,,[],[],数值缺失；不可估计当前产量,没有当前逐资产实绩；缺失不等于零,在产,FY2024/25—2026年最后可核实公开时点,中,https://www.kockw.com/sites/EN/EMagazine/Pages/Events/1032.aspx,True,True,29.763444,47.224222,https://www.kockw.com/sites/EN/Pages/Profile/WhatWeDo/OilFields.aspx,https://www.kockw.com/sites/EN/EMagazine/Pages/Events/1032.aspx,200,2026-09-30,未取得可展示的本层级产量/产能；不填0；代理点；不能当田边界或独立子田坐标,KOC确认轻质油商业生产；公开报道未给可核验的全田持续日产量，井测试量不作替代。
科威特,Shaham,沙哈姆,,field,,原油,,,undisclosed,,,,,,,,[],[],数值缺失；不可估计当前产量,没有当前逐资产实绩；缺失不等于零,已发现／待商业化,FY2024/25,高,https://www.kockw.com/sites/EN/Annual%20Reports/2024-2025%20English.pdf,True,True,29.916667,47.666667,https://www.geonames.org/387923/shaib-abu-shaham.html,https://www.kockw.com/sites/EN/Annual%20Reports/2024-2025%20English.pdf,200,2026-09-30,未取得可展示的本层级产量/产能；不填0；代理点；不能当田边界或独立子田坐标,KOC年报第30—31页称北科威特Shaham勘探田发现Zubair砂岩油藏；未给商业持续产量。
科威特,Kra-al-Maru,克拉马鲁,,field,,原油,,,undisclosed,,,,,,,,[],[],数值缺失；不可估计当前产量,没有当前逐资产实绩；缺失不等于零,在产,FY2024/25—2026年最后可核实公开时点,中,https://www.kockw.com/sites/EN/Annual%20Reports/2024-2025%20English.pdf,True,True,29.435833,47.327778,https://www.geonames.org/285913/kra-al-maru.html,https://www.kockw.com/sites/EN/Annual%20Reports/2024-2025%20English.pdf,200,2026-09-30,未取得可展示的本层级产量/产能；不填0；代理点；不能当田边界或独立子田坐标,KOC年报第30—31页称在既有Kra-al-Maru油田发现Marrat储层；该发现不是全田日产量。
卡塔尔,Al Shaheen,阿尔沙欣,,field,,原油,280.1,千桶/日,actual_output,2024年平均,,,,,,,"[{""value"": ""198.7"", ""unit"": ""百万标准立方英尺/日"", ""metric_type"": ""actual_output"", ""commodity"": ""natural_gas"", ""data_date"": ""2024年平均"", ""basis"": ""QatarEnergy 2025-11投资者演示第12页原表；历史全资产口径"", ""source_url"": ""https://www.qatarenergy.qa/en/MediaCenter/Publications/QatarEnergy_Investors_Presentation_November_2025.pdf""}]",[],原始2025-11演示第12页2024均值已核；不是2026实绩,数值仅对应数据日期；复核日不是观测日，不能视作2026-09-30实绩,在产,2024年平均／协议期至2027年,高,https://www.qatarenergy.qa/en/MediaCenter/Publications/QatarEnergy_Investors_Presentation_November_2025.pdf,True,False,26.51,51.92,,https://www.qatarenergy.qa/en/MediaCenter/Publications/QatarEnergy_Investors_Presentation_November_2025.pdf,200,2026-09-30,非实时数值；只能用于所标日期和口径；继承近似点的独立坐标出处待核,QatarEnergy官方投资者演示文稿列示的2024年平均原油产量；来源直报。
卡塔尔,Dukhan,杜汉,,field,,油气／凝析油,176.4,千桶/日,actual_output,2024年平均,,,,,,,"[{""value"": ""229.0"", ""unit"": ""百万标准立方英尺/日"", ""metric_type"": ""actual_output"", ""commodity"": ""natural_gas"", ""data_date"": ""2024年平均"", ""basis"": ""QatarEnergy 2025-11投资者演示第12页原表；历史全资产口径"", ""source_url"": ""https://www.qatarenergy.qa/en/MediaCenter/Publications/QatarEnergy_Investors_Presentation_November_2025.pdf""}]",[],原始2025-11演示第12页2024均值已核；不是2026实绩,数值仅对应数据日期；复核日不是观测日，不能视作2026-09-30实绩,在产,2024年平均／协议期至2027年,高,https://www.qatarenergy.qa/en/MediaCenter/Publications/QatarEnergy_Investors_Presentation_November_2025.pdf,True,False,25.42,50.79,,https://www.qatarenergy.qa/en/MediaCenter/Publications/QatarEnergy_Investors_Presentation_November_2025.pdf,200,2026-09-30,非实时数值；只能用于所标日期和口径；继承近似点的独立坐标出处待核,QatarEnergy官方投资者演示文稿列示的2024年平均原油产量；来源直报。
卡塔尔,Al-Rayyan,阿尔拉扬,,field,,原油,3.6,千桶/日,actual_output,2024年平均,,,,,,,"[{""value"": ""0.3"", ""unit"": ""百万标准立方英尺/日"", ""metric_type"": ""actual_output"", ""commodity"": ""natural_gas"", ""data_date"": ""2024年平均"", ""basis"": ""QatarEnergy 2025-11投资者演示第12页原表；历史全资产口径"", ""source_url"": ""https://www.qatarenergy.qa/en/MediaCenter/Publications/QatarEnergy_Investors_Presentation_November_2025.pdf""}]",[],原始2025-11演示第12页2024均值已核；不是2026实绩,数值仅对应数据日期；复核日不是观测日，不能视作2026-09-30实绩,在产,2024年平均／协议期至2027年,高,https://www.qatarenergy.qa/en/MediaCenter/Publications/QatarEnergy_Investors_Presentation_November_2025.pdf,True,False,26.6591,51.5725,https://www.gem.wiki/Al_Rayyan_Oil_and_Gas_Field_%28Qatar%29,https://www.qatarenergy.qa/en/MediaCenter/Publications/QatarEnergy_Investors_Presentation_November_2025.pdf,200,2026-09-30,非实时数值；只能用于所标日期和口径,QatarEnergy官方投资者演示文稿列示的2024年平均原油产量；来源直报。
卡塔尔,Al-Khaleej,阿尔哈利杰,,field,,原油,23.4,千桶/日,actual_output,2024年平均,,,,,,,"[{""value"": ""4.4"", ""unit"": ""百万标准立方英尺/日"", ""metric_type"": ""actual_output"", ""commodity"": ""natural_gas"", ""data_date"": ""2024年平均"", ""basis"": ""QatarEnergy 2025-11投资者演示第12页原表；历史全资产口径"", ""source_url"": ""https://www.qatarenergy.qa/en/MediaCenter/Publications/QatarEnergy_Investors_Presentation_November_2025.pdf""}]",[],原始2025-11演示第12页2024均值已核；不是2026实绩,数值仅对应数据日期；复核日不是观测日，不能视作2026-09-30实绩,在产,2024年平均／协议期至2027年,高,https://www.qatarenergy.qa/en/MediaCenter/Publications/QatarEnergy_Investors_Presentation_November_2025.pdf,True,False,25.7,51.48,,https://www.qatarenergy.qa/en/MediaCenter/Publications/QatarEnergy_Investors_Presentation_November_2025.pdf,200,2026-09-30,非实时数值；只能用于所标日期和口径；继承近似点的独立坐标出处待核,QatarEnergy官方投资者演示文稿列示的2024年平均原油产量；来源直报。
卡塔尔,Idd El-Sharqi,伊德谢尔基,,field,,原油,54.4,千桶/日,actual_output,2024年平均,,,,,,,"[{""value"": ""39.9"", ""unit"": ""百万标准立方英尺/日"", ""metric_type"": ""actual_output"", ""commodity"": ""natural_gas"", ""data_date"": ""2024年平均"", ""basis"": ""QatarEnergy 2025-11投资者演示第12页原表；历史全资产口径"", ""source_url"": ""https://www.qatarenergy.qa/en/MediaCenter/Publications/QatarEnergy_Investors_Presentation_November_2025.pdf""}]",[],原始2025-11演示第12页2024均值已核；不是2026实绩,数值仅对应数据日期；复核日不是观测日，不能视作2026-09-30实绩,在产,2024年平均／协议期至2027年,高,https://www.qatarenergy.qa/en/MediaCenter/Publications/QatarEnergy_Investors_Presentation_November_2025.pdf,True,False,25.59,51.31,,https://www.qatarenergy.qa/en/MediaCenter/Publications/QatarEnergy_Investors_Presentation_November_2025.pdf,200,2026-09-30,非实时数值；只能用于所标日期和口径；继承近似点的独立坐标出处待核,QatarEnergy官方投资者演示文稿列示的2024年平均原油产量；来源直报。
卡塔尔,Karkara,卡尔卡拉,,field,,原油,,,undisclosed,,,,,,,,[],[],数值缺失；不可估计当前产量,没有当前逐资产实绩；缺失不等于零,在产,2024年平均／协议期至2027年,高,https://www.qatarenergy.qa/en/MediaCenter/Publications/QatarEnergy_Investors_Presentation_November_2025.pdf,True,False,25.46,51.33,,https://www.qatarenergy.qa/en/MediaCenter/Publications/QatarEnergy_Investors_Presentation_November_2025.pdf,200,2026-09-30,未取得可展示的本层级产量/产能；不填0；继承近似点的独立坐标出处待核,
卡塔尔,Maydan Mahzam,迈丹马赫赞,,field,,原油,16.2,千桶/日,actual_output,2024年平均,,,,,,,"[{""value"": ""28.6"", ""unit"": ""百万标准立方英尺/日"", ""metric_type"": ""actual_output"", ""commodity"": ""natural_gas"", ""data_date"": ""2024年平均"", ""basis"": ""QatarEnergy 2025-11投资者演示第12页原表；历史全资产口径"", ""source_url"": ""https://www.qatarenergy.qa/en/MediaCenter/Publications/QatarEnergy_Investors_Presentation_November_2025.pdf""}]",[],原始2025-11演示第12页2024均值已核；不是2026实绩,数值仅对应数据日期；复核日不是观测日，不能视作2026-09-30实绩,在产,2024年平均／协议期至2027年,高,https://www.qatarenergy.qa/en/MediaCenter/Publications/QatarEnergy_Investors_Presentation_November_2025.pdf,True,False,25.2,51.2,,https://www.qatarenergy.qa/en/MediaCenter/Publications/QatarEnergy_Investors_Presentation_November_2025.pdf,200,2026-09-30,非实时数值；只能用于所标日期和口径；继承近似点的独立坐标出处待核,QatarEnergy官方投资者演示文稿列示的2024年平均原油产量；来源直报。
卡塔尔,Bul Hanine,布尔哈宁,,field,,原油,35.1,千桶/日,actual_output,2024年平均,,,,,,,"[{""value"": ""38.6"", ""unit"": ""百万标准立方英尺/日"", ""metric_type"": ""actual_output"", ""commodity"": ""natural_gas"", ""data_date"": ""2024年平均"", ""basis"": ""QatarEnergy 2025-11投资者演示第12页原表；历史全资产口径"", ""source_url"": ""https://www.qatarenergy.qa/en/MediaCenter/Publications/QatarEnergy_Investors_Presentation_November_2025.pdf""}]",[],原始2025-11演示第12页2024均值已核；不是2026实绩,数值仅对应数据日期；复核日不是观测日，不能视作2026-09-30实绩,在产,2024年平均／协议期至2027年,高,https://www.qatarenergy.qa/en/MediaCenter/Publications/QatarEnergy_Investors_Presentation_November_2025.pdf,True,False,25.06,51.14,,https://www.qatarenergy.qa/en/MediaCenter/Publications/QatarEnergy_Investors_Presentation_November_2025.pdf,200,2026-09-30,非实时数值；只能用于所标日期和口径；继承近似点的独立坐标出处待核,QatarEnergy官方投资者演示文稿列示的2024年平均原油产量；来源直报。
卡塔尔,Al-Murjan,阿尔穆尔詹,,field,,原油,,,undisclosed,,,,,,,,[],[],数值缺失；不可估计当前产量,没有当前逐资产实绩；缺失不等于零,在产,2024年平均／协议期至2027年,高,https://www.qatarenergy.qa/en/Whatwedo/Pages/ExplorationandProduction.aspx,True,True,26.6591,51.5725,https://www.qatarenergy.qa/en/WhatWeDo/Pages/ExplorationandProduction.aspx,https://www.qatarenergy.qa/en/Whatwedo/Pages/ExplorationandProduction.aspx,200,2026-09-30,未取得可展示的本层级产量/产能；不填0；代理点；不能当田边界或独立子田坐标,卡塔尔能源称该田通过Al-Rayyan平台生产；没有单田产量，不把Al-Rayyan平台数值分摊。
卡塔尔,North Field,北方气田,,field,,天然气,,,undisclosed,,,,,,,,[],[],数值缺失；不可估计当前产量,没有当前逐资产实绩；缺失不等于零,在产,2024年平均／协议期至2027年,高,https://www.qatarenergy.qa/en/MediaCenter/Publications/QatarEnergy_Investors_Presentation_November_2025.pdf,True,False,26.62,51.45,,https://www.qatarenergy.qa/en/MediaCenter/Publications/QatarEnergy_Investors_Presentation_November_2025.pdf,200,2026-09-30,未取得可展示的本层级产量/产能；不填0；继承近似点的独立坐标出处待核,气田，不与原油日产量比较。
卡塔尔,A-Structures (A-North / A-South),A构造（A北／A南）,,field_group,,原油,,,undisclosed,,,,,,,,[],[],数值缺失；不可估计当前产量,没有当前逐资产实绩；缺失不等于零,在产,2024年平均／协议期至2027年,高,https://qna.org.qa/en/news/news-details?date=23%2F12%2F2022&id=0056-qatarenergy-signs-agreement-with-qpd-to-continue-al-karkara%2C-a-structures-offshore-fields-development-and-production,True,False,25.0811,52.4847,https://ports.marinelink.com/oilrigs/rig/alkarkaraastructure,https://qna.org.qa/en/news/news-details?date=23%2F12%2F2022&id=0056-qatarenergy-signs-agreement-with-qpd-to-continue-al-karkara%2C-a-structures-offshore-fields-development-and-production,200,2026-09-30,未取得可展示的本层级产量/产能；不填0,"QNA称A-North和A-South于1971年发现，A-Structures与Al-Karkara自2006年3月投产；报道的3,350万桶是三田合计累计原油，不能分配给A-Structures。单田产量及坐标未披露。"
卡塔尔,A-North,A北,,field,A-Structures (A-North / A-South),原油,,,undisclosed,,,,,,,,[],[],数值缺失；不可估计当前产量,没有当前逐资产实绩；缺失不等于零,在产,2024年平均／协议期至2027年,高,https://qna.org.qa/en/news/news-details?date=23%2F12%2F2022&id=0056-qatarenergy-signs-agreement-with-qpd-to-continue-al-karkara%2C-a-structures-offshore-fields-development-and-production,True,True,25.0811,52.4847,https://ports.marinelink.com/oilrigs/rig/alkarkaraastructure,https://qna.org.qa/en/news/news-details?date=23%2F12%2F2022&id=0056-qatarenergy-signs-agreement-with-qpd-to-continue-al-karkara%2C-a-structures-offshore-fields-development-and-production,200,2026-09-30,未取得可展示的本层级产量/产能；不填0；代理点；不能当田边界或独立子田坐标,QNA明确列为A-Structures两座小油田之一；油田群与Al-Karkara的累计产量不能分配给该田。
卡塔尔,A-South,A南,,field,A-Structures (A-North / A-South),原油,,,undisclosed,,,,,,,,[],[],数值缺失；不可估计当前产量,没有当前逐资产实绩；缺失不等于零,在产,2024年平均／协议期至2027年,高,https://qna.org.qa/en/news/news-details?date=23%2F12%2F2022&id=0056-qatarenergy-signs-agreement-with-qpd-to-continue-al-karkara%2C-a-structures-offshore-fields-development-and-production,True,True,25.0811,52.4847,https://ports.marinelink.com/oilrigs/rig/alkarkaraastructure,https://qna.org.qa/en/news/news-details?date=23%2F12%2F2022&id=0056-qatarenergy-signs-agreement-with-qpd-to-continue-al-karkara%2C-a-structures-offshore-fields-development-and-production,200,2026-09-30,未取得可展示的本层级产量/产能；不填0；代理点；不能当田边界或独立子田坐标,QNA明确列为A-Structures两座小油田之一；油田群与Al-Karkara的累计产量不能分配给该田。
阿曼,Mukhaizna,穆凯兹奈,,field,,原油,,,undisclosed,,,,,,,,[],[],数值缺失；不可估计当前产量,没有当前逐资产实绩；缺失不等于零,在产,2024—2026年最后可核实公开时点／再次复核2026-09-28,中,https://www.oxy.com/operations/performance-production/,True,False,19.34,56.47,,https://www.oxy.com/operations/performance-production/,200,2026-09-30,未取得可展示的本层级产量/产能；不填0；继承近似点的独立坐标出处待核,运营商确认油田运营及累计产量，但未找到可核验的2023年单田8万桶/日实产；撤回该值。
阿曼,Yibal,伊巴尔,,field,,原油,,,undisclosed,,,,,,,,[],[],数值缺失；不可估计当前产量,没有当前逐资产实绩；缺失不等于零,在产,2024—2026年最后可核实公开时点／再次复核2026-09-28,中,https://www.gem.wiki/Yibal_Oil_and_Gas_Field_(Oman),True,False,22.26,56.15,,https://www.gem.wiki/Yibal_Oil_and_Gas_Field_(Oman),200,2026-09-30,未取得可展示的本层级产量/产能；不填0；继承近似点的独立坐标出处待核,原列年度数值的原始引文未证实是该年度实际产油总量；撤回据此换算的推算日均。逐田实产待核。
阿曼,Natih,纳蒂赫,,field,,原油,,,undisclosed,,,,,,,,[],[],数值缺失；不可估计当前产量,没有当前逐资产实绩；缺失不等于零,在产,2024—2026年最后可核实公开时点／再次复核2026-09-28,中,https://www.pdo.co.om/en/Pages/WhoWeAre/OurJourney.aspx,True,False,22.48,56.33,,https://www.pdo.co.om/en/Pages/WhoWeAre/OurJourney.aspx,502,2026-09-30,未取得可展示的本层级产量/产能；不填0；所引URL自动访问失败或未探测；不代表资产不存在；继承近似点的独立坐标出处待核,
阿曼,Fahud,法胡德,,field,,原油,,,undisclosed,,,,,,,,[],[],数值缺失；不可估计当前产量,没有当前逐资产实绩；缺失不等于零,在产,2024—2026年最后可核实公开时点／再次复核2026-09-28,中,https://www.pdo.co.om/en/Pages/WhoWeAre/OurJourney.aspx,True,False,22.35,56.5,,https://www.pdo.co.om/en/Pages/WhoWeAre/OurJourney.aspx,502,2026-09-30,未取得可展示的本层级产量/产能；不填0；所引URL自动访问失败或未探测；不代表资产不存在；继承近似点的独立坐标出处待核,
阿曼,Qarn Alam,卡恩阿拉姆,,field,,原油,,,undisclosed,,,,,,,,[],[],数值缺失；不可估计当前产量,没有当前逐资产实绩；缺失不等于零,在产,2024—2026年最后可核实公开时点／再次复核2026-09-28,中,https://www.pdo.co.om/en/Pages/WhoWeAre/OurJourney.aspx,True,False,22.55,57.07,,https://www.pdo.co.om/en/Pages/WhoWeAre/OurJourney.aspx,502,2026-09-30,未取得可展示的本层级产量/产能；不填0；所引URL自动访问失败或未探测；不代表资产不存在；继承近似点的独立坐标出处待核,
阿曼,Marmul,马尔穆勒,,field,,原油,,,undisclosed,,,,,,,,[],[],数值缺失；不可估计当前产量,没有当前逐资产实绩；缺失不等于零,在产,2024—2026年最后可核实公开时点／再次复核2026-09-28,中,https://www.pdo.co.om/en/Pages/WhoWeAre/OurJourney.aspx,True,False,18.12,55.22,,https://www.pdo.co.om/en/Pages/WhoWeAre/OurJourney.aspx,502,2026-09-30,未取得可展示的本层级产量/产能；不填0；所引URL自动访问失败或未探测；不代表资产不存在；继承近似点的独立坐标出处待核,
阿曼,Nimr,尼姆尔,,field,,原油,,,undisclosed,,,,,,,,[],[],数值缺失；不可估计当前产量,没有当前逐资产实绩；缺失不等于零,在产,2024—2026年最后可核实公开时点／再次复核2026-09-28,中,https://www.pdo.co.om/en/Pages/WhoWeAre/OurJourney.aspx,True,False,18.76,55.74,,https://www.pdo.co.om/en/Pages/WhoWeAre/OurJourney.aspx,502,2026-09-30,未取得可展示的本层级产量/产能；不填0；所引URL自动访问失败或未探测；不代表资产不存在；继承近似点的独立坐标出处待核,
阿曼,Lekhwair,莱赫韦尔,,field,,原油,,,undisclosed,,,,,,,,[],[],数值缺失；不可估计当前产量,没有当前逐资产实绩；缺失不等于零,在产,2024—2026年最后可核实公开时点／再次复核2026-09-28,中,https://www.pdo.co.om/en/Pages/WhoWeAre/OurJourney.aspx,True,False,20.59,57.14,,https://www.pdo.co.om/en/Pages/WhoWeAre/OurJourney.aspx,502,2026-09-30,未取得可展示的本层级产量/产能；不填0；所引URL自动访问失败或未探测；不代表资产不存在；继承近似点的独立坐标出处待核,
阿曼,Bahja,巴赫贾,Bahja (North and South),field,,原油,,,undisclosed,,,,,,,,[],[],数值缺失；不可估计当前产量,没有当前逐资产实绩；缺失不等于零,在产,2024—2026年最后可核实公开时点／再次复核2026-09-28,中,https://www.pdo.co.om/en/Pages/WhoWeAre/OurJourney.aspx,True,False,20.96,56.8,,https://www.pdo.co.om/en/Pages/WhoWeAre/OurJourney.aspx,502,2026-09-30,未取得可展示的本层级产量/产能；不填0；所引URL自动访问失败或未探测；不代表资产不存在；继承近似点的独立坐标出处待核,
阿曼,Harweel,哈维尔,,field_group,,原油,,,undisclosed,,,,,,,,[],[],数值缺失；不可估计当前产量,没有当前逐资产实绩；缺失不等于零,在产,2024—2026年最后可核实公开时点／再次复核2026-09-28,中,https://www.pdo.co.om/en/Pages/WhoWeAre/OurJourney.aspx,True,False,18.08,55.62,,https://www.pdo.co.om/en/Pages/WhoWeAre/OurJourney.aspx,502,2026-09-30,未取得可展示的本层级产量/产能；不填0；所引URL自动访问失败或未探测；不代表资产不存在；继承近似点的独立坐标出处待核,
阿曼,Amal,阿迈勒,,field,,原油,,,undisclosed,,,,,,,,[],[],数值缺失；不可估计当前产量,没有当前逐资产实绩；缺失不等于零,在产,2024—2026年最后可核实公开时点／再次复核2026-09-28,中,https://www.pdo.co.om/en/Pages/WhoWeAre/OurJourney.aspx,True,False,18.48,55.72,,https://www.pdo.co.om/en/Pages/WhoWeAre/OurJourney.aspx,502,2026-09-30,未取得可展示的本层级产量/产能；不填0；所引URL自动访问失败或未探测；不代表资产不存在；继承近似点的独立坐标出处待核,
阿曼,Zalzala,扎尔扎拉,,field,Harweel,原油,,,undisclosed,,,,,,,,[],[],数值缺失；不可估计当前产量,没有当前逐资产实绩；缺失不等于零,在产,2024—2026年最后可核实公开时点／再次复核2026-09-28,中,https://www.pdo.co.om/en/PDOSERVICES/Sustainability%20Report%202024%20English.pdf,True,True,18.08,55.62,,https://www.pdo.co.om/en/PDOSERVICES/Sustainability%20Report%202024%20English.pdf,502,2026-09-30,未取得可展示的本层级产量/产能；不填0；所引URL自动访问失败或未探测；不代表资产不存在；代理点；不能当田边界或独立子田坐标,PDO报告第60页列Harweel 2AB项目位于Zalzala田；注气与增采累计量不是全田日均原油。
阿曼,Haima West,海马西,,field,Marmul,原油,,,undisclosed,,,,,,,,[],[],数值缺失；不可估计当前产量,没有当前逐资产实绩；缺失不等于零,在产,2024—2026年最后可核实公开时点／再次复核2026-09-28,中,https://www.pdo.co.om/en/PDOSERVICES/Sustainability%20Report%202024%20English.pdf,True,True,18.12,55.22,,https://www.pdo.co.om/en/PDOSERVICES/Sustainability%20Report%202024%20English.pdf,502,2026-09-30,未取得可展示的本层级产量/产能；不填0；所引URL自动访问失败或未探测；不代表资产不存在；代理点；不能当田边界或独立子田坐标,PDO报告第60页列名；聚合物驱项目预期增采量不能转换为现时单田日产量。
阿曼,Al Noor,努尔,,field,Nimr,原油,,,undisclosed,,,,,,,,[],[],数值缺失；不可估计当前产量,没有当前逐资产实绩；缺失不等于零,在产,2024—2026年最后可核实公开时点／再次复核2026-09-28,中,https://www.pdo.co.om/en/PDOSERVICES/Sustainability%20Report%202024%20English.pdf,True,True,18.76,55.74,,https://www.pdo.co.om/en/PDOSERVICES/Sustainability%20Report%202024%20English.pdf,502,2026-09-30,未取得可展示的本层级产量/产能；不填0；所引URL自动访问失败或未探测；不代表资产不存在；代理点；不能当田边界或独立子田坐标,PDO报告列Al Noor三期项目；项目增采资源量不是单田实产。
阿曼,Nimr-A,尼姆尔A,,field,Nimr,原油,,,undisclosed,,,,,,,,[],[],数值缺失；不可估计当前产量,没有当前逐资产实绩；缺失不等于零,在产,2024—2026年最后可核实公开时点／再次复核2026-09-28,中,https://www.pdo.co.om/en/PDOSERVICES/Sustainability%20Report%202024%20English.pdf,True,True,18.76,55.74,,https://www.pdo.co.om/en/PDOSERVICES/Sustainability%20Report%202024%20English.pdf,502,2026-09-30,未取得可展示的本层级产量/产能；不填0；所引URL自动访问失败或未探测；不代表资产不存在；代理点；不能当田边界或独立子田坐标,PDO明确称Nimr-A油田；2024年聚合物驱投资决定的预期增采量不是已实现日产量。
阿曼,Nimr-E,尼姆尔E,,field,Nimr,原油,,,undisclosed,,,,,,,,[],[],数值缺失；不可估计当前产量,没有当前逐资产实绩；缺失不等于零,在产,2024—2026年最后可核实公开时点／再次复核2026-09-28,中,https://www.pdo.co.om/en/PDOSERVICES/Sustainability%20Report%202024%20English.pdf,True,True,18.76,55.74,,https://www.pdo.co.om/en/PDOSERVICES/Sustainability%20Report%202024%20English.pdf,502,2026-09-30,未取得可展示的本层级产量/产能；不填0；所引URL自动访问失败或未探测；不代表资产不存在；代理点；不能当田边界或独立子田坐标,PDO明确称Nimr-E油田；不把Nimr资产合计量分配给该田。
阿曼,Budour Northeast,布杜尔东北,,field,,原油,,,undisclosed,,,,,,,,[],[],数值缺失；不可估计当前产量,没有当前逐资产实绩；缺失不等于零,已发现／待商业化,2024—2026年最后可核实公开时点,中,https://www.pdo.co.om/en/Pages/WhoWeAre/OurJourney.aspx,True,True,18.31856,55.10261,https://mapcarta.com/35907568,https://www.pdo.co.om/en/Pages/WhoWeAre/OurJourney.aspx,502,2026-09-30,未取得可展示的本层级产量/产能；不填0；所引URL自动访问失败或未探测；不代表资产不存在；代理点；不能当田边界或独立子田坐标,PDO历史页面确认发现，尚无可核验的持续逐田日产量。
阿曼,Block 50 (Masirah),50区块（马西拉）,,block,,油气／凝析油,,,undisclosed,,,,,,,,[],[],数值缺失；不可估计当前产量,没有当前逐资产实绩；缺失不等于零,在产,2026年3月,高,https://www.masirahoil.om/post/production-update-march-2026,True,True,19.9841,58.546,,https://www.masirahoil.om/post/production-update-march-2026,200,2026-09-30,未取得可展示的本层级产量/产能；不填0；代理点；不能当田边界或独立子田坐标,区块层级日产量未单独披露；Yumna单田数据不反推为整个区块产量。
阿曼,Yumna,尤姆纳,,field,Block 50 (Masirah),原油,742,桶/日,actual_output,2026年3月平均（31天生产期）,,,,,,,[],[],保留来源期数据；详见2026-09-30逐行审计，非实时实绩,数值仅对应数据日期；复核日不是观测日，不能视作2026-09-30实绩,在产,2026年3月,高,https://www.masirahoil.om/post/production-update-march-2026,True,False,19.9841,58.546,,https://www.masirahoil.om/post/production-update-march-2026,200,2026-09-30,非实时数值；只能用于所标日期和口径；继承近似点的独立坐标出处待核,运营方公告称31天生产期内全田总产量日均742桶；Block 50运营方持有100%权益。
阿曼,Bisat,比萨特,,field,Block 60 (Oman),原油,,,undisclosed,,,,,,,,[],[],数值缺失；不可估计当前产量,没有当前逐资产实绩；缺失不等于零,在产,2025-12-31,高,https://oqep.om/UploadsAll/IRFiles/1781008603725OQEP_2025_Annual_Report.pdf,True,False,21.178,55.8542,,https://oq.com/en/news-and-media/newsroom/20230126-oq-celebrates-inauguration-of-bisat-oil-field,502,2026-09-30,未取得可展示的本层级产量/产能；不填0；所引URL自动访问失败或未探测；不代表资产不存在；继承近似点的独立坐标出处待核,OQ于2023年公告比萨特油田原油处理设施投产；GEM列为运营油田，逐田日产量未披露。坐标为公开地图资料的近似点。
阿曼,Block 5 (Daleel),5区块（Daleel）,,block,,油气／凝析油,50,千桶/日,actual_output,运营商网页未注明观察期（2026-09-28核对）,,,,,,,[],[],保留来源期数据；详见2026-09-30逐行审计，非实时实绩,数值仅对应数据日期；复核日不是观测日，不能视作2026-09-30实绩,在产,2024—2026年最后可核实公开时点／再次复核2026-09-28,中,https://daleelpetroleum.com/operational-excellence/production,True,True,22.7241,55.976,,https://daleelpetroleum.com/operational-excellence/production,200,2026-09-30,非实时数值；只能用于所标日期和口径；代理点；不能当田边界或独立子田坐标,运营商称Block 5日均产量已从2002年的约5千桶/日提高至50千桶/日；这是区块多田合计，不能分配给Daleel、Shadi、Bushra、Mazoon、Furat或Thahab。
阿曼,Daleel,达利勒,,field,Block 5 (Daleel),原油,,,undisclosed,,,,,,,,[],[],数值缺失；不可估计当前产量,没有当前逐资产实绩；缺失不等于零,在产,2024—2026年最后可核实公开时点／再次复核2026-09-28,中,https://daleelpetroleum.com/operational-excellence/production,True,False,22.7241,55.976,,https://daleelpetroleum.com/operational-excellence/production,200,2026-09-30,未取得可展示的本层级产量/产能；不填0；继承近似点的独立坐标出处待核,运营商披露Block 5共有五个主要油田；区块约5万桶/日不能分配给单田。
阿曼,Shadi,沙迪,,field,Block 5 (Daleel),原油,,,undisclosed,,,,,,,,[],[],数值缺失；不可估计当前产量,没有当前逐资产实绩；缺失不等于零,在产,2024—2026年最后可核实公开时点／再次复核2026-09-28,中,https://daleelpetroleum.com/operational-excellence/production,True,True,22.7241,55.976,,https://daleelpetroleum.com/operational-excellence/production,200,2026-09-30,未取得可展示的本层级产量/产能；不填0；代理点；不能当田边界或独立子田坐标,Block 5油田；仅有区块合计产量，单田和坐标未核验。
阿曼,Bushra,布什拉,,field,Block 5 (Daleel),原油,,,undisclosed,,,,,,,,[],[],数值缺失；不可估计当前产量,没有当前逐资产实绩；缺失不等于零,在产,2024—2026年最后可核实公开时点／再次复核2026-09-28,中,https://daleelpetroleum.com/operational-excellence/production,True,True,22.7241,55.976,,https://daleelpetroleum.com/operational-excellence/production,200,2026-09-30,未取得可展示的本层级产量/产能；不填0；代理点；不能当田边界或独立子田坐标,Block 5油田；仅有区块合计产量，单田和坐标未核验。
阿曼,Mazoon,马祖恩,,field,Block 5 (Daleel),原油,,,undisclosed,,,,,,,,[],[],数值缺失；不可估计当前产量,没有当前逐资产实绩；缺失不等于零,在产,2024—2026年最后可核实公开时点／再次复核2026-09-28,中,https://daleelpetroleum.com/operational-excellence/production,True,True,22.7241,55.976,,https://daleelpetroleum.com/operational-excellence/production,200,2026-09-30,未取得可展示的本层级产量/产能；不填0；代理点；不能当田边界或独立子田坐标,Block 5油田；仅有区块合计产量，单田和坐标未核验。
阿曼,Furat,富拉特,,field,Block 5 (Daleel),原油,,,undisclosed,,,,,,,,[],[],数值缺失；不可估计当前产量,没有当前逐资产实绩；缺失不等于零,在产,2024—2026年最后可核实公开时点／再次复核2026-09-28,中,https://daleelpetroleum.com/operational-excellence/production,True,True,22.7241,55.976,,https://daleelpetroleum.com/operational-excellence/production,200,2026-09-30,未取得可展示的本层级产量/产能；不填0；代理点；不能当田边界或独立子田坐标,Block 5油田；仅有区块合计产量，单田和坐标未核验。
阿曼,Thahab,扎哈卜,,field,Block 5 (Daleel),原油,,,undisclosed,,,,,,,,[],[],数值缺失；不可估计当前产量,没有当前逐资产实绩；缺失不等于零,在产,2024—2026年最后可核实公开时点／再次复核2026-09-28,中,https://daleelpetroleum.com/media/news/2023/daleel-petroleum-a-journey-of-excellence,True,True,22.7241,55.976,,https://daleelpetroleum.com/media/news/2023/daleel-petroleum-a-journey-of-excellence,200,2026-09-30,未取得可展示的本层级产量/产能；不填0；代理点；不能当田边界或独立子田坐标,Daleel称近年开采Thahab；其约5万桶/日为Block 5多田总量，不分摊。
阿曼,Block 9 (Oman),9区块（阿曼）,,block,,油气／凝析油,,,undisclosed,,,,,,,,[],[],数值缺失；不可估计当前产量,没有当前逐资产实绩；缺失不等于零,在产,2024—2026年最后可核实公开时点／再次复核2026-09-28,中,https://www.oxy.com/operations/performance-production/,True,False,23.1614,55.4485,https://www.gem.wiki/Safah/Wadi_Latham_Oil_and_Gas_Field_%28Oman%29,https://www.oxy.com/operations/performance-production/,200,2026-09-30,未取得可展示的本层级产量/产能；不填0,包含Safah和Wadi Latham等资产；没有用公司或区块组合数据估算单田产量。
阿曼,Block 27 (Oman),27区块（阿曼）,,block,,油气／凝析油,,,undisclosed,,,,,,,,[],[],数值缺失；不可估计当前产量,没有当前逐资产实绩；缺失不等于零,在产,2024—2026年最后可核实公开时点／再次复核2026-09-28,中,https://www.oxy.com/operations/performance-production/,True,False,22.7117,56.5162,https://www.gem.wiki/Khamilah_Oil_Field_%28Oman%29,https://www.oxy.com/operations/performance-production/,200,2026-09-30,未取得可展示的本层级产量/产能；不填0,Khamilah所属区块；未披露可核验区块或单田日产量。
阿曼,Safah,萨法,,field,Block 9 (Oman),原油,,,undisclosed,,,,,,,,[],[],数值缺失；不可估计当前产量,没有当前逐资产实绩；缺失不等于零,在产,2024—2026年最后可核实公开时点／再次复核2026-09-28,中,https://www.oxy.com/operations/performance-production/,True,False,23.1614,55.4485,https://www.gem.wiki/Safah/Wadi_Latham_Oil_and_Gas_Field_%28Oman%29,https://www.oxy.com/operations/performance-production/,200,2026-09-30,未取得可展示的本层级产量/产能；不填0,Occidental披露Block 9的主要油田；未披露可核验单田日产量。
阿曼,Wadi Latham,瓦迪拉萨姆,,field,Block 9 (Oman),原油,,,undisclosed,,,,,,,,[],[],数值缺失；不可估计当前产量,没有当前逐资产实绩；缺失不等于零,在产,2024—2026年最后可核实公开时点／再次复核2026-09-28,中,https://www.oxy.com/operations/performance-production/,True,False,23.1614,55.4485,https://www.gem.wiki/Safah/Wadi_Latham_Oil_and_Gas_Field_%28Oman%29,https://www.oxy.com/operations/performance-production/,200,2026-09-30,未取得可展示的本层级产量/产能；不填0,Occidental披露Block 9的主要油田；未披露可核验单田日产量。
阿曼,Khamilah,哈米拉,,field,Block 27 (Oman),原油,,,undisclosed,,,,,,,,[],[],数值缺失；不可估计当前产量,没有当前逐资产实绩；缺失不等于零,在产,2024—2026年最后可核实公开时点／再次复核2026-09-28,中,https://www.oxy.com/operations/performance-production/,True,False,22.7117,56.5162,https://www.gem.wiki/Khamilah_Oil_Field_%28Oman%29,https://www.oxy.com/operations/performance-production/,200,2026-09-30,未取得可展示的本层级产量/产能；不填0,Occidental披露Block 27油田；未披露可核验单田日产量。
阿曼,Wadi Aswad North,瓦迪阿斯瓦德北,,field,,原油,,,undisclosed,,,,,,,,[],[],数值缺失；不可估计当前产量,没有当前逐资产实绩；缺失不等于零,已发现／待商业化,2024—2026年最后可核实公开时点,中,https://www.oxy.com/operations/performance-production/,True,True,21.93501,55.74842,https://mapcarta.com/12444616,https://www.oxy.com/operations/performance-production/,200,2026-09-30,未取得可展示的本层级产量/产能；不填0；代理点；不能当田边界或独立子田坐标,Occidental列为阿曼北部发现油田；未披露可核验持续逐田日产量。
阿曼,Safah North B,萨法北B,,field,,原油,,,undisclosed,,,,,,,,[],[],数值缺失；不可估计当前产量,没有当前逐资产实绩；缺失不等于零,已发现／待商业化,2024—2026年最后可核实公开时点,中,https://www.oxy.com/operations/performance-production/,True,True,23.196323,55.471184,https://www.geonames.org/11864188/safah-oil-field.html,https://www.oxy.com/operations/performance-production/,200,2026-09-30,未取得可展示的本层级产量/产能；不填0；代理点；不能当田边界或独立子田坐标,Occidental列为阿曼北部发现油田；不同于Safah，未披露单田日产量。
阿曼,Block 8 (Oman),8区块（阿曼）,,block,,油气／凝析油,,,undisclosed,,,,,,,,[],[],数值缺失；不可估计当前产量,没有当前逐资产实绩；缺失不等于零,在产,2024—2026年最后可核实公开时点／再次复核2026-09-28,中,https://www.oqep.om/operation,True,False,26.4214,55.9659,https://www.gem.wiki/Hengam_Oil_and_Gas_Field_%28Iran%29,https://www.oqep.om/operation,200,2026-09-30,未取得可展示的本层级产量/产能；不填0,包含West Bukha与Bukha；公开区块合计不拆给单田。
阿曼,Block 7 (Oman),7区块（阿曼）,,block,,油气／凝析油,,,undisclosed,,,,,,,,[],[],数值缺失；不可估计当前产量,没有当前逐资产实绩；缺失不等于零,在产,2024—2026年最后可核实公开时点／再次复核2026-09-28,中,https://www.oqep.om/operation,True,False,20.40786,56.24374,https://mapcarta.com/36266762,https://www.oqep.om/operation,200,2026-09-30,未取得可展示的本层级产量/产能；不填0,Sahma所属区块；未披露可核验区块日产量。
阿曼,Block 60 (Oman),60区块（阿曼）,,block,,油气／凝析油,,,undisclosed,,,,,,,,[],[],数值缺失；不可估计当前产量,没有当前逐资产实绩；缺失不等于零,在产,2025-12-31,高,https://oqep.om/UploadsAll/IRFiles/1781008603725OQEP_2025_Annual_Report.pdf,True,False,21.178,55.8542,https://www.gem.wiki/Bisat_Oil_Field_%28Oman%29,https://www.oqep.om/operation,200,2026-09-30,未取得可展示的本层级产量/产能；不填0,Abu Butabul所属区块；油当量或区块合计不分配给单田。
阿曼,Block 61 (Oman),61区块（阿曼）,,block,,天然气,,,undisclosed,,,,,,,,[],[],数值缺失；不可估计当前产量,没有当前逐资产实绩；缺失不等于零,在产,2024—2026年最后可核实公开时点／再次复核2026-09-28,中,https://www.oqep.om/operation,True,False,21.705,56.4643,https://www.gem.wiki/Khazzan_Oil_and_Gas_Complex_%28Oman%29,https://www.oqep.om/operation,200,2026-09-30,未取得可展示的本层级产量/产能；不填0,包含Khazzan与Ghazeer阶段；天然气或油当量指标不作为原油日产量。
阿曼,West Bukha,西布哈,,field,Block 8 (Oman),原油,,,undisclosed,,,,,,,,[],[],数值缺失；不可估计当前产量,没有当前逐资产实绩；缺失不等于零,在产,2024—2026年最后可核实公开时点／再次复核2026-09-28,中,https://www.oqep.om/operation,True,False,26.4214,55.9659,https://www.gem.wiki/Hengam_Oil_and_Gas_Field_%28Iran%29,https://www.oqep.om/operation,200,2026-09-30,未取得可展示的本层级产量/产能；不填0,OQEP列为Block 8两座生产田之一；与伊朗Hengam同属跨境地质结构，未将区块合计拆为单田产量。
阿曼,Bukha,布哈,,field,Block 8 (Oman),天然气,,,undisclosed,,,,,,,,[],[],数值缺失；不可估计当前产量,没有当前逐资产实绩；缺失不等于零,在产,2024—2026年最后可核实公开时点／再次复核2026-09-28,中,https://www.oqep.om/operation,True,True,26.4214,55.9659,https://www.gem.wiki/Hengam_Oil_and_Gas_Field_%28Iran%29,https://www.oqep.om/operation,200,2026-09-30,未取得可展示的本层级产量/产能；不填0；代理点；不能当田边界或独立子田坐标,OQEP列为Block 8两座生产田之一；不将区块或天然气量充作单田原油日产量。
阿曼,Sahma,萨赫马,,field,Block 7 (Oman),原油,,,undisclosed,,,,,,,,[],[],数值缺失；不可估计当前产量,没有当前逐资产实绩；缺失不等于零,在产,2024—2026年最后可核实公开时点／再次复核2026-09-28,中,https://www.oqep.om/operation,True,False,20.40786,56.24374,https://mapcarta.com/36266762,https://www.oqep.om/operation,200,2026-09-30,未取得可展示的本层级产量/产能；不填0,OQEP Block 48说明列为相邻Block 7生产油田；未披露单田产量。
阿曼,Abu Butabul,阿布布塔布尔,,field,Block 60 (Oman),油气／凝析油,,,undisclosed,,,,,,,,[],[],数值缺失；不可估计当前产量,没有当前逐资产实绩；缺失不等于零,在产,2024—2026年最后可核实公开时点／再次复核2026-09-28,中,https://www.oqep.om/operation,True,False,21.178,55.8542,https://www.gem.wiki/Abu_Butabul_Oil_and_Gas_Field_%28Oman%29,https://www.oqep.om/operation,200,2026-09-30,未取得可展示的本层级产量/产能；不填0,OQEP确认Block 60油气田名称；不把Block 60油当量合计归给该田。
阿曼,Khazzan,哈赞,,field,Block 61 (Oman),天然气,,,undisclosed,,,,,,,,[],[],数值缺失；不可估计当前产量,没有当前逐资产实绩；缺失不等于零,在产,2024—2026年最后可核实公开时点／再次复核2026-09-28,中,https://www.oqep.om/operation,True,False,21.705,56.4643,https://www.gem.wiki/Khazzan_Phase_1_Oil_and_Gas_Field_%28Oman%29,https://www.oqep.om/operation,200,2026-09-30,未取得可展示的本层级产量/产能；不填0,OQEP称为Block 61阶段之一；逐田原油日产量不适用。
阿曼,Ghazeer,加泽尔,Ghazeer (Khazzan Phase 2),field,Block 61 (Oman),天然气,,,undisclosed,,,,,,,,[],[],数值缺失；不可估计当前产量,没有当前逐资产实绩；缺失不等于零,在产,2024—2026年最后可核实公开时点／再次复核2026-09-28,中,https://www.oqep.om/operation,True,False,21.705,56.4643,https://www.gem.wiki/Ghazeer_%28Khazzan_Phase_2%29_Oil_and_Gas_Field_%28Oman%29,https://www.oqep.om/operation,200,2026-09-30,未取得可展示的本层级产量/产能；不填0,OQEP称为Block 61阶段之一；逐田原油日产量不适用。
巴林,Bahrain Field (Awali),巴林／阿瓦利油田,,field,,油气／凝析油,39.5,千桶/日,actual_output,2022年平均,,,,,,,"[{""value"": ""1,647"", ""unit"": ""百万标准立方英尺/日"", ""metric_type"": ""actual_output"", ""commodity"": ""natural_gas"", ""data_date"": ""2022年平均"", ""basis"": ""Bahrain BTR1原报告同一段；不可与原油/凝析油相加"", ""source_url"": ""https://unfccc.int/sites/default/files/resource/30112025_Bahrain%27s_BTR1_2024_to_the_UNFCCC_vSubmitted.pdf""}]",[],保留来源期数据；详见2026-09-30逐行审计，非实时实绩,数值仅对应数据日期；复核日不是观测日，不能视作2026-09-30实绩,在产,2025年运营资料／2026-09-28审计,中,https://unfccc.int/sites/default/files/resource/30112025_Bahrain%27s_BTR1_2024_to_the_UNFCCC_vSubmitted.pdf,True,False,26.07,50.55,,https://unfccc.int/sites/default/files/resource/30112025_Bahrain%27s_BTR1_2024_to_the_UNFCCC_vSubmitted.pdf,200,2026-09-30,非实时数值；只能用于所标日期和口径；继承近似点的独立坐标出处待核,UNFCCC BTR列示2022年原油与凝析油年均产量39.5千桶/日。 原报告39.5千桶/日合计含原油及凝析油，不是纯原油。
巴林,Abu Safah,阿布萨法,,field,,原油,300,千桶/日,capacity,网页未注明基准日（2026-09-27核对）,,,,,,,[],[],保留来源期数据；详见2026-09-30逐行审计，非实时实绩,数值仅对应数据日期；复核日不是观测日，不能视作2026-09-30实绩,在产,2025年运营资料／2026-09-28审计,中,https://www.bapco.net/en/page/crude-and-petroleum-products,True,False,26.02,50.61,,https://www.bapco.net/en/page/crude-and-petroleum-products,200,2026-09-30,非实时数值；只能用于所标日期和口径；继承近似点的独立坐标出处待核,Bapco明确为全油田30万桶/日产能，非实产；巴林与沙特权益各50%，不可按权益数推断实际日产量。
也门,Block 14 (Masila),14区块（马西拉）,,block,,油气／凝析油,,,undisclosed,,,,,,,,[],[],数值缺失；不可估计当前产量,没有当前逐资产实绩；缺失不等于零,暂停生产,2025-12-01／复核至2026-09-28,中,https://en.ypagency.net/377792,True,False,14.47,49.54,,https://mom-ye.com/site-en/,200,2026-09-30,未取得可展示的本层级产量/产能；不填0；继承近似点的独立坐标出处待核,按生产区块记录；冲突环境下缺少可靠连续区块日产量，不能作为单一油田统计。
也门,Block 10 (East Shabwa),10区块（东舍卜瓦）,,block,,油气／凝析油,,,undisclosed,,,,,,,,[],[],数值缺失；不可估计当前产量,没有当前逐资产实绩；缺失不等于零,暂停生产,2025-12-01／复核至2026-09-28,中,https://en.ypagency.net/377792,True,False,14.55,47.54,,https://mom-ye.com/site-en/,200,2026-09-30,未取得可展示的本层级产量/产能；不填0；继承近似点的独立坐标出处待核,按生产区块记录；不是单一油田。
也门,Block 32 (Hawareem),32区块（哈瓦里姆）,,block,,油气／凝析油,,,undisclosed,,,,,,,,[],[],数值缺失；不可估计当前产量,没有当前逐资产实绩；缺失不等于零,未生产,2015-03-31／复核至2026-09-28,中,https://www.dno.no/en/investors/announcements/dno-asa-yemen-operations-update/,True,False,14.32,48.96,,https://mom-ye.com/site-en/,200,2026-09-30,未取得可展示的本层级产量/产能；不填0；继承近似点的独立坐标出处待核,按生产区块记录；PEPA计划列Tasour与Godah为区块内油田。
也门,Tasour,塔苏尔,,field,Block 32 (Hawareem),原油,,,undisclosed,,,,,,,,[],[],数值缺失；不可估计当前产量,没有当前逐资产实绩；缺失不等于零,未生产,2015-03-31／复核至2026-09-28,中,https://www.dno.no/en/investors/announcements/dno-asa-yemen-operations-update/,True,True,14.32,48.96,,https://pepaye.com/production/plan,200,2026-09-30,未取得可展示的本层级产量/产能；不填0；代理点；不能当田边界或独立子田坐标,PEPA计划提及该田生产优化；没有可核验单田日产量。
也门,Godah,戈达,,field,Block 32 (Hawareem),原油,,,undisclosed,,,,,,,,[],[],数值缺失；不可估计当前产量,没有当前逐资产实绩；缺失不等于零,未生产,2015-03-31／复核至2026-09-28,中,https://www.dno.no/en/investors/announcements/dno-asa-yemen-operations-update/,True,True,14.32,48.96,,https://pepaye.com/production/plan,200,2026-09-30,未取得可展示的本层级产量/产能；不填0；代理点；不能当田边界或独立子田坐标,PEPA计划提及该田生产优化；没有可核验单田日产量。
也门,Block 18 (Marib),18区块（马里卜）,,block,,油气／凝析油,,,undisclosed,,,,,,,,[],[],数值缺失；不可估计当前产量,没有当前逐资产实绩；缺失不等于零,在产,运营商网页复核2026-09-28,高,https://sepocye.com/en/DefaultDET.aspx?SUB_ID=81,True,True,15.35,45.05,,https://www.eia.gov/international/content/analysis/countries_long/Yemen/yemen.pdf,200,2026-09-30,未取得可展示的本层级产量/产能；不填0；代理点；不能当田边界或独立子田坐标,区块层级状态；不能下推为区块内每一油田的当期产量。
也门,Alif,阿利夫,,field,Block 18 (Marib),原油,,,undisclosed,,,,,,,,[],[],数值缺失；不可估计当前产量,没有当前逐资产实绩；缺失不等于零,在产,运营商网页复核2026-09-28,高,https://sepocye.com/en/DefaultDET.aspx?SUB_ID=81,True,False,15.35,45.05,,https://mom-ye.com/site-en/,200,2026-09-30,未取得可展示的本层级产量/产能；不填0；继承近似点的独立坐标出处待核,Block 18组成油田；区块层级数据不分配给该田。
也门,Block 5 (Jannah),5区块（詹纳）,,block,,油气／凝析油,50,千桶/日,actual_output,截至2007-01的历史平均,,,,,,,[],[],保留来源期数据；详见2026-09-30逐行审计，非实时实绩,数值仅对应数据日期；复核日不是观测日，不能视作2026-09-30实绩,在产,运营商网页复核2026-09-28,高,https://www.jhocyemen.com/our-operations/,True,False,15.24,45.16,,https://www.pepaye.com/page/67,200,2026-09-30,非实时数值；只能用于所标日期和口径；继承近似点的独立坐标出处待核,PEPA称该区块含5个油田，历史平均产量50千桶/日；这是旧区块合计，不能视为当前产量或分配给区块内单田。
也门,Block S2 (Uqlah),S2区块（乌克拉）,,block,,油气／凝析油,,,undisclosed,,,,,,,,[],[],数值缺失；不可估计当前产量,没有当前逐资产实绩；缺失不等于零,暂停生产,2023年中／报告更新至2025-11,高,https://www.woodmac.com/reports/upstream-oil-and-gas-al-uqlah-block-s2-1303840,True,False,15.3053,46.77715,https://mapcarta.com/W498389053,https://pepaye.com/production/plan,200,2026-09-30,未取得可展示的本层级产量/产能；不填0,Habban所属区块；未取得可靠的当前区块日产量。
也门,Habban,哈班,,field,Block S2 (Uqlah),原油,,,undisclosed,,,,,,,,[],[],数值缺失；不可估计当前产量,没有当前逐资产实绩；缺失不等于零,暂停生产,2023年中／报告更新至2025-11,高,https://www.woodmac.com/reports/upstream-oil-and-gas-al-uqlah-block-s2-1303840,True,False,15.3053,46.77715,https://mapcarta.com/W498389053,https://www.eia.gov/international/content/analysis/countries_long/Yemen/yemen.pdf,200,2026-09-30,未取得可展示的本层级产量/产能；不填0,EIA记载OMV在2018年从S2区块Habban田出口原油；PEPA计划提及Habban CPF。历史出口记录不代表当前持续日产量。
也门,Block 9 (Malik),9区块（马利克）,,block,,油气／凝析油,,,undisclosed,,,,,,,,[],[],数值缺失；不可估计当前产量,没有当前逐资产实绩；缺失不等于零,在产,运营商网页复核2026-09-28,中,https://www.petsec.com.au/operations/yemen-leases/,True,True,15.64275,48.03049,,https://www.eia.gov/international/content/analysis/countries_long/Yemen/yemen.pdf,200,2026-09-30,未取得可展示的本层级产量/产能；不填0；代理点；不能当田边界或独立子田坐标,区块级生产恢复信息；不能据此认定区块内每一田当期均在产或将区块产量分配给单田。
也门,Hiswah (Haswa),希斯瓦（Haswa）,,field,Block 9 (Malik),原油,,,undisclosed,,,,,,,,[],[],数值缺失；不可估计当前产量,没有当前逐资产实绩；缺失不等于零,在产,运营商网页复核2026-09-28,中,https://www.petsec.com.au/operations/yemen-leases/,True,False,15.70337,47.96781,https://mapcarta.com/W498389042,https://pepaye.com/production/plan,200,2026-09-30,未取得可展示的本层级产量/产能；不填0,PEPA 2012计划提到Hiswah田CPU建设，评估清单又作Haswa；按同一田名变体合并登记。区块重启不等于该田有已核实的单田产量。
也门,Alroidhat (Al-Rowedhat),阿尔罗伊达特,,field,Block 9 (Malik),原油,,,undisclosed,,,,,,,,[],[],数值缺失；不可估计当前产量,没有当前逐资产实绩；缺失不等于零,在产,运营商网页复核2026-09-28,中,https://www.petsec.com.au/operations/yemen-leases/,True,False,15.58213,48.09317,https://mapcarta.com/W498389044,https://pepaye.com/production/plan,200,2026-09-30,未取得可展示的本层级产量/产能；不填0,PEPA 2012计划提到Alroidhat输油管线建设，评估清单作AL-rowedhat；保留原拼法变体，未取得单田产量。
也门,Qarn Qeamah,卡恩·基阿马,,field,Block 9 (Malik),原油,,,undisclosed,,,,,,,,[],[],数值缺失；不可估计当前产量,没有当前逐资产实绩；缺失不等于零,已发现／待商业化,运营商网页复核2026-09-28,中,https://www.calvalleypetroleum.com/current-production/,True,True,15.64275,48.03049,,https://pepaye.com/production/plan,200,2026-09-30,未取得可展示的本层级产量/产能；不填0；代理点；不能当田边界或独立子田坐标,PEPA计划列入Block 9地质评估研究；名称已公开，但这不足以证明当前商业生产或单田产量。
叙利亚,Rmeilan Sector One,鲁迈兰第一作业区,,field_group,,原油,70–80,千桶/日,actual_output,2026-02-11采访时点,,,,,,,[],[],保留来源期数据；详见2026-09-30逐行审计，非实时实绩,数值仅对应数据日期；复核日不是观测日，不能视作2026-09-30实绩,在产,2026-02-11／2026-02-22,高,https://www.rudaw.net/english/categories/syria/933427,True,True,37.055,41.980000000000004,,https://www.rudaw.net/english/categories/syria/933427,200,2026-09-30,非实时数值；只能用于所标日期和口径；代理点；不能当田边界或独立子田坐标,负责人称Sector One含Rmeilan、Suwaydiya、Qarachok、Hamza、Alyan、Sazabeh、Ode和Tigris八田；70–80千桶/日为作业区合计，不能分配给单田。另称产能110千桶/日。
叙利亚,Al-Omar,奥马尔,,field,,原油,15,千桶/日,actual_output,2026-02-22,,,,,,,[],[],保留来源期数据；详见2026-09-30逐行审计，非实时实绩,数值仅对应数据日期；复核日不是观测日，不能视作2026-09-30实绩,在产,2026-02-11／2026-02-22,高,https://www.lemonde.fr/en/economy/article/2026/02/22/the-syrian-oil-sector-s-year-zero_6750756_19.html,True,False,35.07,40.6,,https://www.lemonde.fr/en/economy/article/2026/02/22/the-syrian-oil-sector-s-year-zero_6750756_19.html,200,2026-09-30,非实时数值；只能用于所标日期和口径；继承近似点的独立坐标出处待核,记者实地采访运营主任称日产1.5万桶；2026-01-19较早报道约5千桶/日，修复期波动很大。
叙利亚,Al-Tanak,塔纳克,,field,,原油,,,undisclosed,,,,,,,,[],[],数值缺失；不可估计当前产量,没有当前逐资产实绩；缺失不等于零,在产,2026-01-25,高,https://sana.sy/en/economic/2292355/,True,False,35.1,40.34,,https://www.reuters.com/business/energy/shell-seeks-exit-syrias-al-omar-oilfield-official-says-2026-01-19/,401,2026-09-30,未取得可展示的本层级产量/产能；不填0；所引URL自动访问失败或未探测；不代表资产不存在；继承近似点的独立坐标出处待核,
叙利亚,Al-Jafra,贾夫拉,,field,,原油,,,undisclosed,,,,,,,,[],[],数值缺失；不可估计当前产量,没有当前逐资产实绩；缺失不等于零,开发／建设中,2026-01-21,中,https://en.zamanalwsl.net/news/article/70852/,True,False,35.05,40.47,,https://www.reuters.com/business/energy/shell-seeks-exit-syrias-al-omar-oilfield-official-says-2026-01-19/,401,2026-09-30,未取得可展示的本层级产量/产能；不填0；所引URL自动访问失败或未探测；不代表资产不存在；继承近似点的独立坐标出处待核,
叙利亚,Al-Ward,瓦尔德,,field,,原油,,,undisclosed,,,,,,,,[],[],数值缺失；不可估计当前产量,没有当前逐资产实绩；缺失不等于零,在产,2026年资产状态,中,https://www.gem.wiki/Ward_Oil_Field_(Syria),True,False,35.2,40.55,,https://www.reuters.com/business/energy/shell-seeks-exit-syrias-al-omar-oilfield-official-says-2026-01-19/,401,2026-09-30,未取得可展示的本层级产量/产能；不填0；所引URL自动访问失败或未探测；不代表资产不存在；继承近似点的独立坐标出处待核,
叙利亚,Al-Taym,泰姆,,field,,原油,,,undisclosed,,,,,,,,[],[],数值缺失；不可估计当前产量,没有当前逐资产实绩；缺失不等于零,在产,2026-01-26,高,https://sana.sy/en/economic/2292574/,True,False,35.23,40.26,,https://www.reuters.com/business/energy/shell-seeks-exit-syrias-al-omar-oilfield-official-says-2026-01-19/,401,2026-09-30,未取得可展示的本层级产量/产能；不填0；所引URL自动访问失败或未探测；不代表资产不存在；继承近似点的独立坐标出处待核,
叙利亚,Rmeilan,鲁迈兰,,field,Rmeilan Sector One,原油,,,undisclosed,,,,,,,,[],[],数值缺失；不可估计当前产量,没有当前逐资产实绩；缺失不等于零,在产,2026-03-04,高,https://sana.sy/es/economy/2298482/,True,False,37.04,42.03,,https://www.reuters.com/business/energy/shell-seeks-exit-syrias-al-omar-oilfield-official-says-2026-01-19/,401,2026-09-30,未取得可展示的本层级产量/产能；不填0；所引URL自动访问失败或未探测；不代表资产不存在；继承近似点的独立坐标出处待核,
叙利亚,Suwaydiya,苏韦迪耶,,field,Rmeilan Sector One,原油,,,undisclosed,,,,,,,,[],[],数值缺失；不可估计当前产量,没有当前逐资产实绩；缺失不等于零,在产,2026-03-04,高,https://sana.sy/es/economy/2298482/,True,False,37.07,41.93,,https://www.reuters.com/business/energy/shell-seeks-exit-syrias-al-omar-oilfield-official-says-2026-01-19/,401,2026-09-30,未取得可展示的本层级产量/产能；不填0；所引URL自动访问失败或未探测；不代表资产不存在；继承近似点的独立坐标出处待核,
叙利亚,Qarachok,卡拉乔克,,field,Rmeilan Sector One,原油,,,undisclosed,,,,,,,,[],[],数值缺失；不可估计当前产量,没有当前逐资产实绩；缺失不等于零,开发／建设中,2026-08-04／复核2026-09-28,中,https://hknsyria.com/,True,True,37.055,41.980000000000004,,https://www.rudaw.net/english/categories/syria/933427,200,2026-09-30,未取得可展示的本层级产量/产能；不填0；代理点；不能当田边界或独立子田坐标,Rudaw列为鲁迈兰Sector One八个油田之一；报道中的区域日产量与产能是全区合计，不拆给单田。
叙利亚,Hamza,哈姆扎,,field,Rmeilan Sector One,原油,,,undisclosed,,,,,,,,[],[],数值缺失；不可估计当前产量,没有当前逐资产实绩；缺失不等于零,开发／建设中,2026-08-04／复核2026-09-28,中,https://hknsyria.com/,True,True,37.055,41.980000000000004,,https://www.rudaw.net/english/categories/syria/933427,200,2026-09-30,未取得可展示的本层级产量/产能；不填0；代理点；不能当田边界或独立子田坐标,Rudaw列为鲁迈兰Sector One油田；报道中的区域总产能及当期产量不能分配给单田。
叙利亚,Alyan,阿利扬,,field,Rmeilan Sector One,原油,,,undisclosed,,,,,,,,[],[],数值缺失；不可估计当前产量,没有当前逐资产实绩；缺失不等于零,开发／建设中,2026-08-04／复核2026-09-28,中,https://hknsyria.com/,True,True,37.055,41.980000000000004,,https://www.rudaw.net/english/categories/syria/933427,200,2026-09-30,未取得可展示的本层级产量/产能；不填0；代理点；不能当田边界或独立子田坐标,Rudaw列为鲁迈兰Sector One油田；报道中的区域总产能及当期产量不能分配给单田。
叙利亚,Sazabeh,萨扎贝,,field,Rmeilan Sector One,原油,,,undisclosed,,,,,,,,[],[],数值缺失；不可估计当前产量,没有当前逐资产实绩；缺失不等于零,开发／建设中,2026-08-04／复核2026-09-28,中,https://hknsyria.com/,True,True,37.055,41.980000000000004,,https://www.rudaw.net/english/categories/syria/933427,200,2026-09-30,未取得可展示的本层级产量/产能；不填0；代理点；不能当田边界或独立子田坐标,Rudaw列为鲁迈兰Sector One油田；报道中的区域总产能及当期产量不能分配给单田。
叙利亚,Ode,奥德,,field,Rmeilan Sector One,原油,,,undisclosed,,,,,,,,[],[],数值缺失；不可估计当前产量,没有当前逐资产实绩；缺失不等于零,开发／建设中,2026-08-04／复核2026-09-28,中,https://hknsyria.com/,True,True,37.055,41.980000000000004,,https://www.rudaw.net/english/categories/syria/933427,200,2026-09-30,未取得可展示的本层级产量/产能；不填0；代理点；不能当田边界或独立子田坐标,Rudaw列为鲁迈兰Sector One油田；报道中的区域总产能及当期产量不能分配给单田。
叙利亚,Tigris,底格里斯,,field,Rmeilan Sector One,原油,,,undisclosed,,,,,,,,[],[],数值缺失；不可估计当前产量,没有当前逐资产实绩；缺失不等于零,在产,2026-04-09,中,https://sana.sy/es/economy/2304911/,True,True,37.055,41.980000000000004,,https://www.rudaw.net/english/categories/syria/933427,200,2026-09-30,未取得可展示的本层级产量/产能；不填0；代理点；不能当田边界或独立子田坐标,Rudaw列为鲁迈兰Sector One油田；报道中的区域总产能及当期产量不能分配给单田。
以色列,Heletz,赫莱兹,,field,,原油,,,undisclosed,,,,,,,,[],[],数值缺失；不可估计当前产量,没有当前逐资产实绩；缺失不等于零,在产,2022年研究／2026-09-28审计,中,https://prime.energy.gov.il/en/prime.html,True,False,31.57,34.62,,https://prime.energy.gov.il/en/prime.html,200,2026-09-30,未取得可展示的本层级产量/产能；不填0；继承近似点的独立坐标出处待核,当前实际产量和停产状态未获可靠公开确认。
以色列,Meged,梅格德,,field,,原油,,,undisclosed,,,,,,,,[],[],数值缺失；不可估计当前产量,没有当前逐资产实绩；缺失不等于零,在产,运营商网页审计2026-09-28,中,https://www.givot.co.il/en/,True,False,32.28,35.03,,https://prime.energy.gov.il/en/prime.html,200,2026-09-30,未取得可展示的本层级产量/产能；不填0；继承近似点的独立坐标出处待核,
以色列,Leviathan,利维坦,,field,,天然气,"约1,530",百万标准立方英尺/日,capacity,2026-08-12报表批准日；2026年3月管线完工后,,,,,,,"[{""commodity"": ""natural_gas"", ""value"": ""约4.57"", ""unit"": ""十亿立方米"", ""metric_type"": ""sales_volume"", ""data_date"": ""2026上半年；100%气田口径"", ""basis"": ""原半年报PDF第23页直报销售量；不是产量、不是NewMed权益量，未除以181天当日产量"", ""source_url"": ""https://newmedenergy.com/wp-content/uploads/2026/08/FS330062026ACCESSIBLE.pdf""}, {""commodity"": ""condensate"", ""value"": ""约304"", ""unit"": ""千桶"", ""metric_type"": ""sales_volume"", ""data_date"": ""2026上半年；100%气田口径"", ""basis"": ""原半年报PDF第23页直报销售量；不是产量、不是NewMed权益量，未除以181天当日产量"", ""source_url"": ""https://newmedenergy.com/wp-content/uploads/2026/08/FS330062026ACCESSIBLE.pdf""}]",[],原半年报产能附注已核；不得用销售量反推气田实测产量,仅适用于所标观测/规划期；2026-10-01是复核日，不是实绩日,在产,2026-07-06,高,https://www.reuters.com/world/middle-east/israel-launches-tender-search-more-natural-gas-mediterranean-2026-07-06/,True,False,32.58,34.78,,https://newmedenergy.com/wp-content/uploads/2026/08/FS330062026ACCESSIBLE.pdf,未探测,2026-10-01,非实时数值；只能用于所标日期和口径；所引URL自动访问失败或未探测；不代表资产不存在；继承近似点的独立坐标出处待核,PDF第56页最大生产能力约1530 MMscf/d；能力不等于日产实绩。第23页上半年售气4.57 BCM和售凝析油304千桶作为销售量单列。
以色列,Tamar,塔马尔,,field,,天然气,,,undisclosed,,,,,,,,[],[],数值缺失；不可估计当前产量,没有当前逐资产实绩；缺失不等于零,在产,2026-07-06,高,https://www.reuters.com/world/middle-east/israel-launches-tender-search-more-natural-gas-mediterranean-2026-07-06/,True,False,31.99,34.33,,https://prime.energy.gov.il/en/prime.html,200,2026-09-30,未取得可展示的本层级产量/产能；不填0；继承近似点的独立坐标出处待核,气田。
以色列,Karish,卡里什,,field,,天然气,,,undisclosed,,,,,,,,[],[],数值缺失；不可估计当前产量,没有当前逐资产实绩；缺失不等于零,在产,2026-09-09,高,https://www.reuters.com/business/energy/uks-energean-posts-higher-half-year-profit-maintains-output-forecast-after-2026-09-09/,True,False,32.62,33.94,,https://prime.energy.gov.il/en/prime.html,200,2026-09-30,未取得可展示的本层级产量/产能；不填0；继承近似点的独立坐标出处待核,气田。
以色列,Tanin,塔宁,,field,,天然气,,,undisclosed,,,,,,,,[],[],数值缺失；不可估计当前产量,没有当前逐资产实绩；缺失不等于零,开发／建设中,2026-09-28审计,中,https://www.reuters.com/business/energy/energean-invest-12-bln-develop-israel-katlan-gas-project-2024-07-23/,True,False,32.73,34.1,,https://prime.energy.gov.il/en/prime.html,200,2026-09-30,未取得可展示的本层级产量/产能；不填0；继承近似点的独立坐标出处待核,气田。
土耳其,Raman,拉曼,,field,,原油,,,undisclosed,,,,,,,,[],[],数值缺失；不可估计当前产量,没有当前逐资产实绩；缺失不等于零,在产,2025—2026年最后可核实公开时点,中,https://www.tpao.gov.tr/,True,False,37.86,41.16,,https://www.tpao.gov.tr/,418,2026-09-30,未取得可展示的本层级产量/产能；不填0；所引URL自动访问失败或未探测；不代表资产不存在；继承近似点的独立坐标出处待核,
土耳其,Batı Raman,西拉曼,,field,,原油,,,undisclosed,,,,,,,,[],[],数值缺失；不可估计当前产量,没有当前逐资产实绩；缺失不等于零,在产,2025—2026年最后可核实公开时点,中,https://www.tpao.gov.tr/,True,False,37.88,41.05,,https://www.tpao.gov.tr/,418,2026-09-30,未取得可展示的本层级产量/产能；不填0；所引URL自动访问失败或未探测；不代表资产不存在；继承近似点的独立坐标出处待核,
土耳其,Garzan,加尔赞,,field,,原油,,,undisclosed,,,,,,,,[],[],数值缺失；不可估计当前产量,没有当前逐资产实绩；缺失不等于零,在产,2025—2026年最后可核实公开时点,中,https://www.tpao.gov.tr/,True,False,37.75,41.45,,https://www.tpao.gov.tr/,418,2026-09-30,未取得可展示的本层级产量/产能；不填0；所引URL自动访问失败或未探测；不代表资产不存在；继承近似点的独立坐标出处待核,
土耳其,Şelmo,谢尔莫,,field,,原油,,,undisclosed,,,,,,,,[],[],数值缺失；不可估计当前产量,没有当前逐资产实绩；缺失不等于零,在产,2025—2026年最后可核实公开时点,中,https://www.tpao.gov.tr/,True,False,37.77,41.69,,https://www.tpao.gov.tr/,418,2026-09-30,未取得可展示的本层级产量/产能；不填0；所引URL自动访问失败或未探测；不代表资产不存在；继承近似点的独立坐标出处待核,
土耳其,Gabar,加巴尔,,field_group,,原油,约76.6,千桶/日,estimated_daily_average,2026上半年估算日均；181日,,181,,23100000,,0.6,[],[],政府全国量×公布份额÷181日；近似估计，非独立实测,数值仅对应数据日期；复核日不是观测日，不能视作2026-09-30实绩,在产,2025—2026年最后可核实公开时点,中,https://enerji.gov.tr/haber-detay?id=31903,True,False,37.4,42.45,,https://enerji.gov.tr/haber-detay?id=31903,200,2026-09-30,非实时数值；只能用于所标日期和口径；继承近似点的独立坐标出处待核,23.1百万桶×60%÷181÷1000≈76.6千桶/日；总量与份额均有舍入，仅作上半年Gabar区域估算，不能拆到组成田。
埃及,Belayim,贝莱伊姆,,field_group,,原油,105,千桶/日,actual_output,2013年,,,,,,,[],[],保留来源期数据；详见2026-09-30逐行审计，非实时实绩,数值仅对应数据日期；复核日不是观测日，不能视作2026-09-30实绩,在产,2026年资产状态,高,https://www.gem.wiki/Belayim_Marine_%26_Belayim_Land_Oil_Project_(Egypt),True,True,28.6197,33.2076,https://www.gem.wiki/Belayim_Marine_Oil_and_Gas_Field_%28Egypt%29,https://report.eni.com/factbook-2013/en/business-segments/exploration-production/activity-areas/north-africa.html,200,2026-09-30,非实时数值；只能用于所标日期和口径；代理点；不能当田边界或独立子田坐标,Eni报告2013年Belayim约105千桶/日，并列其净额56千桶/日；这是历史数据，不代表当前田级实产。
埃及,Shukheir Offshore (Shukheir Bay),舒凯尔海上（舒凯尔湾）,,field,,原油,,,undisclosed,,,,,,,,[],[],数值缺失；不可估计当前产量,没有当前逐资产实绩；缺失不等于零,在产,FY2025/26／复核2026-09-28,中,https://egyptoil-gas.com/news/osoco-raises-output-to-1-7-mmboe-in-fy-2025-26/,True,True,28.12,33.31,https://eug.petroleum.gov.eg/dp/pages/customcode/MDS_iTabs/information-img/Egypt_Concession_Map.pdf,https://eug.petroleum.gov.eg/dp/jsp/assets/docs/EGPC/2023%20EGPC%20Brownfields%20Overview.pdf,200,2026-09-30,未取得可展示的本层级产量/产能；不填0；代理点；不能当田边界或独立子田坐标,EGPC图示资产面积5平方公里；面积不是储量或产量。
埃及,Shukheir Offshore (Gamma),舒凯尔海上（伽马）,,field,,原油,,,undisclosed,,,,,,,,[],[],数值缺失；不可估计当前产量,没有当前逐资产实绩；缺失不等于零,在产,FY2025/26／复核2026-09-28,中,https://egyptoil-gas.com/news/osoco-raises-output-to-1-7-mmboe-in-fy-2025-26/,True,True,28.12,33.31,https://eug.petroleum.gov.eg/dp/pages/customcode/MDS_iTabs/information-img/Egypt_Concession_Map.pdf,https://eug.petroleum.gov.eg/dp/jsp/assets/docs/EGPC/2023%20EGPC%20Brownfields%20Overview.pdf,200,2026-09-30,未取得可展示的本层级产量/产能；不填0；代理点；不能当田边界或独立子田坐标,EGPC图示资产面积23.7平方公里；面积不是储量或产量。
埃及,Gazwarina,加兹瓦里纳,,field,,原油,,,undisclosed,,,,,,,,[],[],数值缺失；不可估计当前产量,没有当前逐资产实绩；缺失不等于零,在产,FY2025/26／复核2026-09-28,中,https://egyptoil-gas.com/news/osoco-raises-output-to-1-7-mmboe-in-fy-2025-26/,True,True,27.63,33.64,https://eug.petroleum.gov.eg/dp/pages/customcode/MDS_iTabs/information-img/Egypt_Concession_Map.pdf,https://eug.petroleum.gov.eg/dp/jsp/assets/docs/EGPC/2023%20EGPC%20Brownfields%20Overview.pdf,200,2026-09-30,未取得可展示的本层级产量/产能；不填0；代理点；不能当田边界或独立子田坐标,EGPC图示资产面积2.5平方公里；面积不是储量或产量。
埃及,Ras El Ush,拉斯埃尔乌什,,field,,原油,,,undisclosed,,,,,,,,[],[],数值缺失；不可估计当前产量,没有当前逐资产实绩；缺失不等于零,在产,FY2025/26／复核2026-09-28,中,https://egyptoil-gas.com/news/osoco-raises-output-to-1-7-mmboe-in-fy-2025-26/,True,True,27.866667,33.516667,https://www.researchgate.net/publication/342262683,https://eug.petroleum.gov.eg/dp/jsp/assets/docs/EGPC/2023%20EGPC%20Brownfields%20Overview.pdf,200,2026-09-30,未取得可展示的本层级产量/产能；不填0；代理点；不能当田边界或独立子田坐标,EGPC图示资产面积9平方公里；面积不是储量或产量。
埃及,Zeit Bay,宰特湾,,field,,原油,,,undisclosed,,,,,,,,[],[],数值缺失；不可估计当前产量,没有当前逐资产实绩；缺失不等于零,在产,FY2025/26,高,https://egyptoil-gas.com/news/suez-oil-company-increased-proven-reserves-by-3-9-mmbbl/,True,False,27.7182,33.2409,https://www.gem.wiki/Zeit_Bay_Oil_and_Gas_Field_%28Egypt%29,https://eug.petroleum.gov.eg/dp/jsp/assets/docs/EGPC/2023%20EGPC%20Brownfields%20Overview.pdf,200,2026-09-30,未取得可展示的本层级产量/产能；不填0,EGPC图示资产面积38平方公里；面积不是储量或产量。
埃及,Ras Budran,拉斯布德兰,,field,,原油,,,undisclosed,,,,,,,,[],[],数值缺失；不可估计当前产量,没有当前逐资产实绩；缺失不等于零,在产,FY2025/26,高,https://egyptoil-gas.com/news/suez-oil-company-increased-proven-reserves-by-3-9-mmbbl/,True,False,28.934,33.2409,https://www.gem.wiki/Ras_Budran_Oil_and_Gas_Field_%28Egypt%29,https://eug.petroleum.gov.eg/dp/jsp/assets/docs/EGPC/2023%20EGPC%20Brownfields%20Overview.pdf,200,2026-09-30,未取得可展示的本层级产量/产能；不填0,EGPC图示资产面积15平方公里；面积不是储量或产量。
埃及,East Zeit (E. Zeit),东宰特（E. Zeit）,,field,,原油,,,undisclosed,,,,,,,,[],[],数值缺失；不可估计当前产量,没有当前逐资产实绩；缺失不等于零,在产,FY2025/26／复核2026-09-28,中,https://egyptoil-gas.com/news/osoco-raises-output-to-1-7-mmboe-in-fy-2025-26/,True,True,27.84,33.62,https://eug.petroleum.gov.eg/dp/pages/customcode/MDS_iTabs/information-img/Egypt_Concession_Map.pdf,https://eug.petroleum.gov.eg/dp/jsp/assets/docs/EGPC/2023%20EGPC%20Brownfields%20Overview.pdf,200,2026-09-30,未取得可展示的本层级产量/产能；不填0；代理点；不能当田边界或独立子田坐标,EGPC图示资产面积27平方公里；面积不是储量或产量。
埃及,Ashrafi,阿什拉菲,,field,,原油,,,undisclosed,,,,,,,,[],[],数值缺失；不可估计当前产量,没有当前逐资产实绩；缺失不等于零,在产,FY2025/26／复核2026-09-28,中,https://egyptoil-gas.com/news/osoco-raises-output-to-1-7-mmboe-in-fy-2025-26/,True,True,27.78,33.59,https://eug.petroleum.gov.eg/dp/pages/customcode/MDS_iTabs/information-img/Egypt_Concession_Map.pdf,https://eug.petroleum.gov.eg/dp/jsp/assets/docs/EGPC/2023%20EGPC%20Brownfields%20Overview.pdf,200,2026-09-30,未取得可展示的本层级产量/产能；不填0；代理点；不能当田边界或独立子田坐标,EGPC图示资产面积35平方公里；面积不是储量或产量。
埃及,Wadi El Sahl Development Area,瓦迪埃尔萨赫勒开发区,,development_area,,原油,,,undisclosed,,,,,,,,[],[],数值缺失；不可估计当前产量,没有当前逐资产实绩；缺失不等于零,开发／建设中,2025-11-25,高,https://www.egypttoday.com/Article/3/143692/El-Sisi-ratifies-law-on-oil-exploration-and-development-in,True,False,27.17584,33.77484,https://mapcarta.com/13059698,https://eug.petroleum.gov.eg/dp/jsp/assets/docs/EGPC/2023%20EGPC%20Brownfields%20Overview.pdf,200,2026-09-30,未取得可展示的本层级产量/产能；不填0,原资料称Development Area并列面积31平方公里，目录按开发区记录，不将其强行当作单一油田；EGPC包件的剩余储量／增产潜力不拆给单个资产。
伊拉克,Khanuqah,خانوكة,,field,,天然气,,,undisclosed,,,,,,,,[],[],数值缺失；不可估计当前产量,没有当前逐资产实绩；缺失不等于零,历史生产／当前待核,2023参考年；2025-12发布,低,https://eiti.org/sites/default/files/Iraq%202023%20EITI%20Report.docx,False,False,,,,https://eiti.org/sites/default/files/Iraq%202023%20EITI%20Report.docx,200,2026-09-30,未取得可展示的本层级产量/产能；不填0；没有独立核验坐标；仅列目录,EITI 2023表13具名清单；状态仅代表2023参考年，不据此推定2026停复产；逐资产当前产量与坐标未核实。
伊拉克,Khashab,خشاب,,field,,天然气,,,undisclosed,,,,,,,,[],[],数值缺失；不可估计当前产量,没有当前逐资产实绩；缺失不等于零,历史生产／当前待核,2023参考年；2025-12发布,低,https://eiti.org/sites/default/files/Iraq%202023%20EITI%20Report.docx,False,False,,,,https://eiti.org/sites/default/files/Iraq%202023%20EITI%20Report.docx,200,2026-09-30,未取得可展示的本层级产量/产能；不填0；没有独立核验坐标；仅列目录,EITI 2023表13具名清单；状态仅代表2023参考年，不据此推定2026停复产；逐资产当前产量与坐标未核实。
伊拉克,Jawan,جاوان,,field,,原油,,,undisclosed,,,,,,,,[],[],数值缺失；不可估计当前产量,没有当前逐资产实绩；缺失不等于零,历史生产／当前待核,2023参考年；2025-12发布,低,https://eiti.org/sites/default/files/Iraq%202023%20EITI%20Report.docx,False,False,,,,https://eiti.org/sites/default/files/Iraq%202023%20EITI%20Report.docx,200,2026-09-30,未取得可展示的本层级产量/产能；不填0；没有独立核验坐标；仅列目录,EITI 2023表13具名清单；状态仅代表2023参考年，不据此推定2026停复产；逐资产当前产量与坐标未核实。
伊拉克,Ismail,إسماعيل,,field,,原油,,,undisclosed,,,,,,,,[],[],数值缺失；不可估计当前产量,没有当前逐资产实绩；缺失不等于零,历史生产／当前待核,2023参考年；2025-12发布,低,https://eiti.org/sites/default/files/Iraq%202023%20EITI%20Report.docx,False,False,,,,https://eiti.org/sites/default/files/Iraq%202023%20EITI%20Report.docx,200,2026-09-30,未取得可展示的本层级产量/产能；不填0；没有独立核验坐标；仅列目录,EITI 2023表13具名清单；状态仅代表2023参考年，不据此推定2026停复产；逐资产当前产量与坐标未核实。
伊拉克,Qasab,قصب,,field,,原油,,,undisclosed,,,,,,,,[],[],数值缺失；不可估计当前产量,没有当前逐资产实绩；缺失不等于零,历史生产／当前待核,2023参考年；2025-12发布,低,https://eiti.org/sites/default/files/Iraq%202023%20EITI%20Report.docx,False,False,,,,https://eiti.org/sites/default/files/Iraq%202023%20EITI%20Report.docx,200,2026-09-30,未取得可展示的本层级产量/产能；不填0；没有独立核验坐标；仅列目录,EITI 2023表13具名清单；状态仅代表2023参考年，不据此推定2026停复产；逐资产当前产量与坐标未核实。
伊拉克,Makhmur,مخمور,,field,,原油,,,undisclosed,,,,,,,,[],[],数值缺失；不可估计当前产量,没有当前逐资产实绩；缺失不等于零,历史生产／当前待核,2023参考年；2025-12发布,低,https://eiti.org/sites/default/files/Iraq%202023%20EITI%20Report.docx,False,False,,,,https://eiti.org/sites/default/files/Iraq%202023%20EITI%20Report.docx,200,2026-09-30,未取得可展示的本层级产量/产能；不填0；没有独立核验坐标；仅列目录,EITI 2023表13具名清单；状态仅代表2023参考年，不据此推定2026停复产；逐资产当前产量与坐标未核实。
伊拉克,Jadida,جديدة,,field,,原油,,,undisclosed,,,,,,,,[],[],数值缺失；不可估计当前产量,没有当前逐资产实绩；缺失不等于零,历史生产／当前待核,2023参考年；2025-12发布,低,https://eiti.org/sites/default/files/Iraq%202023%20EITI%20Report.docx,False,False,,,,https://eiti.org/sites/default/files/Iraq%202023%20EITI%20Report.docx,200,2026-09-30,未取得可展示的本层级产量/产能；不填0；没有独立核验坐标；仅列目录,EITI 2023表13具名清单；状态仅代表2023参考年，不据此推定2026停复产；逐资产当前产量与坐标未核实。
伊拉克,Qara Chogh,قرة جوق,,field,,原油,,,undisclosed,,,,,,,,[],[],数值缺失；不可估计当前产量,没有当前逐资产实绩；缺失不等于零,历史生产／当前待核,2023参考年；2025-12发布,低,https://eiti.org/sites/default/files/Iraq%202023%20EITI%20Report.docx,False,False,,,,https://eiti.org/sites/default/files/Iraq%202023%20EITI%20Report.docx,200,2026-09-30,未取得可展示的本层级产量/产能；不填0；没有独立核验坐标；仅列目录,EITI 2023表13具名清单；状态仅代表2023参考年，不据此推定2026停复产；逐资产当前产量与坐标未核实。
伊拉克,Pulkhana,بلكانا,,field,,原油,,,undisclosed,,,,,,,,[],[],数值缺失；不可估计当前产量,没有当前逐资产实绩；缺失不等于零,历史生产／当前待核,2023参考年；2025-12发布,低,https://eiti.org/sites/default/files/Iraq%202023%20EITI%20Report.docx,False,False,,,,https://eiti.org/sites/default/files/Iraq%202023%20EITI%20Report.docx,200,2026-09-30,未取得可展示的本层级产量/产能；不填0；没有独立核验坐标；仅列目录,EITI 2023表13具名清单；状态仅代表2023参考年，不据此推定2026停复产；逐资产当前产量与坐标未核实。
伊拉克,Ibrahim,إبراهيم,,field,,原油,,,undisclosed,,,,,,,,[],[],数值缺失；不可估计当前产量,没有当前逐资产实绩；缺失不等于零,历史生产／当前待核,2023参考年；2025-12发布,低,https://eiti.org/sites/default/files/Iraq%202023%20EITI%20Report.docx,False,False,,,,https://eiti.org/sites/default/files/Iraq%202023%20EITI%20Report.docx,200,2026-09-30,未取得可展示的本层级产量/产能；不填0；没有独立核验坐标；仅列目录,EITI 2023表13具名清单；状态仅代表2023参考年，不据此推定2026停复产；逐资产当前产量与坐标未核实。
伊拉克,Alan / Sasan,علان / ساسان,,field_group,,原油,,,undisclosed,,,,,,,,[],[],数值缺失；不可估计当前产量,没有当前逐资产实绩；缺失不等于零,历史生产／当前待核,2023参考年；2025-12发布,低,https://eiti.org/sites/default/files/Iraq%202023%20EITI%20Report.docx,False,False,,,,https://eiti.org/sites/default/files/Iraq%202023%20EITI%20Report.docx,200,2026-09-30,未取得可展示的本层级产量/产能；不填0；没有独立核验坐标；仅列目录,EITI 2023表13具名清单；状态仅代表2023参考年，不据此推定2026停复产；逐资产当前产量与坐标未核实。
伊拉克,Jaria Pika,جاريا بيكة,,field,,天然气,,,undisclosed,,,,,,,,[],[],数值缺失；不可估计当前产量,没有当前逐资产实绩；缺失不等于零,历史生产／当前待核,2023参考年；2025-12发布,低,https://eiti.org/sites/default/files/Iraq%202023%20EITI%20Report.docx,False,False,,,,https://eiti.org/sites/default/files/Iraq%202023%20EITI%20Report.docx,200,2026-09-30,未取得可展示的本层级产量/产能；不填0；没有独立核验坐标；仅列目录,EITI 2023表14具名清单；状态仅代表2023参考年，不据此推定2026停复产；逐资产当前产量与坐标未核实。
伊拉克,Akkas,عكاس,,field,,天然气,,,undisclosed,,,,,,,,[],[],数值缺失；不可估计当前产量,没有当前逐资产实绩；缺失不等于零,历史生产／当前待核,2023参考年；2025-12发布,低,https://eiti.org/sites/default/files/Iraq%202023%20EITI%20Report.docx,False,False,,,,https://eiti.org/sites/default/files/Iraq%202023%20EITI%20Report.docx,200,2026-09-30,未取得可展示的本层级产量/产能；不填0；没有独立核验坐标；仅列目录,EITI 2023表14具名清单；状态仅代表2023参考年，不据此推定2026停复产；逐资产当前产量与坐标未核实。
伊拉克,Mansuriya,المنصورية,Mansuriyah,field,,天然气,,,undisclosed,,,,,,,,[],[],数值缺失；不可估计当前产量,名称/位置复核不证明当前产量；缺失不等于零,历史生产／当前待核,2023参考年；2025-12发布,低,https://eiti.org/sites/default/files/Iraq%202023%20EITI%20Report.docx,True,False,34.109,44.978,https://www.gem.wiki/Mansuriyah_Oil_and_Gas_Field_(Iraq),https://eiti.org/sites/default/files/Iraq%202023%20EITI%20Report.docx,200,2026-10-01,未取得可展示的本层级产量/产能；不填0,EITI 2023表14具名清单；状态仅代表2023参考年，不据此推定2026停复产；逐资产当前产量与坐标未核实。
伊拉克,Nahrawan,النهروان,,field,,原油,,,undisclosed,,,,,,,,[],[],数值缺失；不可估计当前产量,没有当前逐资产实绩；缺失不等于零,历史生产／当前待核,2023参考年；2025-12发布,低,https://eiti.org/sites/default/files/Iraq%202023%20EITI%20Report.docx,False,False,,,,https://eiti.org/sites/default/files/Iraq%202023%20EITI%20Report.docx,200,2026-09-30,未取得可展示的本层级产量/产能；不填0；没有独立核验坐标；仅列目录,EITI 2023表14具名清单；状态仅代表2023参考年，不据此推定2026停复产；逐资产当前产量与坐标未核实。
伊拉克,Tal Ghazal,تل غزال,Tel Gazal,field,,原油,,,undisclosed,,,,,,,,[],[],数值缺失；不可估计当前产量,没有当前逐资产实绩；缺失不等于零,历史生产／当前待核,2023参考年；2025-12发布,低,https://eiti.org/sites/default/files/Iraq%202023%20EITI%20Report.docx,False,False,,,,https://eiti.org/sites/default/files/Iraq%202023%20EITI%20Report.docx,200,2026-09-30,未取得可展示的本层级产量/产能；不填0；没有独立核验坐标；仅列目录,EITI 2023表14具名清单；状态仅代表2023参考年，不据此推定2026停复产；逐资产当前产量与坐标未核实。
伊拉克,Nao Doman,ناو دومان,Nau Doman,field,,原油,,,undisclosed,,,,,,,,[],[],数值缺失；不可估计当前产量,没有当前逐资产实绩；缺失不等于零,历史生产／当前待核,2023参考年；2025-12发布,低,https://eiti.org/sites/default/files/Iraq%202023%20EITI%20Report.docx,False,False,,,,https://eiti.org/sites/default/files/Iraq%202023%20EITI%20Report.docx,200,2026-09-30,未取得可展示的本层级产量/产能；不填0；没有独立核验坐标；仅列目录,EITI 2023表14具名清单；状态仅代表2023参考年，不据此推定2026停复产；逐资产当前产量与坐标未核实。
伊拉克,Marjan (Iraq),مرجان,Merjan,field,,原油,,,undisclosed,,,,,,,,[],[],数值缺失；不可估计当前产量,名称/位置复核不证明当前产量；缺失不等于零,历史生产／当前待核,2023参考年；2025-12发布,低,https://eiti.org/sites/default/files/Iraq%202023%20EITI%20Report.docx,True,False,32.393,43.693,https://www.gem.wiki/Merjan_Oil_Field_(Iraq),https://eiti.org/sites/default/files/Iraq%202023%20EITI%20Report.docx,200,2026-10-01,未取得可展示的本层级产量/产能；不填0,EITI 2023表14具名清单；状态仅代表2023参考年，不据此推定2026停复产；逐资产当前产量与坐标未核实。
伊拉克,Kifl,الكفل,,field,,原油,,,undisclosed,,,,,,,,[],[],数值缺失；不可估计当前产量,没有当前逐资产实绩；缺失不等于零,历史生产／当前待核,2023参考年；2025-12发布,低,https://eiti.org/sites/default/files/Iraq%202023%20EITI%20Report.docx,False,False,,,,https://eiti.org/sites/default/files/Iraq%202023%20EITI%20Report.docx,200,2026-09-30,未取得可展示的本层级产量/产能；不填0；没有独立核验坐标；仅列目录,EITI 2023表14具名清单；状态仅代表2023参考年，不据此推定2026停复产；逐资产当前产量与坐标未核实。
伊拉克,West Kifl,غرب الكفل,,field,,原油,,,undisclosed,,,,,,,,[],[],数值缺失；不可估计当前产量,没有当前逐资产实绩；缺失不等于零,历史生产／当前待核,2023参考年；2025-12发布,低,https://eiti.org/sites/default/files/Iraq%202023%20EITI%20Report.docx,False,False,,,,https://eiti.org/sites/default/files/Iraq%202023%20EITI%20Report.docx,200,2026-09-30,未取得可展示的本层级产量/产能；不填0；没有独立核验坐标；仅列目录,EITI 2023表14具名清单；状态仅代表2023参考年，不据此推定2026停复产；逐资产当前产量与坐标未核实。
伊拉克,Block 8 (Iraq),الرقعة الثامنة,,block,,原油,,,undisclosed,,,,,,,,[],[],数值缺失；不可估计当前产量,没有当前逐资产实绩；缺失不等于零,历史生产／当前待核,2023参考年；2025-12发布,低,https://eiti.org/sites/default/files/Iraq%202023%20EITI%20Report.docx,False,False,,,,https://eiti.org/sites/default/files/Iraq%202023%20EITI%20Report.docx,200,2026-09-30,未取得可展示的本层级产量/产能；不填0；没有独立核验坐标；仅列目录,EITI 2023表14具名清单；状态仅代表2023参考年，不据此推定2026停复产；逐资产当前产量与坐标未核实。
伊拉克,Injana / Khashm Al-Ahmar,إنجانة / خشم الأحمر,,field,,油气／凝析油,,,undisclosed,,,,,,,,[],[],数值缺失；不可估计当前产量,没有当前逐资产实绩；缺失不等于零,历史生产／当前待核,2023参考年；2025-12发布,低,https://eiti.org/sites/default/files/Iraq%202023%20EITI%20Report.docx,False,False,,,,https://eiti.org/sites/default/files/Iraq%202023%20EITI%20Report.docx,200,2026-09-30,未取得可展示的本层级产量/产能；不填0；没有独立核验坐标；仅列目录,EITI 2023表14具名清单；状态仅代表2023参考年，不据此推定2026停复产；逐资产当前产量与坐标未核实。
伊拉克,East Baghdad (Rashidiya),شرقي بغداد (الراشدية),,development_area,,原油,,,undisclosed,,,,,,,,[],[],数值缺失；不可估计当前产量,没有当前逐资产实绩；缺失不等于零,历史生产／当前待核,2023参考年；2025-12发布,低,https://eiti.org/sites/default/files/Iraq%202023%20EITI%20Report.docx,False,False,,,,https://eiti.org/sites/default/files/Iraq%202023%20EITI%20Report.docx,200,2026-09-30,未取得可展示的本层级产量/产能；不填0；没有独立核验坐标；仅列目录,EITI 2023表14具名清单；状态仅代表2023参考年，不据此推定2026停复产；逐资产当前产量与坐标未核实。
伊拉克,Middle Euphrates,الفرات الأوسط,,development_area,,油气／凝析油,,,undisclosed,,,,,,,,[],[],数值缺失；不可估计当前产量,没有当前逐资产实绩；缺失不等于零,历史生产／当前待核,2023参考年；2025-12发布,低,https://eiti.org/sites/default/files/Iraq%202023%20EITI%20Report.docx,False,False,,,,https://eiti.org/sites/default/files/Iraq%202023%20EITI%20Report.docx,200,2026-09-30,未取得可展示的本层级产量/产能；不填0；没有独立核验坐标；仅列目录,EITI 2023表14具名清单；状态仅代表2023参考年，不据此推定2026停复产；逐资产当前产量与坐标未核实。
伊拉克,Khalisiya,خليصية,,block,,原油,,,undisclosed,,,,,,,,[],[],数值缺失；不可估计当前产量,没有当前逐资产实绩；缺失不等于零,历史生产／当前待核,2023参考年；2025-12发布,低,https://eiti.org/sites/default/files/Iraq%202023%20EITI%20Report.docx,False,False,,,,https://eiti.org/sites/default/files/Iraq%202023%20EITI%20Report.docx,200,2026-09-30,未取得可展示的本层级产量/产能；不填0；没有独立核验坐标；仅列目录,EITI 2023表14具名清单；状态仅代表2023参考年，不据此推定2026停复产；逐资产当前产量与坐标未核实。
伊拉克,Zurbatiya,زرباطية,,development_area,,油气／凝析油,,,undisclosed,,,,,,,,[],[],数值缺失；不可估计当前产量,没有当前逐资产实绩；缺失不等于零,历史生产／当前待核,2023参考年；2025-12发布,低,https://eiti.org/sites/default/files/Iraq%202023%20EITI%20Report.docx,False,False,,,,https://eiti.org/sites/default/files/Iraq%202023%20EITI%20Report.docx,200,2026-09-30,未取得可展示的本层级产量/产能；不填0；没有独立核验坐标；仅列目录,EITI 2023表14具名清单；状态仅代表2023参考年，不据此推定2026停复产；逐资产当前产量与坐标未核实。
伊拉克,Block 7 (Iraq),الرقعة الإستكشافية السابعة,,block,,原油,,,undisclosed,,,,,,,,[],[],数值缺失；不可估计当前产量,没有当前逐资产实绩；缺失不等于零,历史生产／当前待核,2023参考年；2025-12发布,低,https://eiti.org/sites/default/files/Iraq%202023%20EITI%20Report.docx,False,False,,,,https://eiti.org/sites/default/files/Iraq%202023%20EITI%20Report.docx,200,2026-09-30,未取得可展示的本层级产量/产能；不填0；没有独立核验坐标；仅列目录,EITI 2023表14具名清单；状态仅代表2023参考年，不据此推定2026停复产；逐资产当前产量与坐标未核实。
伊拉克,Dhifriya,ظفرية,,field,,原油,,,undisclosed,,,,,,,,[],[],数值缺失；不可估计当前产量,没有当前逐资产实绩；缺失不等于零,历史生产／当前待核,2023参考年；2025-12发布,低,https://eiti.org/sites/default/files/Iraq%202023%20EITI%20Report.docx,False,False,,,,https://eiti.org/sites/default/files/Iraq%202023%20EITI%20Report.docx,200,2026-09-30,未取得可展示的本层级产量/产能；不填0；没有独立核验坐标；仅列目录,EITI 2023表14具名清单；状态仅代表2023参考年，不据此推定2026停复产；逐资产当前产量与坐标未核实。
伊拉克,Qarnain,قرنين,,field,,原油,,,undisclosed,,,,,,,,[],[],数值缺失；不可估计当前产量,没有当前逐资产实绩；缺失不等于零,历史生产／当前待核,2023参考年；2025-12发布,低,https://eiti.org/sites/default/files/Iraq%202023%20EITI%20Report.docx,False,False,,,,https://eiti.org/sites/default/files/Iraq%202023%20EITI%20Report.docx,200,2026-09-30,未取得可展示的本层级产量/产能；不填0；没有独立核验坐标；仅列目录,EITI 2023表14具名清单；状态仅代表2023参考年，不据此推定2026停复产；逐资产当前产量与坐标未核实。
伊拉克,Missan Fields,حقول ميسان (بزركان، فكة، أبو غرب),,field_group,,原油,221.0,千桶/日,derived_daily_average,2021年历史日均（全年365日）,80650634,365,PCLD年度报送；表58,,,,[],[],原始年度量及日均公式已复核（历史）,数值仅对应数据日期；复核日不是观测日，不能视作2026-09-30实绩,历史生产／当前待核,2023参考年；2025-12发布,低,https://eiti.org/sites/default/files/Iraq%202023%20EITI%20Report.docx,True,True,32.14533333333333,47.39933333333334,,https://eiti.org/sites/default/files/2024-01/Iraq%202021%20EITI%20Report.pdf,200,2026-09-30,非实时数值；只能用于所标日期和口径；代理点；不能当田边界或独立子田坐标,"EITI 2021 PCLD表58年产80,650,634桶÷365日÷1000，四舍五入至0.1千桶/日；历史全年日均，不能解释为当前日产量。三个组成田合计，不能拆给Fakkah、Bazerkan、Abu Gharb。"
伊拉克,Kumait,كميت,,field,,原油,,,undisclosed,,,,,,,,[],[],数值缺失；不可估计当前产量,没有当前逐资产实绩；缺失不等于零,历史生产／当前待核,2023参考年；2025-12发布,低,https://eiti.org/sites/default/files/Iraq%202023%20EITI%20Report.docx,False,False,,,,https://eiti.org/sites/default/files/Iraq%202023%20EITI%20Report.docx,200,2026-09-30,未取得可展示的本层级产量/产能；不填0；没有独立核验坐标；仅列目录,EITI 2023表15具名清单；状态仅代表2023参考年，不据此推定2026停复产；逐资产当前产量与坐标未核实。
伊拉克,Dujaila,دجيلة,,field,,原油,,,undisclosed,,,,,,,,[],[],数值缺失；不可估计当前产量,没有当前逐资产实绩；缺失不等于零,历史生产／当前待核,2023参考年；2025-12发布,低,https://eiti.org/sites/default/files/Iraq%202023%20EITI%20Report.docx,False,False,,,,https://eiti.org/sites/default/files/Iraq%202023%20EITI%20Report.docx,200,2026-09-30,未取得可展示的本层级产量/产能；不填0；没有独立核验坐标；仅列目录,EITI 2023表15具名清单；状态仅代表2023参考年，不据此推定2026停复产；逐资产当前产量与坐标未核实。
伊拉克,Rifai,رفاعي,,field,,原油,,,undisclosed,,,,,,,,[],[],数值缺失；不可估计当前产量,没有当前逐资产实绩；缺失不等于零,历史生产／当前待核,2023参考年；2025-12发布,低,https://eiti.org/sites/default/files/Iraq%202023%20EITI%20Report.docx,False,False,,,,https://eiti.org/sites/default/files/Iraq%202023%20EITI%20Report.docx,200,2026-09-30,未取得可展示的本层级产量/产能；不填0；没有独立核验坐标；仅列目录,EITI 2023表15具名清单；状态仅代表2023参考年，不据此推定2026停复产；逐资产当前产量与坐标未核实。
伊拉克,Huwaiza,الحويزة,,field,,原油,,,undisclosed,,,,,,,,[],[],数值缺失；不可估计当前产量,没有当前逐资产实绩；缺失不等于零,历史生产／当前待核,2023参考年；2025-12发布,低,https://eiti.org/sites/default/files/Iraq%202023%20EITI%20Report.docx,False,False,,,,https://eiti.org/sites/default/files/Iraq%202023%20EITI%20Report.docx,200,2026-09-30,未取得可展示的本层级产量/产能；不填0；没有独立核验坐标；仅列目录,EITI 2023表15具名清单；状态仅代表2023参考年，不据此推定2026停复产；逐资产当前产量与坐标未核实。
伊拉克,Dima,ديما,,field,,原油,,,undisclosed,,,,,,,,[],[],数值缺失；不可估计当前产量,没有当前逐资产实绩；缺失不等于零,历史生产／当前待核,2023参考年；2025-12发布,低,https://eiti.org/sites/default/files/Iraq%202023%20EITI%20Report.docx,False,False,,,,https://eiti.org/sites/default/files/Iraq%202023%20EITI%20Report.docx,200,2026-09-30,未取得可展示的本层级产量/产能；不填0；没有独立核验坐标；仅列目录,EITI 2023表15具名清单；状态仅代表2023参考年，不据此推定2026停复产；逐资产当前产量与坐标未核实。
伊拉克,Abu Amood,أبو عامود,,field,,原油,,,undisclosed,,,,,,,,[],[],数值缺失；不可估计当前产量,没有当前逐资产实绩；缺失不等于零,历史生产／当前待核,2023参考年；2025-12发布,低,https://eiti.org/sites/default/files/Iraq%202023%20EITI%20Report.docx,False,False,,,,https://eiti.org/sites/default/files/Iraq%202023%20EITI%20Report.docx,200,2026-09-30,未取得可展示的本层级产量/产能；不填0；没有独立核验坐标；仅列目录,EITI 2023表16具名清单；状态仅代表2023参考年，不据此推定2026停复产；逐资产当前产量与坐标未核实。
伊拉克,Sumer,سومر,,field,,原油,,,undisclosed,,,,,,,,[],[],数值缺失；不可估计当前产量,没有当前逐资产实绩；缺失不等于零,历史生产／当前待核,2023参考年；2025-12发布,低,https://eiti.org/sites/default/files/Iraq%202023%20EITI%20Report.docx,False,False,,,,https://eiti.org/sites/default/files/Iraq%202023%20EITI%20Report.docx,200,2026-09-30,未取得可展示的本层级产量/产能；不填0；没有独立核验坐标；仅列目录,EITI 2023表16具名清单；状态仅代表2023参考年，不据此推定2026停复产；逐资产当前产量与坐标未核实。
伊拉克,Adan,عدان,,field,,原油,,,undisclosed,,,,,,,,[],[],数值缺失；不可估计当前产量,没有当前逐资产实绩；缺失不等于零,历史生产／当前待核,2023参考年；2025-12发布,低,https://eiti.org/sites/default/files/Iraq%202023%20EITI%20Report.docx,False,False,,,,https://eiti.org/sites/default/files/Iraq%202023%20EITI%20Report.docx,200,2026-09-30,未取得可展示的本层级产量/产能；不填0；没有独立核验坐标；仅列目录,EITI 2023表16具名清单；状态仅代表2023参考年，不据此推定2026停复产；逐资产当前产量与坐标未核实。
伊拉克,Abu Khaimah,أبو خيمة,,field,,原油,,,undisclosed,,,,,,,,[],[],数值缺失；不可估计当前产量,没有当前逐资产实绩；缺失不等于零,历史生产／当前待核,2023参考年；2025-12发布,低,https://eiti.org/sites/default/files/Iraq%202023%20EITI%20Report.docx,False,False,,,,https://eiti.org/sites/default/files/Iraq%202023%20EITI%20Report.docx,200,2026-09-30,未取得可展示的本层级产量/产能；不填0；没有独立核验坐标；仅列目录,EITI 2023表16具名清单；状态仅代表2023参考年，不据此推定2026停复产；逐资产当前产量与坐标未核实。
伊拉克,Siba,السيبة,,field,,天然气,,,undisclosed,,,,,,,,[],[],数值缺失；不可估计当前产量,没有当前逐资产实绩；缺失不等于零,历史生产／当前待核,2023参考年；2025-12发布,低,https://eiti.org/sites/default/files/Iraq%202023%20EITI%20Report.docx,False,False,,,,https://eiti.org/sites/default/files/Iraq%202023%20EITI%20Report.docx,200,2026-09-30,未取得可展示的本层级产量/产能；不填0；没有独立核验坐标；仅列目录,EITI 2023表17具名清单；状态仅代表2023参考年，不据此推定2026停复产；逐资产当前产量与坐标未核实。
伊拉克,Rachi,راتشي,,field,,原油,,,undisclosed,,,,,,,,[],[],数值缺失；不可估计当前产量,没有当前逐资产实绩；缺失不等于零,历史生产／当前待核,2023参考年；2025-12发布,低,https://eiti.org/sites/default/files/Iraq%202023%20EITI%20Report.docx,False,False,,,,https://eiti.org/sites/default/files/Iraq%202023%20EITI%20Report.docx,200,2026-09-30,未取得可展示的本层级产量/产能；不填0；没有独立核验坐标；仅列目录,EITI 2023表17具名清单；状态仅代表2023参考年，不据此推定2026停复产；逐资产当前产量与坐标未核实。
伊拉克,Jraishan,جريشان,,field,,原油,,,undisclosed,,,,,,,,[],[],数值缺失；不可估计当前产量,没有当前逐资产实绩；缺失不等于零,历史生产／当前待核,2023参考年；2025-12发布,低,https://eiti.org/sites/default/files/Iraq%202023%20EITI%20Report.docx,False,False,,,,https://eiti.org/sites/default/files/Iraq%202023%20EITI%20Report.docx,200,2026-09-30,未取得可展示的本层级产量/产能；不填0；没有独立核验坐标；仅列目录,EITI 2023表17具名清单；状态仅代表2023参考年，不据此推定2026停复产；逐资产当前产量与坐标未核实。
伊拉克,Samawa,السماوة,,field,,原油,,,undisclosed,,,,,,,,[],[],数值缺失；不可估计当前产量,没有当前逐资产实绩；缺失不等于零,历史生产／当前待核,2023参考年；2025-12发布,低,https://eiti.org/sites/default/files/Iraq%202023%20EITI%20Report.docx,False,False,,,,https://eiti.org/sites/default/files/Iraq%202023%20EITI%20Report.docx,200,2026-09-30,未取得可展示的本层级产量/产能；不填0；没有独立核验坐标；仅列目录,EITI 2023表17具名清单；状态仅代表2023参考年，不据此推定2026停复产；逐资产当前产量与坐标未核实。
伊拉克,Block 12 (Iraq),الرقعة 12,,block,,原油,,,undisclosed,,,,,,,,[],[],数值缺失；不可估计当前产量,没有当前逐资产实绩；缺失不等于零,历史生产／当前待核,2023参考年；2025-12发布,低,https://eiti.org/sites/default/files/Iraq%202023%20EITI%20Report.docx,False,False,,,,https://eiti.org/sites/default/files/Iraq%202023%20EITI%20Report.docx,200,2026-09-30,未取得可展示的本层级产量/产能；不填0；没有独立核验坐标；仅列目录,EITI 2023表17具名清单；状态仅代表2023参考年，不据此推定2026停复产；逐资产当前产量与坐标未核实。
伊拉克,Khudr Al-May,خضر الماي,,development_area,,油气／凝析油,,,undisclosed,,,,,,,,[],[],数值缺失；不可估计当前产量,没有当前逐资产实绩；缺失不等于零,历史生产／当前待核,2023参考年；2025-12发布,低,https://eiti.org/sites/default/files/Iraq%202023%20EITI%20Report.docx,False,False,,,,https://eiti.org/sites/default/files/Iraq%202023%20EITI%20Report.docx,200,2026-09-30,未取得可展示的本层级产量/产能；不填0；没有独立核验坐标；仅列目录,EITI 2023表17具名清单；状态仅代表2023参考年，不据此推定2026停复产；逐资产当前产量与坐标未核实。
伊拉克,Fao,فاو,,development_area,,油气／凝析油,,,undisclosed,,,,,,,,[],[],数值缺失；不可估计当前产量,没有当前逐资产实绩；缺失不等于零,历史生产／当前待核,2023参考年；2025-12发布,低,https://eiti.org/sites/default/files/Iraq%202023%20EITI%20Report.docx,False,False,,,,https://eiti.org/sites/default/files/Iraq%202023%20EITI%20Report.docx,200,2026-09-30,未取得可展示的本层级产量/产能；不填0；没有独立核验坐标；仅列目录,EITI 2023表17具名清单；状态仅代表2023参考年，不据此推定2026停复产；逐资产当前产量与坐标未核实。
伊拉克,Jabal Sanam,جبل سنام,,development_area,,油气／凝析油,,,undisclosed,,,,,,,,[],[],数值缺失；不可估计当前产量,没有当前逐资产实绩；缺失不等于零,历史生产／当前待核,2023参考年；2025-12发布,低,https://eiti.org/sites/default/files/Iraq%202023%20EITI%20Report.docx,False,False,,,,https://eiti.org/sites/default/files/Iraq%202023%20EITI%20Report.docx,200,2026-09-30,未取得可展示的本层级产量/产能；不填0；没有独立核验坐标；仅列目录,EITI 2023表17具名清单；状态仅代表2023参考年，不据此推定2026停复产；逐资产当前产量与坐标未核实。
伊拉克,Sinbad,السندباد,,field,,原油,,,undisclosed,,,,,,,,[],[],数值缺失；不可估计当前产量,没有当前逐资产实绩；缺失不等于零,历史生产／当前待核,2023参考年；2025-12发布,低,https://eiti.org/sites/default/files/Iraq%202023%20EITI%20Report.docx,False,False,,,,https://eiti.org/sites/default/files/Iraq%202023%20EITI%20Report.docx,200,2026-09-30,未取得可展示的本层级产量/产能；不填0；没有独立核验坐标；仅列目录,EITI 2023表17具名清单；状态仅代表2023参考年，不据此推定2026停复产；逐资产当前产量与坐标未核实。
伊拉克,Baba Dome,巴巴穹隆,,development_area,Kirkuk,原油,73.5,千桶/日,derived_daily_average,2021年历史日均（全年365日）,26822678,365,NOC年度报送；表57,,,,[],[],原始年度量及日均公式已复核（历史）,数值仅对应数据日期；复核日不是观测日，不能视作2026-09-30实绩,历史生产／当前待核,2021参考年,低,https://eiti.org/sites/default/files/2024-01/Iraq%202021%20EITI%20Report.pdf,True,True,35.47,44.39,,https://eiti.org/sites/default/files/2024-01/Iraq%202021%20EITI%20Report.pdf,200,2026-09-30,非实时数值；只能用于所标日期和口径；代理点；不能当田边界或独立子田坐标,"EITI 2021 NOC表57年产26,822,678桶÷365日÷1000，四舍五入至0.1千桶/日；历史全年日均，不能解释为当前日产量。"
伊拉克,Avana Dome,阿瓦纳穹隆,,development_area,Kirkuk,原油,34.4,千桶/日,derived_daily_average,2021年历史日均（全年365日）,12542338,365,NOC年度报送；表57,,,,[],[],原始年度量及日均公式已复核（历史）,数值仅对应数据日期；复核日不是观测日，不能视作2026-09-30实绩,历史生产／当前待核,2021参考年,低,https://eiti.org/sites/default/files/2024-01/Iraq%202021%20EITI%20Report.pdf,True,True,35.47,44.39,,https://eiti.org/sites/default/files/2024-01/Iraq%202021%20EITI%20Report.pdf,200,2026-09-30,非实时数值；只能用于所标日期和口径；代理点；不能当田边界或独立子田坐标,"EITI 2021 NOC表57年产12,542,338桶÷365日÷1000，四舍五入至0.1千桶/日；历史全年日均，不能解释为当前日产量。"
伊朗,Belal,Belal,,field,,天然气,,,undisclosed,,,,,,,,[],[],数值缺失；不可估计当前产量,没有当前逐资产实绩；缺失不等于零,历史生产／当前待核,2024-10报告,低,https://www.eia.gov/international/content/analysis/countries_long/Iran/pdf/Iran%20CAB%202024.pdf,False,False,,,,https://www.eia.gov/international/content/analysis/countries_long/Iran/pdf/Iran%20CAB%202024.pdf,200,2026-09-30,未取得可展示的本层级产量/产能；不填0；没有独立核验坐标；仅列目录,EIA 2024第8—9页计划气田；启动年份为当时预测，2026实际进度待核。未将计划能力作为产量。
伊朗,Farzad A,Farzad A,,field,,天然气,365,十亿立方英尺/年,target_capacity,2024年10月EIA历史规划表；非全年产量,,,,,,,[],[],政府原报告计划表已核；历史规划能力，不能证明投产或实际产量,仅适用于所标观测/规划期；2026-10-01是复核日，不是实绩日,历史生产／当前待核,2024-10报告,低,https://www.eia.gov/international/content/analysis/countries_long/Iran/pdf/Iran%20CAB%202024.pdf,False,False,,,,https://www.eia.gov/international/content/analysis/countries_long/Iran/pdf/Iran%20CAB%202024.pdf,200,2026-10-01,非实时数值；只能用于所标日期和口径；没有独立核验坐标；仅列目录,EIA PDF第10页规划能力表；原表分别365，非组合730平均拆分。保留原年能力单位，不除以365伪装日均实产；当前项目进度另待核。
伊朗,Farzad B,Farzad B,,field,,天然气,365,十亿立方英尺/年,target_capacity,2024年10月EIA历史规划表；非全年产量,,,,,,,[],[],政府原报告计划表已核；历史规划能力，不能证明投产或实际产量,仅适用于所标观测/规划期；2026-10-01是复核日，不是实绩日,历史生产／当前待核,2024-10报告,低,https://www.eia.gov/international/content/analysis/countries_long/Iran/pdf/Iran%20CAB%202024.pdf,False,False,,,,https://www.eia.gov/international/content/analysis/countries_long/Iran/pdf/Iran%20CAB%202024.pdf,200,2026-10-01,非实时数值；只能用于所标日期和口径；没有独立核验坐标；仅列目录,EIA PDF第10页规划能力表；原表分别365，非组合730平均拆分。保留原年能力单位，不除以365伪装日均实产；当前项目进度另待核。
伊朗,Kish,Kish,,field,,天然气,"1,095",十亿立方英尺/年,target_capacity,2024年10月EIA历史规划表；非全年产量,,,,,,,[],[],政府原报告计划表已核；历史规划能力，不能证明投产或实际产量,仅适用于所标观测/规划期；2026-10-01是复核日，不是实绩日,历史生产／当前待核,2024-10报告,低,https://www.eia.gov/international/content/analysis/countries_long/Iran/pdf/Iran%20CAB%202024.pdf,False,False,,,,https://www.eia.gov/international/content/analysis/countries_long/Iran/pdf/Iran%20CAB%202024.pdf,200,2026-10-01,非实时数值；只能用于所标日期和口径；没有独立核验坐标；仅列目录,EIA PDF第10页规划能力表；三期整体；首期365，整体不套给首期。保留原年能力单位，不除以365伪装日均实产；当前项目进度另待核。
伊朗,North Pars,North Pars,,field,,天然气,"1,460",十亿立方英尺/年,target_capacity,2024年10月EIA历史规划表；非全年产量,,,,,,,[],[],政府原报告计划表已核；历史规划能力，不能证明投产或实际产量,仅适用于所标观测/规划期；2026-10-01是复核日，不是实绩日,历史生产／当前待核,2024-10报告,低,https://www.eia.gov/international/content/analysis/countries_long/Iran/pdf/Iran%20CAB%202024.pdf,False,False,,,,https://www.eia.gov/international/content/analysis/countries_long/Iran/pdf/Iran%20CAB%202024.pdf,200,2026-10-01,非实时数值；只能用于所标日期和口径；没有独立核验坐标；仅列目录,EIA PDF第10页规划能力表；四期整体；截至2024年中无进展。保留原年能力单位，不除以365伪装日均实产；当前项目进度另待核。
伊朗,Khartang,Khartang,,field,,天然气,256,十亿立方英尺/年,target_capacity,2024年10月EIA历史规划表；非全年产量,,,,,,,[],[],政府原报告计划表已核；历史规划能力，不能证明投产或实际产量,仅适用于所标观测/规划期；2026-10-01是复核日，不是实绩日,历史生产／当前待核,2024-10报告,低,https://www.eia.gov/international/content/analysis/countries_long/Iran/pdf/Iran%20CAB%202024.pdf,False,False,,,,https://www.eia.gov/international/content/analysis/countries_long/Iran/pdf/Iran%20CAB%202024.pdf,200,2026-10-01,非实时数值；只能用于所标日期和口径；没有独立核验坐标；仅列目录,EIA PDF第10页规划能力表；原表计划最早2026，未核实现。保留原年能力单位，不除以365伪装日均实产；当前项目进度另待核。
伊朗,Gardan,Gardan,,field,,天然气,102,十亿立方英尺/年,target_capacity,2024年10月EIA历史规划表；非全年产量,,,,,,,[],[],政府原报告计划表已核；历史规划能力，不能证明投产或实际产量,仅适用于所标观测/规划期；2026-10-01是复核日，不是实绩日,历史生产／当前待核,2024-10报告,低,https://www.eia.gov/international/content/analysis/countries_long/Iran/pdf/Iran%20CAB%202024.pdf,False,False,,,,https://www.eia.gov/international/content/analysis/countries_long/Iran/pdf/Iran%20CAB%202024.pdf,200,2026-10-01,非实时数值；只能用于所标日期和口径；没有独立核验坐标；仅列目录,EIA PDF第10页规划能力表；原表计划最早2029，非现时预测。保留原年能力单位，不除以365伪装日均实产；当前项目进度另待核。
伊朗,Day,Day,Dey,field,,天然气,,,undisclosed,,,,,,,,[],[],数值缺失；不可估计当前产量,名称/位置复核不证明当前产量；缺失不等于零,历史生产／当前待核,2024-10报告,低,https://www.eia.gov/international/content/analysis/countries_long/Iran/pdf/Iran%20CAB%202024.pdf,True,False,28.29,52.5,https://www.gem.wiki/Dey_Gas_Field_(Iran),https://www.eia.gov/international/content/analysis/countries_long/Iran/pdf/Iran%20CAB%202024.pdf,200,2026-10-01,未取得可展示的本层级产量/产能；不填0,EIA 2024第8—9页计划气田；启动年份为当时预测，2026实际进度待核。未将计划能力作为产量。
伊朗,Sefid Zakhur,Sefid Zakhur,,field,,天然气,,,undisclosed,,,,,,,,[],[],数值缺失；不可估计当前产量,没有当前逐资产实绩；缺失不等于零,历史生产／当前待核,2024-10报告,低,https://www.eia.gov/international/content/analysis/countries_long/Iran/pdf/Iran%20CAB%202024.pdf,False,False,,,,https://www.eia.gov/international/content/analysis/countries_long/Iran/pdf/Iran%20CAB%202024.pdf,200,2026-09-30,未取得可展示的本层级产量/产能；不填0；没有独立核验坐标；仅列目录,EIA 2024第8—9页计划气田；启动年份为当时预测，2026实际进度待核。未将计划能力作为产量。
伊朗,Sefid Baghun,Sefid Baghun,,field,,天然气,,,undisclosed,,,,,,,,[],[],数值缺失；不可估计当前产量,没有当前逐资产实绩；缺失不等于零,历史生产／当前待核,2024-10报告,低,https://www.eia.gov/international/content/analysis/countries_long/Iran/pdf/Iran%20CAB%202024.pdf,False,False,,,,https://www.eia.gov/international/content/analysis/countries_long/Iran/pdf/Iran%20CAB%202024.pdf,200,2026-09-30,未取得可展示的本层级产量/产能；不填0；没有独立核验坐标；仅列目录,EIA 2024第8—9页计划气田；启动年份为当时预测，2026实际进度待核。未将计划能力作为产量。
伊朗,Halegan,Halegan,,field,,天然气,,,undisclosed,,,,,,,,[],[],数值缺失；不可估计当前产量,没有当前逐资产实绩；缺失不等于零,历史生产／当前待核,2024-10报告,低,https://www.eia.gov/international/content/analysis/countries_long/Iran/pdf/Iran%20CAB%202024.pdf,False,False,,,,https://www.eia.gov/international/content/analysis/countries_long/Iran/pdf/Iran%20CAB%202024.pdf,200,2026-09-30,未取得可展示的本层级产量/产能；不填0；没有独立核验坐标；仅列目录,EIA 2024第8—9页计划气田；启动年份为当时预测，2026实际进度待核。未将计划能力作为产量。
伊朗,Eram,Eram,,field,,天然气,365,十亿立方英尺/年,target_capacity,2024年10月EIA历史规划表；非全年产量,,,,,,,[],[],政府原报告计划表已核；历史规划能力，不能证明投产或实际产量,仅适用于所标观测/规划期；2026-10-01是复核日，不是实绩日,历史生产／当前待核,2024-10报告,低,https://www.eia.gov/international/content/analysis/countries_long/Iran/pdf/Iran%20CAB%202024.pdf,False,False,,,,https://www.eia.gov/international/content/analysis/countries_long/Iran/pdf/Iran%20CAB%202024.pdf,200,2026-10-01,非实时数值；只能用于所标日期和口径；没有独立核验坐标；仅列目录,EIA PDF第10页规划能力表；原表计划最早2030，非现时预测。保留原年能力单位，不除以365伪装日均实产；当前项目进度另待核。
伊拉克,Miran,Miran,,concession,,油气／凝析油,,,undisclosed,,,,,,,,[],[],数值缺失；不可估计当前产量,没有当前逐资产实绩；缺失不等于零,历史生产／当前待核,2025参考年；2026-03发布,低,https://genelenergy.com/wp-content/uploads/190326_Genel-AR_web-1.pdf,False,False,,,,https://genelenergy.com/wp-content/uploads/190326_Genel-AR_web-1.pdf,200,2026-09-30,未取得可展示的本层级产量/产能；不填0；没有独立核验坐标；仅列目录,Genel 2025年报具名许可证；许可证退出/争议不证明油气资产永久停产；逐田现时实绩及独立坐标未核。
伊拉克,Bina Bawi,Bina Bawi,,concession,,油气／凝析油,,,undisclosed,,,,,,,,[],[],数值缺失；不可估计当前产量,没有当前逐资产实绩；缺失不等于零,历史生产／当前待核,2025参考年；2026-03发布,低,https://genelenergy.com/wp-content/uploads/190326_Genel-AR_web-1.pdf,False,False,,,,https://genelenergy.com/wp-content/uploads/190326_Genel-AR_web-1.pdf,200,2026-09-30,未取得可展示的本层级产量/产能；不填0；没有独立核验坐标；仅列目录,Genel 2025年报具名许可证；许可证退出/争议不证明油气资产永久停产；逐田现时实绩及独立坐标未核。
伊拉克,Qara Dagh,Qara Dagh,,concession,,油气／凝析油,,,undisclosed,,,,,,,,[],[],数值缺失；不可估计当前产量,没有当前逐资产实绩；缺失不等于零,历史生产／当前待核,2025参考年；2026-03发布,低,https://genelenergy.com/wp-content/uploads/190326_Genel-AR_web-1.pdf,False,False,,,,https://genelenergy.com/wp-content/uploads/190326_Genel-AR_web-1.pdf,200,2026-09-30,未取得可展示的本层级产量/产能；不填0；没有独立核验坐标；仅列目录,Genel 2025年报具名许可证；许可证退出/争议不证明油气资产永久停产；逐田现时实绩及独立坐标未核。
埃及,Zohr,Zohr,,field,,天然气,">2,700",百万标准立方英尺/日,actual_output,2019-08-21公告时产量水平,,,,,,,[],[],运营商原文下限已核；历史已达水平，非年均或当前实绩,仅适用于所标观测/规划期；2026-10-01是复核日，不是实绩日,待核实,网页复核2026-09-30,低,https://www.eni.com/en-IT/media/press-release/2019/08/eni-zohr-gas-production-reaches-27-bcfd.html,True,False,32.364,32.864,https://www.gem.wiki/Zohr_Gas_Field_(Egypt),https://www.eni.com/en-IT/media/press-release/2019/08/eni-zohr-gas-production-reaches-27-bcfd.html,未探测,2026-10-01,非实时数值；只能用于所标日期和口径；所引URL自动访问失败或未探测；不代表资产不存在,原文已超过2.7 Bcf/d，转为>2700 MMscf/d；3.2为年末潜力，不填作实产。该日期水平并非独立证明生命周期最高峰。
埃及,Nooros,Nooros,,field,,天然气,32,百万立方米/日,historical_peak,2018-03-15公告时历史纪录,,,,,,,[],[],运营商原公告直报已实现纪录；非当前实绩,仅适用于所标观测/规划期；2026-10-01是复核日，不是实绩日,待核实,网页复核2026-09-30,低,https://www.eni.com/en-IT/media/press-release/2018/03/eni-strengthens-record-production-from-nooros-field-offshore-egypt.html,True,False,31.709,30.985,https://www.gem.wiki/Nooros_Gas_Field_(Egypt),https://www.eni.com/en-IT/media/press-release/2018/03/eni-strengthens-record-production-from-nooros-field-offshore-egypt.html,未探测,2026-10-01,非实时数值；只能用于所标日期和口径；所引URL自动访问失败或未探测；不代表资产不存在,Eni原文直报纪录水平；34为后续预期，不填作实现值。不代表全年均值或2026流量。
埃及,Baltim South West,Baltim South West,,field,,天然气,100,百万标准立方英尺/日,actual_output,2019-09-17首井投产初期水平,,,,,,,[],[],运营商原公告初期实绩；不移植后续目标,仅适用于所标观测/规划期；2026-10-01是复核日，不是实绩日,待核实,网页复核2026-09-30,低,https://www.eni.com/en-IT/media/press-release/2019/09/eni-starts-production-of-baltim-south-west-field-offshore-egypt.html,True,False,32.102,31.05,https://www.gem.wiki/Baltim_South_West_Oil_and_Gas_Field_(Egypt),https://www.eni.com/en-IT/media/press-release/2019/09/eni-starts-production-of-baltim-south-west-field-offshore-egypt.html,未探测,2026-10-01,非实时数值；只能用于所标日期和口径；所引URL自动访问失败或未探测；不代表资产不存在,首井接入时整个已投产部分的初期流量；500是未来开发目标，不填作实现值。非年均或2026流量。
埃及,Meleiha,Meleiha,,development_area,,油气／凝析油,,,undisclosed,,,,,,,,[],[],数值缺失；不可估计当前产量,没有当前逐资产实绩；缺失不等于零,待核实,网页复核2026-09-30,低,https://www.eni.com/en-IT/actions/global-activities/egypt.html,False,False,,,,https://www.eni.com/en-IT/actions/global-activities/egypt.html,200,2026-09-30,未取得可展示的本层级产量/产能；不填0；没有独立核验坐标；仅列目录,Eni埃及当前资产页列名；Meleiha为资产区域，未分配公司产量。Denise West为发现；其他资产的2026逐田产量未取得。
埃及,Denise West,Denise West,Denise W,field,,天然气,,,undisclosed,,,,,,,,[],[],数值缺失；不可估计当前产量,没有当前逐资产实绩；缺失不等于零,已发现／待商业化,网页复核2026-09-30,中,https://www.eni.com/en-IT/media/press-release/2026/04/eni-unveils-2-tcf-gas-discovery-offshore-egypt-unlocking-fast-track-development-potential.html,False,False,,,,https://www.eni.com/en-IT/media/press-release/2026/04/eni-unveils-2-tcf-gas-discovery-offshore-egypt-unlocking-fast-track-development-potential.html,200,2026-09-30,未取得可展示的本层级产量/产能；不填0；没有独立核验坐标；仅列目录,Eni 2026-04-07原公告确认Denise W气及凝析油发现；2 Tcf为原地资源量，非产量；未填井测试或推算坐标。
埃及,Taurus,Taurus,,field,,天然气,,,undisclosed,,,,,,,,[],[],数值缺失；不可估计当前产量,没有当前逐资产实绩；缺失不等于零,历史生产／当前待核,2017-05-17名单,低,https://www.bp.com.cn/zh_cn/china/home/news/press-releases/news-05-17-2017.html,False,False,,,,https://www.bp.com.cn/zh_cn/china/home/news/press-releases/news-05-17-2017.html,200,2026-09-30,未取得可展示的本层级产量/产能；不填0；没有独立核验坐标；仅列目录,BP西尼罗河三角洲五田名单；项目合计不拆给单田，2017公告不能独立证明2026在产。
埃及,Libra,Libra,,field,,天然气,,,undisclosed,,,,,,,,[],[],数值缺失；不可估计当前产量,没有当前逐资产实绩；缺失不等于零,历史生产／当前待核,2017-05-17名单,低,https://www.bp.com.cn/zh_cn/china/home/news/press-releases/news-05-17-2017.html,False,False,,,,https://www.bp.com.cn/zh_cn/china/home/news/press-releases/news-05-17-2017.html,200,2026-09-30,未取得可展示的本层级产量/产能；不填0；没有独立核验坐标；仅列目录,BP西尼罗河三角洲五田名单；项目合计不拆给单田，2017公告不能独立证明2026在产。
埃及,Giza,Giza,,field,,天然气,,,undisclosed,,,,,,,,[],[],数值缺失；不可估计当前产量,没有当前逐资产实绩；缺失不等于零,历史生产／当前待核,2017-05-17名单,低,https://www.bp.com.cn/zh_cn/china/home/news/press-releases/news-05-17-2017.html,False,False,,,,https://www.bp.com.cn/zh_cn/china/home/news/press-releases/news-05-17-2017.html,200,2026-09-30,未取得可展示的本层级产量/产能；不填0；没有独立核验坐标；仅列目录,BP西尼罗河三角洲五田名单；项目合计不拆给单田，2017公告不能独立证明2026在产。
埃及,Fayoum,Fayoum,,field,,天然气,,,undisclosed,,,,,,,,[],[],数值缺失；不可估计当前产量,没有当前逐资产实绩；缺失不等于零,历史生产／当前待核,2017-05-17名单,低,https://www.bp.com.cn/zh_cn/china/home/news/press-releases/news-05-17-2017.html,False,False,,,,https://www.bp.com.cn/zh_cn/china/home/news/press-releases/news-05-17-2017.html,200,2026-09-30,未取得可展示的本层级产量/产能；不填0；没有独立核验坐标；仅列目录,BP西尼罗河三角洲五田名单；项目合计不拆给单田，2017公告不能独立证明2026在产。
埃及,Raven,Raven,,field,,天然气,约600,百万标准立方英尺/日,actual_output,2021-04-26初期毛产量水平,,,,,,,[],[],合作方原文已核；历史毛产量水平，非权益份额或当前值,仅适用于所标观测/规划期；2026-10-01是复核日，不是实绩日,历史生产／当前待核,2017-05-17名单,低,https://wintershalldea.de/en/newsroom/gas-production-west-nile-deltas-raven-field,False,False,,,,https://wintershalldea.de/en/newsroom/gas-production-west-nile-deltas-raven-field,未探测,2026-10-01,非实时数值；只能用于所标日期和口径；所引URL自动访问失败或未探测；不代表资产不存在；没有独立核验坐标；仅列目录,合作方直报约600 MMscf/d毛产量；900及凝析油30千桶/日为未来峰值预期，均未当实产。
卡塔尔,Qatargas 2,Qatargas 2,,project,North Field,油气／凝析油,,,undisclosed,,,,,,,,[],[],只核对名称/位置；不将名录的年量、储量、设计能力当当前日产量,没有当前逐资产实绩；缺失不等于零,历史生产／当前待核,GEM名录回查2026-09-30；逐田观察期不统一,低,https://www.gem.wiki/Qatargas_2_Gas_Field_(Qatar),True,False,26.3028,51.9223,https://www.gem.wiki/Qatargas_2_Gas_Field_(Qatar),https://www.gem.wiki/Qatargas_2_Gas_Field_(Qatar),未探测,2026-09-30,未取得可展示的本层级产量/产能；不填0；所引URL自动访问失败或未探测；不代表资产不存在,回查GEM公开名录确认名称；不移植其未逐条核清的产量字段。名录状态不证明当前停复产。坐标是GEM公布的田/项目参考点，exact是源分类，不是本项目独立测绘。
卡塔尔,Dolphin,Dolphin,,project,North Field,油气／凝析油,,,undisclosed,,,,,,,,[],[],只核对名称/位置；不将名录的年量、储量、设计能力当当前日产量,没有当前逐资产实绩；缺失不等于零,历史生产／当前待核,GEM名录回查2026-09-30；逐田观察期不统一,低,https://www.gem.wiki/Dolphin_Oil_and_Gas_Field_(Qatar),True,False,26.1938,52.0041,https://www.gem.wiki/Dolphin_Oil_and_Gas_Field_(Qatar),https://www.gem.wiki/Dolphin_Oil_and_Gas_Field_(Qatar),未探测,2026-09-30,未取得可展示的本层级产量/产能；不填0；所引URL自动访问失败或未探测；不代表资产不存在,回查GEM公开名录确认名称；不移植其未逐条核清的产量字段。名录状态不证明当前停复产。坐标是GEM公布的田/项目参考点，exact是源分类，不是本项目独立测绘。
埃及,Morgan,Morgan,,field,,油气／凝析油,,,undisclosed,,,,,,,,[],[],只核对名称/位置；不将名录的年量、储量、设计能力当当前日产量,没有当前逐资产实绩；缺失不等于零,历史生产／当前待核,GEM名录回查2026-09-30；逐田观察期不统一,低,https://www.gem.wiki/Morgan_Oil_and_Gas_Field_(Egypt),True,False,28.214,33.447,https://www.gem.wiki/Morgan_Oil_and_Gas_Field_(Egypt),https://www.gem.wiki/Morgan_Oil_and_Gas_Field_(Egypt),未探测,2026-09-30,未取得可展示的本层级产量/产能；不填0；所引URL自动访问失败或未探测；不代表资产不存在,回查GEM公开名录确认名称；不移植其未逐条核清的产量字段。名录状态不证明当前停复产。坐标是GEM公布的田/项目参考点，exact是源分类，不是本项目独立测绘。
伊朗,Kangan,Kangan,,field,,天然气,,,undisclosed,,,,,,,,[],[],只核对名称/位置；不将名录的年量、储量、设计能力当当前日产量,没有当前逐资产实绩；缺失不等于零,历史生产／当前待核,GEM名录回查2026-09-30；逐田观察期不统一,低,https://www.gem.wiki/Kangan_Gas_Field_(Iran),True,False,27.9656,52.0119,https://www.gem.wiki/Kangan_Gas_Field_(Iran),https://www.gem.wiki/Kangan_Gas_Field_(Iran),未探测,2026-09-30,未取得可展示的本层级产量/产能；不填0；所引URL自动访问失败或未探测；不代表资产不存在,回查GEM公开名录确认名称；不移植其未逐条核清的产量字段。名录状态不证明当前停复产。坐标是GEM公布的田/项目参考点，exact是源分类，不是本项目独立测绘。
卡塔尔,Al-Khaleej Gas Project 2 Gas Phase,Al-Khaleej Gas Project 2 Gas Phase,,project,North Field,油气／凝析油,,,undisclosed,,,,,,,,[],[],只核对名称/位置；不将名录的年量、储量、设计能力当当前日产量,没有当前逐资产实绩；缺失不等于零,历史生产／当前待核,GEM名录回查2026-09-30；逐田观察期不统一,低,https://www.gem.wiki/Al-Khaleej_Gas_Project_2_Gas_Phase_(Qatar),True,False,26.5712,51.8521,https://www.gem.wiki/Al-Khaleej_Gas_Project_2_Gas_Phase_(Qatar),https://www.gem.wiki/Al-Khaleej_Gas_Project_2_Gas_Phase_(Qatar),未探测,2026-09-30,未取得可展示的本层级产量/产能；不填0；所引URL自动访问失败或未探测；不代表资产不存在,回查GEM公开名录确认名称；不移植其未逐条核清的产量字段。名录状态不证明当前停复产。坐标是GEM公布的田/项目参考点，exact是源分类，不是本项目独立测绘。
卡塔尔,Qatargas 4,Qatargas 4,,project,North Field,油气／凝析油,,,undisclosed,,,,,,,,[],[],只核对名称/位置；不将名录的年量、储量、设计能力当当前日产量,没有当前逐资产实绩；缺失不等于零,历史生产／当前待核,GEM名录回查2026-09-30；逐田观察期不统一,低,https://www.gem.wiki/Qatargas_4_Gas_Field_(Qatar),True,False,26.5712,51.8521,https://www.gem.wiki/Qatargas_4_Gas_Field_(Qatar),https://www.gem.wiki/Qatargas_4_Gas_Field_(Qatar),未探测,2026-09-30,未取得可展示的本层级产量/产能；不填0；所引URL自动访问失败或未探测；不代表资产不存在,回查GEM公开名录确认名称；不移植其未逐条核清的产量字段。名录状态不证明当前停复产。坐标是GEM公布的田/项目参考点，exact是源分类，不是本项目独立测绘。
卡塔尔,Qatargas 3,Qatargas 3,,project,North Field,油气／凝析油,,,undisclosed,,,,,,,,[],[],只核对名称/位置；不将名录的年量、储量、设计能力当当前日产量,没有当前逐资产实绩；缺失不等于零,历史生产／当前待核,GEM名录回查2026-09-30；逐田观察期不统一,低,https://www.gem.wiki/Qatargas_3_Gas_Field_(Qatar),True,False,26.5712,51.8521,https://www.gem.wiki/Qatargas_3_Gas_Field_(Qatar),https://www.gem.wiki/Qatargas_3_Gas_Field_(Qatar),未探测,2026-09-30,未取得可展示的本层级产量/产能；不填0；所引URL自动访问失败或未探测；不代表资产不存在,回查GEM公开名录确认名称；不移植其未逐条核清的产量字段。名录状态不证明当前停复产。坐标是GEM公布的田/项目参考点，exact是源分类，不是本项目独立测绘。
伊朗,Tabnak,Tabnak,,field,,油气／凝析油,,,undisclosed,,,,,,,,[],[],只核对名称/位置；不将名录的年量、储量、设计能力当当前日产量,没有当前逐资产实绩；缺失不等于零,历史生产／当前待核,GEM名录回查2026-09-30；逐田观察期不统一,低,https://www.gem.wiki/Tabnak_Oil_and_Gas_Field_(Iran),True,False,27.3044,53.0917,https://www.gem.wiki/Tabnak_Oil_and_Gas_Field_(Iran),https://www.gem.wiki/Tabnak_Oil_and_Gas_Field_(Iran),未探测,2026-09-30,未取得可展示的本层级产量/产能；不填0；所引URL自动访问失败或未探测；不代表资产不存在,回查GEM公开名录确认名称；不移植其未逐条核清的产量字段。名录状态不证明当前停复产。坐标是GEM公布的田/项目参考点，exact是源分类，不是本项目独立测绘。
埃及,Rosetta,Rosetta,,field,,油气／凝析油,,,undisclosed,,,,,,,,[],[],只核对名称/位置；不将名录的年量、储量、设计能力当当前日产量,没有当前逐资产实绩；缺失不等于零,历史生产／当前待核,GEM名录回查2026-09-30；逐田观察期不统一,低,https://www.gem.wiki/Rosetta_Oil_and_Gas_Field_(Egypt),True,False,32.2485,30.5914,https://www.gem.wiki/Rosetta_Oil_and_Gas_Field_(Egypt),https://www.gem.wiki/Rosetta_Oil_and_Gas_Field_(Egypt),未探测,2026-09-30,未取得可展示的本层级产量/产能；不填0；所引URL自动访问失败或未探测；不代表资产不存在,回查GEM公开名录确认名称；不移植其未逐条核清的产量字段。名录状态不证明当前停复产。坐标是GEM公布的田/项目参考点，exact是源分类，不是本项目独立测绘。
卡塔尔,RasGas Alpha,RasGas Alpha,,project,North Field,油气／凝析油,,,undisclosed,,,,,,,,[],[],只核对名称/位置；不将名录的年量、储量、设计能力当当前日产量,没有当前逐资产实绩；缺失不等于零,历史生产／当前待核,GEM名录回查2026-09-30；逐田观察期不统一,低,https://www.gem.wiki/RasGas_Alpha_Oil_and_Gas_Field_(Qatar),True,False,26.5712,51.8521,https://www.gem.wiki/RasGas_Alpha_Oil_and_Gas_Field_(Qatar),https://www.gem.wiki/RasGas_Alpha_Oil_and_Gas_Field_(Qatar),未探测,2026-09-30,未取得可展示的本层级产量/产能；不填0；所引URL自动访问失败或未探测；不代表资产不存在,回查GEM公开名录确认名称；不移植其未逐条核清的产量字段。名录状态不证明当前停复产。坐标是GEM公布的田/项目参考点，exact是源分类，不是本项目独立测绘。
伊朗,Aghar,Aghar,,field,,天然气,,,undisclosed,,,,,,,,[],[],只核对名称/位置；不将名录的年量、储量、设计能力当当前日产量,没有当前逐资产实绩；缺失不等于零,历史生产／当前待核,GEM名录回查2026-09-30；逐田观察期不统一,低,https://www.gem.wiki/Aghar_Gas_Field_(Iran),True,False,28.5949,52.7953,https://www.gem.wiki/Aghar_Gas_Field_(Iran),https://www.gem.wiki/Aghar_Gas_Field_(Iran),未探测,2026-09-30,未取得可展示的本层级产量/产能；不填0；所引URL自动访问失败或未探测；不代表资产不存在,回查GEM公开名录确认名称；不移植其未逐条核清的产量字段。名录状态不证明当前停复产。坐标是GEM公布的田/项目参考点，exact是源分类，不是本项目独立测绘。
巴林,Khuff,Khuff,,field,,天然气,,,undisclosed,,,,,,,,[],[],只核对名称/位置；不将名录的年量、储量、设计能力当当前日产量,没有当前逐资产实绩；缺失不等于零,历史生产／当前待核,GEM名录回查2026-09-30；逐田观察期不统一,低,https://www.gem.wiki/Khuff_Gas_Field_(Bahrain),True,False,26.038,50.539,https://www.gem.wiki/Khuff_Gas_Field_(Bahrain),https://www.gem.wiki/Khuff_Gas_Field_(Bahrain),未探测,2026-09-30,未取得可展示的本层级产量/产能；不填0；所引URL自动访问失败或未探测；不代表资产不存在,回查GEM公开名录确认名称；不移植其未逐条核清的产量字段。名录状态不证明当前停复产。坐标是GEM公布的田/项目参考点，exact是源分类，不是本项目独立测绘。
埃及,Ramadan,Ramadan,,field,,油气／凝析油,,,undisclosed,,,,,,,,[],[],只核对名称/位置；不将名录的年量、储量、设计能力当当前日产量,没有当前逐资产实绩；缺失不等于零,历史生产／当前待核,GEM名录回查2026-09-30；逐田观察期不统一,低,https://www.gem.wiki/Ramadan_Oil_and_Gas_Field_(Egypt),True,False,28.588,33.167,https://www.gem.wiki/Ramadan_Oil_and_Gas_Field_(Egypt),https://www.gem.wiki/Ramadan_Oil_and_Gas_Field_(Egypt),未探测,2026-09-30,未取得可展示的本层级产量/产能；不填0；所引URL自动访问失败或未探测；不代表资产不存在,回查GEM公开名录确认名称；不移植其未逐条核清的产量字段。名录状态不证明当前停复产。坐标是GEM公布的田/项目参考点，exact是源分类，不是本项目独立测绘。
埃及,Qasr,Qasr,,field,,油气／凝析油,,,undisclosed,,,,,,,,[],[],只核对名称/位置；不将名录的年量、储量、设计能力当当前日产量,没有当前逐资产实绩；缺失不等于零,历史生产／当前待核,GEM名录回查2026-09-30；逐田观察期不统一,低,https://www.gem.wiki/Qasr_Oil_and_Gas_Field_(Egypt),True,False,30.5667,26.6,https://www.gem.wiki/Qasr_Oil_and_Gas_Field_(Egypt),https://www.gem.wiki/Qasr_Oil_and_Gas_Field_(Egypt),未探测,2026-09-30,未取得可展示的本层级产量/产能；不填0；所引URL自动访问失败或未探测；不代表资产不存在,回查GEM公开名录确认名称；不移植其未逐条核清的产量字段。名录状态不证明当前停复产。坐标是GEM公布的田/项目参考点，exact是源分类，不是本项目独立测绘。
伊朗,Khangiran,Khangiran,,field,,天然气,,,undisclosed,,,,,,,,[],[],只核对名称/位置；不将名录的年量、储量、设计能力当当前日产量,没有当前逐资产实绩；缺失不等于零,历史生产／当前待核,GEM名录回查2026-09-30；逐田观察期不统一,低,https://www.gem.wiki/Khangiran_Gas_Field_(Iran),True,False,36.5667,60.7667,https://www.gem.wiki/Khangiran_Gas_Field_(Iran),https://www.gem.wiki/Khangiran_Gas_Field_(Iran),未探测,2026-09-30,未取得可展示的本层级产量/产能；不填0；所引URL自动访问失败或未探测；不代表资产不存在,回查GEM公开名录确认名称；不移植其未逐条核清的产量字段。名录状态不证明当前停复产。坐标是GEM公布的田/项目参考点，exact是源分类，不是本项目独立测绘。
阿曼,Mabrouk Northeast,Mabrouk Northeast,,field,,油气／凝析油,,,undisclosed,,,,,,,,[],[],只核对名称/位置；不将名录的年量、储量、设计能力当当前日产量,没有当前逐资产实绩；缺失不等于零,历史生产／当前待核,GEM名录回查2026-09-30；逐田观察期不统一,低,https://www.gem.wiki/Mabrouk_Northeast_Oil_and_Gas_Field_(Oman),True,False,20.3293,56.0697,https://www.gem.wiki/Mabrouk_Northeast_Oil_and_Gas_Field_(Oman),https://www.gem.wiki/Mabrouk_Northeast_Oil_and_Gas_Field_(Oman),未探测,2026-09-30,未取得可展示的本层级产量/产能；不填0；所引URL自动访问失败或未探测；不代表资产不存在,回查GEM公开名录确认名称；不移植其未逐条核清的产量字段。名录状态不证明当前停复产。坐标是GEM公布的田/项目参考点，exact是源分类，不是本项目独立测绘。
埃及,October,October,,field,,油气／凝析油,,,undisclosed,,,,,,,,[],[],只核对名称/位置；不将名录的年量、储量、设计能力当当前日产量,没有当前逐资产实绩；缺失不等于零,历史生产／当前待核,GEM名录回查2026-09-30；逐田观察期不统一,低,https://www.gem.wiki/October_Oil_and_Gas_Field_(Egypt),True,False,28.816,33.06,https://www.gem.wiki/October_Oil_and_Gas_Field_(Egypt),https://www.gem.wiki/October_Oil_and_Gas_Field_(Egypt),未探测,2026-09-30,未取得可展示的本层级产量/产能；不填0；所引URL自动访问失败或未探测；不代表资产不存在,回查GEM公开名录确认名称；不移植其未逐条核清的产量字段。名录状态不证明当前停复产。坐标是GEM公布的田/项目参考点，exact是源分类，不是本项目独立测绘。
伊朗,Homa,Homa,,field,,天然气,,,undisclosed,,,,,,,,[],[],只核对名称/位置；不将名录的年量、储量、设计能力当当前日产量,没有当前逐资产实绩；缺失不等于零,历史生产／当前待核,GEM名录回查2026-09-30；逐田观察期不统一,低,https://www.gem.wiki/Homa_Gas_Field_(Iran),True,False,27.8533,52.8006,https://www.gem.wiki/Homa_Gas_Field_(Iran),https://www.gem.wiki/Homa_Gas_Field_(Iran),未探测,2026-09-30,未取得可展示的本层级产量/产能；不填0；所引URL自动访问失败或未探测；不代表资产不存在,回查GEM公开名录确认名称；不移植其未逐条核清的产量字段。名录状态不证明当前停复产。坐标是GEM公布的田/项目参考点，exact是源分类，不是本项目独立测绘。
伊朗,Ramshir,Ramshir,,field,,原油,,,undisclosed,,,,,,,,[],[],只核对名称/位置；不将名录的年量、储量、设计能力当当前日产量,没有当前逐资产实绩；缺失不等于零,历史生产／当前待核,GEM名录回查2026-09-30；逐田观察期不统一,低,https://www.gem.wiki/Ramshir_Oil_Field_(Iran),True,False,30.6993,49.5373,https://www.gem.wiki/Ramshir_Oil_Field_(Iran),https://www.gem.wiki/Ramshir_Oil_Field_(Iran),未探测,2026-09-30,未取得可展示的本层级产量/产能；不填0；所引URL自动访问失败或未探测；不代表资产不存在,回查GEM公开名录确认名称；不移植其未逐条核清的产量字段。名录状态不证明当前停复产。坐标是GEM公布的田/项目参考点，exact是源分类，不是本项目独立测绘。
伊朗,Shadegan,Shadegan,,field,,原油,,,undisclosed,,,,,,,,[],[],只核对名称/位置；不将名录的年量、储量、设计能力当当前日产量,没有当前逐资产实绩；缺失不等于零,历史生产／当前待核,GEM名录回查2026-09-30；逐田观察期不统一,低,https://www.gem.wiki/Shadegan_Oil_Field_(Iran),True,False,30.9062,49.2515,https://www.gem.wiki/Shadegan_Oil_Field_(Iran),https://www.gem.wiki/Shadegan_Oil_Field_(Iran),未探测,2026-09-30,未取得可展示的本层级产量/产能；不填0；所引URL自动访问失败或未探测；不代表资产不存在,回查GEM公开名录确认名称；不移植其未逐条核清的产量字段。名录状态不证明当前停复产。坐标是GEM公布的田/项目参考点，exact是源分类，不是本项目独立测绘。
卡塔尔,Al-Khaleej Gas Project 1 Gas Phase,Al-Khaleej Gas Project 1 Gas Phase,,project,North Field,油气／凝析油,,,undisclosed,,,,,,,,[],[],只核对名称/位置；不将名录的年量、储量、设计能力当当前日产量,没有当前逐资产实绩；缺失不等于零,历史生产／当前待核,GEM名录回查2026-09-30；逐田观察期不统一,低,https://www.gem.wiki/Al-Khaleej_Gas_Project_1_Gas_Phase_(Qatar),True,False,26.5712,51.8521,https://www.gem.wiki/Al-Khaleej_Gas_Project_1_Gas_Phase_(Qatar),https://www.gem.wiki/Al-Khaleej_Gas_Project_1_Gas_Phase_(Qatar),未探测,2026-09-30,未取得可展示的本层级产量/产能；不填0；所引URL自动访问失败或未探测；不代表资产不存在,回查GEM公开名录确认名称；不移植其未逐条核清的产量字段。名录状态不证明当前停复产。坐标是GEM公布的田/项目参考点，exact是源分类，不是本项目独立测绘。
卡塔尔,Idd El Shargi North Dome (ISND),Idd El Shargi North Dome (ISND),,development_area,Idd El-Sharqi,油气／凝析油,,,undisclosed,,,,,,,,[],[],只核对名称/位置；不将名录的年量、储量、设计能力当当前日产量,没有当前逐资产实绩；缺失不等于零,历史生产／当前待核,GEM名录回查2026-09-30；逐田观察期不统一,低,https://www.gem.wiki/Idd_El_Shargi_North_Dome_(ISND)_Oil_and_Gas_Field_(Qatar),True,False,25.4679,52.3739,https://www.gem.wiki/Idd_El_Shargi_North_Dome_(ISND)_Oil_and_Gas_Field_(Qatar),https://www.gem.wiki/Idd_El_Shargi_North_Dome_(ISND)_Oil_and_Gas_Field_(Qatar),未探测,2026-09-30,未取得可展示的本层级产量/产能；不填0；所引URL自动访问失败或未探测；不代表资产不存在,回查GEM公开名录确认名称；不移植其未逐条核清的产量字段。名录状态不证明当前停复产。坐标是GEM公布的田/项目参考点，exact是源分类，不是本项目独立测绘。
伊朗,Varavi,Varavi,,field,,天然气,,,undisclosed,,,,,,,,[],[],只核对名称/位置；不将名录的年量、储量、设计能力当当前日产量,没有当前逐资产实绩；缺失不等于零,历史生产／当前待核,GEM名录回查2026-09-30；逐田观察期不统一,低,https://www.gem.wiki/Varavi_Gas_Field_(Iran),True,False,27.5111,53.0494,https://www.gem.wiki/Varavi_Gas_Field_(Iran),https://www.gem.wiki/Varavi_Gas_Field_(Iran),未探测,2026-09-30,未取得可展示的本层级产量/产能；不填0；所引URL自动访问失败或未探测；不代表资产不存在,回查GEM公开名录确认名称；不移植其未逐条核清的产量字段。名录状态不证明当前停复产。坐标是GEM公布的田/项目参考点，exact是源分类，不是本项目独立测绘。
埃及,Abu El Gharadig,Abu El Gharadig,,field,,油气／凝析油,,,undisclosed,,,,,,,,[],[],只核对名称/位置；不将名录的年量、储量、设计能力当当前日产量,没有当前逐资产实绩；缺失不等于零,历史生产／当前待核,GEM名录回查2026-09-30；逐田观察期不统一,低,https://www.gem.wiki/Abu_El_Gharadig_Oil_and_Gas_Field_(Egypt),True,False,29.6723,28.5337,https://www.gem.wiki/Abu_El_Gharadig_Oil_and_Gas_Field_(Egypt),https://www.gem.wiki/Abu_El_Gharadig_Oil_and_Gas_Field_(Egypt),未探测,2026-09-30,未取得可展示的本层级产量/产能；不填0；所引URL自动访问失败或未探测；不代表资产不存在,回查GEM公开名录确认名称；不移植其未逐条核清的产量字段。名录状态不证明当前停复产。坐标是GEM公布的田/项目参考点，exact是源分类，不是本项目独立测绘。
伊拉克,Safwan,Safwan,,field,,原油,,,undisclosed,,,,,,,,[],[],只核对名称/位置；不将名录的年量、储量、设计能力当当前日产量,没有当前逐资产实绩；缺失不等于零,历史生产／当前待核,GEM名录回查2026-09-30；逐田观察期不统一,低,https://www.gem.wiki/Safwan_Oil_Field_(Iraq),True,False,30.124,47.7264,https://www.gem.wiki/Safwan_Oil_Field_(Iraq),https://www.gem.wiki/Safwan_Oil_Field_(Iraq),未探测,2026-09-30,未取得可展示的本层级产量/产能；不填0；所引URL自动访问失败或未探测；不代表资产不存在,回查GEM公开名录确认名称；不移植其未逐条核清的产量字段。名录状态不证明当前停复产。坐标是GEM公布的田/项目参考点，exact是源分类，不是本项目独立测绘。
埃及,Atoll,Atoll,,field,,油气／凝析油,,,undisclosed,,,,,,,,[],[],只核对名称/位置；不将名录的年量、储量、设计能力当当前日产量,没有当前逐资产实绩；缺失不等于零,历史生产／当前待核,GEM名录回查2026-09-30；逐田观察期不统一,低,https://www.gem.wiki/Atoll_Oil_and_Gas_Field_(Egypt),True,False,32.2257,31.8863,https://www.gem.wiki/Atoll_Oil_and_Gas_Field_(Egypt),https://www.gem.wiki/Atoll_Oil_and_Gas_Field_(Egypt),未探测,2026-09-30,未取得可展示的本层级产量/产能；不填0；所引URL自动访问失败或未探测；不代表资产不存在,回查GEM公开名录确认名称；不移植其未逐条核清的产量字段。名录状态不证明当前停复产。坐标是GEM公布的田/项目参考点，exact是源分类，不是本项目独立测绘。
阿曼,Kauther/Fakhr,Kauther/Fakhr,,field_group,,原油,,,undisclosed,,,,,,,,[],[],只核对名称/位置；不将名录的年量、储量、设计能力当当前日产量,没有当前逐资产实绩；缺失不等于零,历史生产／当前待核,GEM名录回查2026-09-30；逐田观察期不统一,低,https://www.gem.wiki/Kauther/Fakhr_Oil_and_Gas_Field_(Oman),True,False,21.986,57.3599,https://www.gem.wiki/Kauther/Fakhr_Oil_and_Gas_Field_(Oman),https://www.gem.wiki/Kauther/Fakhr_Oil_and_Gas_Field_(Oman),未探测,2026-09-30,未取得可展示的本层级产量/产能；不填0；所引URL自动访问失败或未探测；不代表资产不存在,回查GEM公开名录确认名称；不移植其未逐条核清的产量字段。名录状态不证明当前停复产。坐标是GEM公布的田/项目参考点，exact是源分类，不是本项目独立测绘。
伊朗,Abteymour,Abteymour,,field,,原油,,,undisclosed,,,,,,,,[],[],只核对名称/位置；不将名录的年量、储量、设计能力当当前日产量,没有当前逐资产实绩；缺失不等于零,历史生产／当前待核,GEM名录回查2026-09-30；逐田观察期不统一,低,https://www.gem.wiki/Abteymour_Oil_Field_(Iran),True,False,31.1738,48.5263,https://www.gem.wiki/Abteymour_Oil_Field_(Iran),https://www.gem.wiki/Abteymour_Oil_Field_(Iran),未探测,2026-09-30,未取得可展示的本层级产量/产能；不填0；所引URL自动访问失败或未探测；不代表资产不存在,回查GEM公开名录确认名称；不移植其未逐条核清的产量字段。名录状态不证明当前停复产。坐标是GEM公布的田/项目参考点，exact是源分类，不是本项目独立测绘。
沙特阿拉伯,South Ghawar,South Ghawar,,development_area,Ghawar,油气／凝析油,,,undisclosed,,,,,,,,[],[],只核对名称/位置；不将名录的年量、储量、设计能力当当前日产量,没有当前逐资产实绩；缺失不等于零,历史生产／当前待核,GEM名录回查2026-09-30；逐田观察期不统一,低,https://www.gem.wiki/South_Ghawar_Gas_Field_(Saudi_Arabia),True,False,23.1897,48.5299,https://www.gem.wiki/South_Ghawar_Gas_Field_(Saudi_Arabia),https://www.gem.wiki/South_Ghawar_Gas_Field_(Saudi_Arabia),未探测,2026-09-30,未取得可展示的本层级产量/产能；不填0；所引URL自动访问失败或未探测；不代表资产不存在,回查GEM公开名录确认名称；不移植其未逐条核清的产量字段。名录状态不证明当前停复产。坐标是GEM公布的田/项目参考点，exact是源分类，不是本项目独立测绘。
伊朗,Balal,Balal,,field,,油气／凝析油,,,undisclosed,,,,,,,,[],[],只核对名称/位置；不将名录的年量、储量、设计能力当当前日产量,没有当前逐资产实绩；缺失不等于零,历史生产／当前待核,GEM名录回查2026-09-30；逐田观察期不统一,低,https://www.gem.wiki/Balal_Oil_and_Gas_Field_(Iran),True,False,26.3028,52.5359,https://www.gem.wiki/Balal_Oil_and_Gas_Field_(Iran),https://www.gem.wiki/Balal_Oil_and_Gas_Field_(Iran),未探测,2026-09-30,未取得可展示的本层级产量/产能；不填0；所引URL自动访问失败或未探测；不代表资产不存在,回查GEM公开名录确认名称；不移植其未逐条核清的产量字段。名录状态不证明当前停复产。坐标是GEM公布的田/项目参考点，exact是源分类，不是本项目独立测绘。
伊朗,Lab-E-Safid,Lab-E-Safid,,field,,原油,,,undisclosed,,,,,,,,[],[],只核对名称/位置；不将名录的年量、储量、设计能力当当前日产量,没有当前逐资产实绩；缺失不等于零,历史生产／当前待核,GEM名录回查2026-09-30；逐田观察期不统一,低,https://www.gem.wiki/Lab-E-Safid_Oil_Field_(Iran),True,False,32.6787,48.7195,https://www.gem.wiki/Lab-E-Safid_Oil_Field_(Iran),https://www.gem.wiki/Lab-E-Safid_Oil_Field_(Iran),未探测,2026-09-30,未取得可展示的本层级产量/产能；不填0；所引URL自动访问失败或未探测；不代表资产不存在,回查GEM公开名录确认名称；不移植其未逐条核清的产量字段。名录状态不证明当前停复产。坐标是GEM公布的田/项目参考点，exact是源分类，不是本项目独立测绘。
埃及,Burullus,Burullus,,field,,天然气,,,undisclosed,,,,,,,,[],[],只核对名称/位置；不将名录的年量、储量、设计能力当当前日产量,没有当前逐资产实绩；缺失不等于零,历史生产／当前待核,GEM名录回查2026-09-30；逐田观察期不统一,低,https://www.gem.wiki/Burullus_Gas_Field_(Egypt),True,False,31.4652,30.2598,https://www.gem.wiki/Burullus_Gas_Field_(Egypt),https://www.gem.wiki/Burullus_Gas_Field_(Egypt),未探测,2026-09-30,未取得可展示的本层级产量/产能；不填0；所引URL自动访问失败或未探测；不代表资产不存在,回查GEM公开名录确认名称；不移植其未逐条核清的产量字段。名录状态不证明当前停复产。坐标是GEM公布的田/项目参考点，exact是源分类，不是本项目独立测绘。
埃及,Belayim Land,Belayim Land,,field,Belayim,油气／凝析油,,,undisclosed,,,,,,,,[],[],只核对名称/位置；不将名录的年量、储量、设计能力当当前日产量,没有当前逐资产实绩；缺失不等于零,历史生产／当前待核,GEM名录回查2026-09-30；逐田观察期不统一,低,https://www.gem.wiki/Belayim_Land_Oil_and_Gas_Field_(Egypt),True,False,28.634,33.256,https://www.gem.wiki/Belayim_Land_Oil_and_Gas_Field_(Egypt),https://www.gem.wiki/Belayim_Land_Oil_and_Gas_Field_(Egypt),未探测,2026-09-30,未取得可展示的本层级产量/产能；不填0；所引URL自动访问失败或未探测；不代表资产不存在,回查GEM公开名录确认名称；不移植其未逐条核清的产量字段。名录状态不证明当前停复产。坐标是GEM公布的田/项目参考点，exact是源分类，不是本项目独立测绘。
科威特,Ratqa/Lower Fars,Ratqa/Lower Fars,,field_group,,原油,,,undisclosed,,,,,,,,[],[],只核对名称/位置；不将名录的年量、储量、设计能力当当前日产量,没有当前逐资产实绩；缺失不等于零,历史生产／当前待核,GEM名录回查2026-09-30；逐田观察期不统一,低,https://www.gem.wiki/Ratqa/Lower_Fars_Oil_Field_(Kuwait),True,False,29.8895,47.4224,https://www.gem.wiki/Ratqa/Lower_Fars_Oil_Field_(Kuwait),https://www.gem.wiki/Ratqa/Lower_Fars_Oil_Field_(Kuwait),未探测,2026-09-30,未取得可展示的本层级产量/产能；不填0；所引URL自动访问失败或未探测；不代表资产不存在,回查GEM公开名录确认名称；不移植其未逐条核清的产量字段。名录状态不证明当前停复产。坐标是GEM公布的田/项目参考点，exact是源分类，不是本项目独立测绘。
土耳其,Sehit Esma Cevik,Sehit Esma Cevik,,field,Gabar,原油,,,undisclosed,,,,,,,,[],[],只核对名称/位置；不将名录的年量、储量、设计能力当当前日产量,没有当前逐资产实绩；缺失不等于零,历史生产／当前待核,GEM名录回查2026-09-30；逐田观察期不统一,低,https://www.gem.wiki/Sehit_Esma_Cevik_Oil_Field_(Türkiye),True,False,37.4375,42.129,https://www.gem.wiki/Sehit_Esma_Cevik_Oil_Field_(Türkiye),https://www.gem.wiki/Sehit_Esma_Cevik_Oil_Field_(Türkiye),未探测,2026-09-30,未取得可展示的本层级产量/产能；不填0；所引URL自动访问失败或未探测；不代表资产不存在,回查GEM公开名录确认名称；不移植其未逐条核清的产量字段。名录状态不证明当前停复产。坐标是GEM公布的田/项目参考点，exact是源分类，不是本项目独立测绘。
伊朗,Tang-E-Bijar,Tang-E-Bijar,,field,,天然气,,,undisclosed,,,,,,,,[],[],只核对名称/位置；不将名录的年量、储量、设计能力当当前日产量,没有当前逐资产实绩；缺失不等于零,历史生产／当前待核,GEM名录回查2026-09-30；逐田观察期不统一,低,https://www.gem.wiki/Tang-E-Bijar_Gas_Field_(Iran),True,False,33.6402,45.9723,https://www.gem.wiki/Tang-E-Bijar_Gas_Field_(Iran),https://www.gem.wiki/Tang-E-Bijar_Gas_Field_(Iran),未探测,2026-09-30,未取得可展示的本层级产量/产能；不填0；所引URL自动访问失败或未探测；不代表资产不存在,回查GEM公开名录确认名称；不移植其未逐条核清的产量字段。名录状态不证明当前停复产。坐标是GEM公布的田/项目参考点，exact是源分类，不是本项目独立测绘。
沙特阿拉伯,North Arabia,North Arabia,,field,,天然气,,,undisclosed,,,,,,,,[],[],只核对名称/位置；不将名录的年量、储量、设计能力当当前日产量,没有当前逐资产实绩；缺失不等于零,历史生产／当前待核,GEM名录回查2026-09-30；逐田观察期不统一,低,https://www.gem.wiki/North_Arabia_Gas_Field_(Saudi_Arabia),True,False,30.7872,41.095,https://www.gem.wiki/North_Arabia_Gas_Field_(Saudi_Arabia),https://www.gem.wiki/North_Arabia_Gas_Field_(Saudi_Arabia),未探测,2026-09-30,未取得可展示的本层级产量/产能；不填0；所引URL自动访问失败或未探测；不代表资产不存在,回查GEM公开名录确认名称；不移植其未逐条核清的产量字段。名录状态不证明当前停复产。坐标是GEM公布的田/项目参考点，exact是源分类，不是本项目独立测绘。
伊朗,Sirri C,Sirri C,,field,,原油,,,undisclosed,,,,,,,,[],[],只核对名称/位置；不将名录的年量、储量、设计能力当当前日产量,没有当前逐资产实绩；缺失不等于零,历史生产／当前待核,GEM名录回查2026-09-30；逐田观察期不统一,低,https://www.gem.wiki/Sirri_C_Oil_Field_(Iran),True,False,25.7463,54.2086,https://www.gem.wiki/Sirri_C_Oil_Field_(Iran),https://www.gem.wiki/Sirri_C_Oil_Field_(Iran),未探测,2026-09-30,未取得可展示的本层级产量/产能；不填0；所引URL自动访问失败或未探测；不代表资产不存在,回查GEM公开名录确认名称；不移植其未逐条核清的产量字段。名录状态不证明当前停复产。坐标是GEM公布的田/项目参考点，exact是源分类，不是本项目独立测绘。
伊朗,Qaleh Nar,Qaleh Nar,,field,,油气／凝析油,,,undisclosed,,,,,,,,[],[],只核对名称/位置；不将名录的年量、储量、设计能力当当前日产量,没有当前逐资产实绩；缺失不等于零,历史生产／当前待核,GEM名录回查2026-09-30；逐田观察期不统一,低,https://www.gem.wiki/Qaleh_Nar_Oil_and_Gas_Field_(Iran),True,False,32.7076,48.3675,https://www.gem.wiki/Qaleh_Nar_Oil_and_Gas_Field_(Iran),https://www.gem.wiki/Qaleh_Nar_Oil_and_Gas_Field_(Iran),未探测,2026-09-30,未取得可展示的本层级产量/产能；不填0；所引URL自动访问失败或未探测；不代表资产不存在,回查GEM公开名录确认名称；不移植其未逐条核清的产量字段。名录状态不证明当前停复产。坐标是GEM公布的田/项目参考点，exact是源分类，不是本项目独立测绘。
阿曼,Farha South,Farha South,,field,,原油,,,undisclosed,,,,,,,,[],[],只核对名称/位置；不将名录的年量、储量、设计能力当当前日产量,没有当前逐资产实绩；缺失不等于零,历史生产／当前待核,GEM名录回查2026-09-30；逐田观察期不统一,低,https://www.gem.wiki/Farha_South_Oil_Field_(Oman),True,False,21.5511,58.0304,https://www.gem.wiki/Farha_South_Oil_Field_(Oman),https://www.gem.wiki/Farha_South_Oil_Field_(Oman),未探测,2026-09-30,未取得可展示的本层级产量/产能；不填0；所引URL自动访问失败或未探测；不代表资产不存在,回查GEM公开名录确认名称；不移植其未逐条核清的产量字段。名录状态不证明当前停复产。坐标是GEM公布的田/项目参考点，exact是源分类，不是本项目独立测绘。
埃及,Al Karam,Al Karam,,field,,油气／凝析油,,,undisclosed,,,,,,,,[],[],只核对名称/位置；不将名录的年量、储量、设计能力当当前日产量,没有当前逐资产实绩；缺失不等于零,历史生产／当前待核,GEM名录回查2026-09-30；逐田观察期不统一,低,https://www.gem.wiki/Al_Karam_Oil_and_Gas_Field_(Egypt),True,False,29.7724,28.1791,https://www.gem.wiki/Al_Karam_Oil_and_Gas_Field_(Egypt),https://www.gem.wiki/Al_Karam_Oil_and_Gas_Field_(Egypt),未探测,2026-09-30,未取得可展示的本层级产量/产能；不填0；所引URL自动访问失败或未探测；不代表资产不存在,回查GEM公开名录确认名称；不移植其未逐条核清的产量字段。名录状态不证明当前停复产。坐标是GEM公布的田/项目参考点，exact是源分类，不是本项目独立测绘。
埃及,Karama,Karama,,field,,原油,,,undisclosed,,,,,,,,[],[],只核对名称/位置；不将名录的年量、储量、设计能力当当前日产量,没有当前逐资产实绩；缺失不等于零,历史生产／当前待核,GEM名录回查2026-09-30；逐田观察期不统一,低,https://www.gem.wiki/Karama_Oil_Field_(Egypt),True,False,29.5365,29.4821,https://www.gem.wiki/Karama_Oil_Field_(Egypt),https://www.gem.wiki/Karama_Oil_Field_(Egypt),未探测,2026-09-30,未取得可展示的本层级产量/产能；不填0；所引URL自动访问失败或未探测；不代表资产不存在,回查GEM公开名录确认名称；不移植其未逐条核清的产量字段。名录状态不证明当前停复产。坐标是GEM公布的田/项目参考点，exact是源分类，不是本项目独立测绘。
叙利亚,Khurbet East,Khurbet East,,field,,原油,,,undisclosed,,,,,,,,[],[],只核对名称/位置；不将名录的年量、储量、设计能力当当前日产量,没有当前逐资产实绩；缺失不等于零,历史生产／当前待核,GEM名录回查2026-09-30；逐田观察期不统一,低,https://www.gem.wiki/Khurbet_East_Oil_Field_(Syria),True,False,36.9204,41.8825,https://www.gem.wiki/Khurbet_East_Oil_Field_(Syria),https://www.gem.wiki/Khurbet_East_Oil_Field_(Syria),未探测,2026-09-30,未取得可展示的本层级产量/产能；不填0；所引URL自动访问失败或未探测；不代表资产不存在,回查GEM公开名录确认名称；不移植其未逐条核清的产量字段。名录状态不证明当前停复产。坐标是GEM公布的田/项目参考点，exact是源分类，不是本项目独立测绘。
埃及,Abu Qir,Abu Qir,,field,,天然气,,,undisclosed,,,,,,,,[],[],只核对名称/位置；不将名录的年量、储量、设计能力当当前日产量,没有当前逐资产实绩；缺失不等于零,历史生产／当前待核,GEM名录回查2026-09-30；逐田观察期不统一,低,https://www.gem.wiki/Abu_Qir_Gas_Field_(Egypt),False,False,,,,https://www.gem.wiki/Abu_Qir_Gas_Field_(Egypt),未探测,2026-09-30,未取得可展示的本层级产量/产能；不填0；所引URL自动访问失败或未探测；不代表资产不存在；没有独立核验坐标；仅列目录,回查GEM公开名录确认名称；不移植其未逐条核清的产量字段。名录状态不证明当前停复产。暂无重新核实的独立坐标。
伊朗,Reshadat,Reshadat,,field,,原油,,,undisclosed,,,,,,,,[],[],只核对名称/位置；不将名录的年量、储量、设计能力当当前日产量,没有当前逐资产实绩；缺失不等于零,历史生产／当前待核,GEM名录回查2026-09-30；逐田观察期不统一,低,https://www.gem.wiki/Reshadat_Oil_Field_(Iran),True,False,26,53,https://www.gem.wiki/Reshadat_Oil_Field_(Iran),https://www.gem.wiki/Reshadat_Oil_Field_(Iran),未探测,2026-09-30,未取得可展示的本层级产量/产能；不填0；所引URL自动访问失败或未探测；不代表资产不存在,回查GEM公开名录确认名称；不移植其未逐条核清的产量字段。名录状态不证明当前停复产。坐标是GEM公布的田/项目参考点，exact是源分类，不是本项目独立测绘。
埃及,Bashrush,Bashrush,,field,,天然气,,,undisclosed,,,,,,,,[],[],只核对名称/位置；不将名录的年量、储量、设计能力当当前日产量,没有当前逐资产实绩；缺失不等于零,历史生产／当前待核,GEM名录回查2026-09-30；逐田观察期不统一,低,https://www.gem.wiki/Bashrush_Gas_Field_(Egypt),True,False,31.7596,31.1505,https://www.gem.wiki/Bashrush_Gas_Field_(Egypt),https://www.gem.wiki/Bashrush_Gas_Field_(Egypt),未探测,2026-09-30,未取得可展示的本层级产量/产能；不填0；所引URL自动访问失败或未探测；不代表资产不存在,回查GEM公开名录确认名称；不移植其未逐条核清的产量字段。名录状态不证明当前停复产。坐标是GEM公布的田/项目参考点，exact是源分类，不是本项目独立测绘。
伊朗,Zeloi,Zeloi,,field,,油气／凝析油,,,undisclosed,,,,,,,,[],[],只核对名称/位置；不将名录的年量、储量、设计能力当当前日产量,没有当前逐资产实绩；缺失不等于零,历史生产／当前待核,GEM名录回查2026-09-30；逐田观察期不统一,低,https://www.gem.wiki/Zeloi_Oil_and_Gas_Field_(Iran),True,False,32.1379,49.0424,https://www.gem.wiki/Zeloi_Oil_and_Gas_Field_(Iran),https://www.gem.wiki/Zeloi_Oil_and_Gas_Field_(Iran),未探测,2026-09-30,未取得可展示的本层级产量/产能；不填0；所引URL自动访问失败或未探测；不代表资产不存在,回查GEM公开名录确认名称；不移植其未逐条核清的产量字段。名录状态不证明当前停复产。坐标是GEM公布的田/项目参考点，exact是源分类，不是本项目独立测绘。
埃及,Obaiyed,Obaiyed,,field,,油气／凝析油,,,undisclosed,,,,,,,,[],[],只核对名称/位置；不将名录的年量、储量、设计能力当当前日产量,没有当前逐资产实绩；缺失不等于零,历史生产／当前待核,GEM名录回查2026-09-30；逐田观察期不统一,低,https://www.gem.wiki/Obaiyed_Oil_and_Gas_Field_(Egypt),True,False,31.249,26.568,https://www.gem.wiki/Obaiyed_Oil_and_Gas_Field_(Egypt),https://www.gem.wiki/Obaiyed_Oil_and_Gas_Field_(Egypt),未探测,2026-09-30,未取得可展示的本层级产量/产能；不填0；所引URL自动访问失败或未探测；不代表资产不存在,回查GEM公开名录确认名称；不移植其未逐条核清的产量字段。名录状态不证明当前停复产。坐标是GEM公布的田/项目参考点，exact是源分类，不是本项目独立测绘。
沙特阿拉伯,Midyan,Midyan,,field,,油气／凝析油,,,undisclosed,,,,,,,,[],[],只核对名称/位置；不将名录的年量、储量、设计能力当当前日产量,没有当前逐资产实绩；缺失不等于零,历史生产／当前待核,GEM名录回查2026-09-30；逐田观察期不统一,低,https://www.gem.wiki/Midyan_Oil_and_Gas_Field_(Saudi_Arabia),True,False,28.1693,34.8673,https://www.gem.wiki/Midyan_Oil_and_Gas_Field_(Saudi_Arabia),https://www.gem.wiki/Midyan_Oil_and_Gas_Field_(Saudi_Arabia),未探测,2026-09-30,未取得可展示的本层级产量/产能；不填0；所引URL自动访问失败或未探测；不代表资产不存在,回查GEM公开名录确认名称；不移植其未逐条核清的产量字段。名录状态不证明当前停复产。坐标是GEM公布的田/项目参考点，exact是源分类，不是本项目独立测绘。
阿联酋,Nosrat,Nosrat,,field,,原油,,,undisclosed,,,,,,,,[],[],只核对名称/位置；不将名录的年量、储量、设计能力当当前日产量,没有当前逐资产实绩；缺失不等于零,历史生产／当前待核,GEM名录回查2026-09-30；逐田观察期不统一,低,"https://www.gem.wiki/Nosrat_Oil_Field_(United_Arab_Emirates,_Iran)",True,False,25.7087,54.4871,"https://www.gem.wiki/Nosrat_Oil_Field_(United_Arab_Emirates,_Iran)","https://www.gem.wiki/Nosrat_Oil_Field_(United_Arab_Emirates,_Iran)",未探测,2026-09-30,未取得可展示的本层级产量/产能；不填0；所引URL自动访问失败或未探测；不代表资产不存在,回查GEM公开名录确认名称；不移植其未逐条核清的产量字段。名录状态不证明当前停复产。坐标是GEM公布的田/项目参考点，exact是源分类，不是本项目独立测绘。
伊朗,Resalat,Resalat,,field,,原油,,,undisclosed,,,,,,,,[],[],只核对名称/位置；不将名录的年量、储量、设计能力当当前日产量,没有当前逐资产实绩；缺失不等于零,历史生产／当前待核,GEM名录回查2026-09-30；逐田观察期不统一,低,https://www.gem.wiki/Resalat_Oil_Field_(Iran),False,False,,,,https://www.gem.wiki/Resalat_Oil_Field_(Iran),未探测,2026-09-30,未取得可展示的本层级产量/产能；不填0；所引URL自动访问失败或未探测；不代表资产不存在；没有独立核验坐标；仅列目录,回查GEM公开名录确认名称；不移植其未逐条核清的产量字段。名录状态不证明当前停复产。暂无重新核实的独立坐标。
伊朗,Binak,Binak,,field,,油气／凝析油,,,undisclosed,,,,,,,,[],[],只核对名称/位置；不将名录的年量、储量、设计能力当当前日产量,没有当前逐资产实绩；缺失不等于零,历史生产／当前待核,GEM名录回查2026-09-30；逐田观察期不统一,低,https://www.gem.wiki/Binak_Oil_and_Gas_Field_(Iran),True,False,29.7618,50.3789,https://www.gem.wiki/Binak_Oil_and_Gas_Field_(Iran),https://www.gem.wiki/Binak_Oil_and_Gas_Field_(Iran),未探测,2026-09-30,未取得可展示的本层级产量/产能；不填0；所引URL自动访问失败或未探测；不代表资产不存在,回查GEM公开名录确认名称；不移植其未逐条核清的产量字段。名录状态不证明当前停复产。坐标是GEM公布的田/项目参考点，exact是源分类，不是本项目独立测绘。
伊朗,Sarvestan,Sarvestan,,field,,油气／凝析油,,,undisclosed,,,,,,,,[],[],只核对名称/位置；不将名录的年量、储量、设计能力当当前日产量,没有当前逐资产实绩；缺失不等于零,历史生产／当前待核,GEM名录回查2026-09-30；逐田观察期不统一,低,https://www.gem.wiki/Sarvestan_Oil_and_Gas_Field_(Iran),True,False,29.128,53.224,https://www.gem.wiki/Sarvestan_Oil_and_Gas_Field_(Iran),https://www.gem.wiki/Sarvestan_Oil_and_Gas_Field_(Iran),未探测,2026-09-30,未取得可展示的本层级产量/产能；不填0；所引URL自动访问失败或未探测；不代表资产不存在,回查GEM公开名录确认名称；不移植其未逐条核清的产量字段。名录状态不证明当前停复产。坐标是GEM公布的田/项目参考点，exact是源分类，不是本项目独立测绘。
伊朗,Gulkhari,Gulkhari,,field,,原油,,,undisclosed,,,,,,,,[],[],只核对名称/位置；不将名录的年量、储量、设计能力当当前日产量,没有当前逐资产实绩；缺失不等于零,历史生产／当前待核,GEM名录回查2026-09-30；逐田观察期不统一,低,https://www.gem.wiki/Gulkhari_Oil_Field_(Iran),True,False,29.6905,50.7468,https://www.gem.wiki/Gulkhari_Oil_Field_(Iran),https://www.gem.wiki/Gulkhari_Oil_Field_(Iran),未探测,2026-09-30,未取得可展示的本层级产量/产能；不填0；所引URL自动访问失败或未探测；不代表资产不存在,回查GEM公开名录确认名称；不移植其未逐条核清的产量字段。名录状态不证明当前停复产。坐标是GEM公布的田/项目参考点，exact是源分类，不是本项目独立测绘。
伊朗,Saadat Abad,Saadat Abad,,field,,原油,,,undisclosed,,,,,,,,[],[],只核对名称/位置；不将名录的年量、储量、设计能力当当前日产量,没有当前逐资产实绩；缺失不等于零,历史生产／当前待核,GEM名录回查2026-09-30；逐田观察期不统一,低,https://www.gem.wiki/Saadat_Abad_Oil_Field_(Iran),True,False,29.2666,53.1235,https://www.gem.wiki/Saadat_Abad_Oil_Field_(Iran),https://www.gem.wiki/Saadat_Abad_Oil_Field_(Iran),未探测,2026-09-30,未取得可展示的本层级产量/产能；不填0；所引URL自动访问失败或未探测；不代表资产不存在,回查GEM公开名录确认名称；不移植其未逐条核清的产量字段。名录状态不证明当前停复产。坐标是GEM公布的田/项目参考点，exact是源分类，不是本项目独立测绘。
埃及,Bed-3,Bed-3,,field,,油气／凝析油,,,undisclosed,,,,,,,,[],[],只核对名称/位置；不将名录的年量、储量、设计能力当当前日产量,没有当前逐资产实绩；缺失不等于零,历史生产／当前待核,GEM名录回查2026-09-30；逐田观察期不统一,低,https://www.gem.wiki/Bed-3_Oil_and_Gas_Field_(Egypt),True,False,29.76,27.878,https://www.gem.wiki/Bed-3_Oil_and_Gas_Field_(Egypt),https://www.gem.wiki/Bed-3_Oil_and_Gas_Field_(Egypt),未探测,2026-09-30,未取得可展示的本层级产量/产能；不填0；所引URL自动访问失败或未探测；不代表资产不存在,回查GEM公开名录确认名称；不移植其未逐条核清的产量字段。名录状态不证明当前停复产。坐标是GEM公布的田/项目参考点，exact是源分类，不是本项目独立测绘。
阿曼,Hawqa,Hawqa,,field,,油气／凝析油,,,undisclosed,,,,,,,,[],[],只核对名称/位置；不将名录的年量、储量、设计能力当当前日产量,没有当前逐资产实绩；缺失不等于零,历史生产／当前待核,GEM名录回查2026-09-30；逐田观察期不统一,低,https://www.gem.wiki/Hawqa_Oil_and_Gas_Field_(Oman),True,False,20.1953,55.7296,https://www.gem.wiki/Hawqa_Oil_and_Gas_Field_(Oman),https://www.gem.wiki/Hawqa_Oil_and_Gas_Field_(Oman),未探测,2026-09-30,未取得可展示的本层级产量/产能；不填0；所引URL自动访问失败或未探测；不代表资产不存在,回查GEM公开名录确认名称；不移植其未逐条核清的产量字段。名录状态不证明当前停复产。坐标是GEM公布的田/项目参考点，exact是源分类，不是本项目独立测绘。
埃及,Temsah,Temsah,,field,,油气／凝析油,,,undisclosed,,,,,,,,[],[],只核对名称/位置；不将名录的年量、储量、设计能力当当前日产量,没有当前逐资产实绩；缺失不等于零,历史生产／当前待核,GEM名录回查2026-09-30；逐田观察期不统一,低,https://www.gem.wiki/Temsah_Oil_and_Gas_Field_(Egypt),True,False,31.618,32.382,https://www.gem.wiki/Temsah_Oil_and_Gas_Field_(Egypt),https://www.gem.wiki/Temsah_Oil_and_Gas_Field_(Egypt),未探测,2026-09-30,未取得可展示的本层级产量/产能；不填0；所引URL自动访问失败或未探测；不代表资产不存在,回查GEM公开名录确认名称；不移植其未逐条核清的产量字段。名录状态不证明当前停复产。坐标是GEM公布的田/项目参考点，exact是源分类，不是本项目独立测绘。
科威特,Dharif,Dharif,,field,,原油,,,undisclosed,,,,,,,,[],[],只核对名称/位置；不将名录的年量、储量、设计能力当当前日产量,没有当前逐资产实绩；缺失不等于零,历史生产／当前待核,GEM名录回查2026-09-30；逐田观察期不统一,低,https://www.gem.wiki/Dharif_Oil_Field_(Kuwait),True,False,29.206,47.7624,https://www.gem.wiki/Dharif_Oil_Field_(Kuwait),https://www.gem.wiki/Dharif_Oil_Field_(Kuwait),未探测,2026-09-30,未取得可展示的本层级产量/产能；不填0；所引URL自动访问失败或未探测；不代表资产不存在,回查GEM公开名录确认名称；不移植其未逐条核清的产量字段。名录状态不证明当前停复产。坐标是GEM公布的田/项目参考点，exact是源分类，不是本项目独立测绘。
伊拉克,Simrit,Simrit,,field,,油气／凝析油,,,undisclosed,,,,,,,,[],[],只核对名称/位置；不将名录的年量、储量、设计能力当当前日产量,没有当前逐资产实绩；缺失不等于零,历史生产／当前待核,GEM名录回查2026-09-30；逐田观察期不统一,低,https://www.gem.wiki/Simrit_Oil_and_Gas_Field_(Iraq),True,False,36.6987,43.3396,https://www.gem.wiki/Simrit_Oil_and_Gas_Field_(Iraq),https://www.gem.wiki/Simrit_Oil_and_Gas_Field_(Iraq),未探测,2026-09-30,未取得可展示的本层级产量/产能；不填0；所引URL自动访问失败或未探测；不代表资产不存在,回查GEM公开名录确认名称；不移植其未逐条核清的产量字段。名录状态不证明当前停复产。坐标是GEM公布的田/项目参考点，exact是源分类，不是本项目独立测绘。
埃及,Ha'py,Ha'py,,field,,油气／凝析油,,,undisclosed,,,,,,,,[],[],只核对名称/位置；不将名录的年量、储量、设计能力当当前日产量,没有当前逐资产实绩；缺失不等于零,历史生产／当前待核,GEM名录回查2026-09-30；逐田观察期不统一,低,https://www.gem.wiki/Ha'py_Oil_and_Gas_Field_(Egypt),True,False,31.575,31.997,https://www.gem.wiki/Ha'py_Oil_and_Gas_Field_(Egypt),https://www.gem.wiki/Ha'py_Oil_and_Gas_Field_(Egypt),未探测,2026-09-30,未取得可展示的本层级产量/产能；不填0；所引URL自动访问失败或未探测；不代表资产不存在,回查GEM公开名录确认名称；不移植其未逐条核清的产量字段。名录状态不证明当前停复产。坐标是GEM公布的田/项目参考点，exact是源分类，不是本项目独立测绘。
叙利亚,Gbeibe,Gbeibe,,field,,原油,,,undisclosed,,,,,,,,[],[],只核对名称/位置；不将名录的年量、储量、设计能力当当前日产量,没有当前逐资产实绩；缺失不等于零,历史生产／当前待核,GEM名录回查2026-09-30；逐田观察期不统一,低,https://www.gem.wiki/Gbeibe_Oil_Field_(Syria),True,False,36.1228,41.0452,https://www.gem.wiki/Gbeibe_Oil_Field_(Syria),https://www.gem.wiki/Gbeibe_Oil_Field_(Syria),未探测,2026-09-30,未取得可展示的本层级产量/产能；不填0；所引URL自动访问失败或未探测；不代表资产不存在,回查GEM公开名录确认名称；不移植其未逐条核清的产量字段。名录状态不证明当前停复产。坐标是GEM公布的田/项目参考点，exact是源分类，不是本项目独立测绘。
埃及,Ras Fanar,Ras Fanar,,field,,油气／凝析油,,,undisclosed,,,,,,,,[],[],只核对名称/位置；不将名录的年量、储量、设计能力当当前日产量,没有当前逐资产实绩；缺失不等于零,历史生产／当前待核,GEM名录回查2026-09-30；逐田观察期不统一,低,https://www.gem.wiki/Ras_Fanar_Oil_and_Gas_Field_(Egypt),True,False,28.4065,33.0801,https://www.gem.wiki/Ras_Fanar_Oil_and_Gas_Field_(Egypt),https://www.gem.wiki/Ras_Fanar_Oil_and_Gas_Field_(Egypt),未探测,2026-09-30,未取得可展示的本层级产量/产能；不填0；所引URL自动访问失败或未探测；不代表资产不存在,回查GEM公开名录确认名称；不移植其未逐条核清的产量字段。名录状态不证明当前停复产。坐标是GEM公布的田/项目参考点，exact是源分类，不是本项目独立测绘。
埃及,South West Melehia,South West Melehia,,field,,原油,,,undisclosed,,,,,,,,[],[],只核对名称/位置；不将名录的年量、储量、设计能力当当前日产量,没有当前逐资产实绩；缺失不等于零,历史生产／当前待核,GEM名录回查2026-09-30；逐田观察期不统一,低,https://www.gem.wiki/South_West_Melehia_Oil_Field_(Egypt),True,False,30.4327,27.2188,https://www.gem.wiki/South_West_Melehia_Oil_Field_(Egypt),https://www.gem.wiki/South_West_Melehia_Oil_Field_(Egypt),未探测,2026-09-30,未取得可展示的本层级产量/产能；不填0；所引URL自动访问失败或未探测；不代表资产不存在,回查GEM公开名录确认名称；不移植其未逐条核清的产量字段。名录状态不证明当前停复产。坐标是GEM公布的田/项目参考点，exact是源分类，不是本项目独立测绘。
伊朗,Sarkhun,Sarkhun,,field,,天然气,,,undisclosed,,,,,,,,[],[],只核对名称/位置；不将名录的年量、储量、设计能力当当前日产量,没有当前逐资产实绩；缺失不等于零,历史生产／当前待核,GEM名录回查2026-09-30；逐田观察期不统一,低,https://www.gem.wiki/Sarkhun_Gas_Field_(Iran),True,False,27.3326,56.3947,https://www.gem.wiki/Sarkhun_Gas_Field_(Iran),https://www.gem.wiki/Sarkhun_Gas_Field_(Iran),未探测,2026-09-30,未取得可展示的本层级产量/产能；不填0；所引URL自动访问失败或未探测；不代表资产不存在,回查GEM公开名录确认名称；不移植其未逐条核清的产量字段。名录状态不证明当前停复产。坐标是GEM公布的田/项目参考点，exact是源分类，不是本项目独立测绘。
阿曼,Tayseer,Tayseer,,field,,油气／凝析油,,,undisclosed,,,,,,,,[],[],只核对名称/位置；不将名录的年量、储量、设计能力当当前日产量,没有当前逐资产实绩；缺失不等于零,历史生产／当前待核,GEM名录回查2026-09-30；逐田观察期不统一,低,https://www.gem.wiki/Tayseer_Oil_and_Gas_Field_(Oman),True,False,20.3293,56.0697,https://www.gem.wiki/Tayseer_Oil_and_Gas_Field_(Oman),https://www.gem.wiki/Tayseer_Oil_and_Gas_Field_(Oman),未探测,2026-09-30,未取得可展示的本层级产量/产能；不填0；所引URL自动访问失败或未探测；不代表资产不存在,回查GEM公开名录确认名称；不移植其未逐条核清的产量字段。名录状态不证明当前停复产。坐标是GEM公布的田/项目参考点，exact是源分类，不是本项目独立测绘。
土耳其,Sehit Aybuke Yalcin,Sehit Aybuke Yalcin,,field,Gabar,原油,,,undisclosed,,,,,,,,[],[],只核对名称/位置；不将名录的年量、储量、设计能力当当前日产量,没有当前逐资产实绩；缺失不等于零,历史生产／当前待核,GEM名录回查2026-09-30；逐田观察期不统一,低,https://www.gem.wiki/Sehit_Aybuke_Yalcin_Oil_Field_(Türkiye),True,False,37.5152,42.1668,https://www.gem.wiki/Sehit_Aybuke_Yalcin_Oil_Field_(Türkiye),https://www.gem.wiki/Sehit_Aybuke_Yalcin_Oil_Field_(Türkiye),未探测,2026-09-30,未取得可展示的本层级产量/产能；不填0；所引URL自动访问失败或未探测；不代表资产不存在,回查GEM公开名录确认名称；不移植其未逐条核清的产量字段。名录状态不证明当前停复产。坐标是GEM公布的田/项目参考点，exact是源分类，不是本项目独立测绘。
伊朗,Khesht,Khesht,,field,,原油,,,undisclosed,,,,,,,,[],[],只核对名称/位置；不将名录的年量、储量、设计能力当当前日产量,没有当前逐资产实绩；缺失不等于零,历史生产／当前待核,GEM名录回查2026-09-30；逐田观察期不统一,低,https://www.gem.wiki/Khesht_Oil_Field_(Iran),True,False,29.4327,51.4879,https://www.gem.wiki/Khesht_Oil_Field_(Iran),https://www.gem.wiki/Khesht_Oil_Field_(Iran),未探测,2026-09-30,未取得可展示的本层级产量/产能；不填0；所引URL自动访问失败或未探测；不代表资产不存在,回查GEM公开名录确认名称；不移植其未逐条核清的产量字段。名录状态不证明当前停复产。坐标是GEM公布的田/项目参考点，exact是源分类，不是本项目独立测绘。
伊朗,Chillingar,Chillingar,,field,,原油,,,undisclosed,,,,,,,,[],[],只核对名称/位置；不将名录的年量、储量、设计能力当当前日产量,没有当前逐资产实绩；缺失不等于零,历史生产／当前待核,GEM名录回查2026-09-30；逐田观察期不统一,低,https://www.gem.wiki/Chillingar_Oil_Field_(Iran),True,False,30.0256,50.9532,https://www.gem.wiki/Chillingar_Oil_Field_(Iran),https://www.gem.wiki/Chillingar_Oil_Field_(Iran),未探测,2026-09-30,未取得可展示的本层级产量/产能；不填0；所引URL自动访问失败或未探测；不代表资产不存在,回查GEM公开名录确认名称；不移植其未逐条核清的产量字段。名录状态不证明当前停复产。坐标是GEM公布的田/项目参考点，exact是源分类，不是本项目独立测绘。
埃及,Berenice,Berenice,,field,,原油,,,undisclosed,,,,,,,,[],[],只核对名称/位置；不将名录的年量、储量、设计能力当当前日产量,没有当前逐资产实绩；缺失不等于零,历史生产／当前待核,GEM名录回查2026-09-30；逐田观察期不统一,低,https://www.gem.wiki/Berenice_Oil_Field_(Egypt),False,False,,,,https://www.gem.wiki/Berenice_Oil_Field_(Egypt),未探测,2026-09-30,未取得可展示的本层级产量/产能；不填0；所引URL自动访问失败或未探测；不代表资产不存在；没有独立核验坐标；仅列目录,回查GEM公开名录确认名称；不移植其未逐条核清的产量字段。名录状态不证明当前停复产。暂无重新核实的独立坐标。
埃及,Amal Redevelop (A and B),Amal Redevelop (A and B),,project,,油气／凝析油,,,undisclosed,,,,,,,,[],[],只核对名称/位置；不将名录的年量、储量、设计能力当当前日产量,没有当前逐资产实绩；缺失不等于零,历史生产／当前待核,GEM名录回查2026-09-30；逐田观察期不统一,低,https://www.gem.wiki/Amal_Redevelop_(A_and_B)_Oil_and_Gas_Field_(Egypt),True,False,28.0728,33.5694,https://www.gem.wiki/Amal_Redevelop_(A_and_B)_Oil_and_Gas_Field_(Egypt),https://www.gem.wiki/Amal_Redevelop_(A_and_B)_Oil_and_Gas_Field_(Egypt),未探测,2026-09-30,未取得可展示的本层级产量/产能；不填0；所引URL自动访问失败或未探测；不代表资产不存在,回查GEM公开名录确认名称；不移植其未逐条核清的产量字段。名录状态不证明当前停复产。坐标是GEM公布的田/项目参考点，exact是源分类，不是本项目独立测绘。
卡塔尔,Idd El Shargi South Dome (ISSD),Idd El Shargi South Dome (ISSD),,development_area,Idd El-Sharqi,油气／凝析油,,,undisclosed,,,,,,,,[],[],只核对名称/位置；不将名录的年量、储量、设计能力当当前日产量,没有当前逐资产实绩；缺失不等于零,历史生产／当前待核,GEM名录回查2026-09-30；逐田观察期不统一,低,https://www.gem.wiki/Idd_El_Shargi_South_Dome_(ISSD)_Oil_and_Gas_Field_(Qatar),True,False,25.3376,52.3637,https://www.gem.wiki/Idd_El_Shargi_South_Dome_(ISSD)_Oil_and_Gas_Field_(Qatar),https://www.gem.wiki/Idd_El_Shargi_South_Dome_(ISSD)_Oil_and_Gas_Field_(Qatar),未探测,2026-09-30,未取得可展示的本层级产量/产能；不填0；所引URL自动访问失败或未探测；不代表资产不存在,回查GEM公开名录确认名称；不移植其未逐条核清的产量字段。名录状态不证明当前停复产。坐标是GEM公布的田/项目参考点，exact是源分类，不是本项目独立测绘。
埃及,Zaafarana,Zaafarana,,field,,原油,,,undisclosed,,,,,,,,[],[],只核对名称/位置；不将名录的年量、储量、设计能力当当前日产量,没有当前逐资产实绩；缺失不等于零,历史生产／当前待核,GEM名录回查2026-09-30；逐田观察期不统一,低,https://www.gem.wiki/Zaafarana_Oil_Field_(Egypt),False,False,,,,https://www.gem.wiki/Zaafarana_Oil_Field_(Egypt),未探测,2026-09-30,未取得可展示的本层级产量/产能；不填0；所引URL自动访问失败或未探测；不代表资产不存在；没有独立核验坐标；仅列目录,回查GEM公开名录确认名称；不移植其未逐条核清的产量字段。名录状态不证明当前停复产。暂无重新核实的独立坐标。
埃及,Alamein,Alamein,,field,,原油,,,undisclosed,,,,,,,,[],[],只核对名称/位置；不将名录的年量、储量、设计能力当当前日产量,没有当前逐资产实绩；缺失不等于零,历史生产／当前待核,GEM名录回查2026-09-30；逐田观察期不统一,低,https://www.gem.wiki/Alamein_Oil_Field_(Egypt),False,False,,,,https://www.gem.wiki/Alamein_Oil_Field_(Egypt),未探测,2026-09-30,未取得可展示的本层级产量/产能；不填0；所引URL自动访问失败或未探测；不代表资产不存在；没有独立核验坐标；仅列目录,回查GEM公开名录确认名称；不移植其未逐条核清的产量字段。名录状态不证明当前停复产。暂无重新核实的独立坐标。
科威特,South Umm-Gudair,South Umm-Gudair,,field,,油气／凝析油,,,undisclosed,,,,,,,,[],[],只核对名称/位置；不将名录的年量、储量、设计能力当当前日产量,没有当前逐资产实绩；缺失不等于零,历史生产／当前待核,GEM名录回查2026-09-30；逐田观察期不统一,低,"https://www.gem.wiki/South_Umm-Gudair_Oil_and_Gas_Field_(Kuwait,_Saudi_Arabia)",True,False,28.4473,47.8621,"https://www.gem.wiki/South_Umm-Gudair_Oil_and_Gas_Field_(Kuwait,_Saudi_Arabia)","https://www.gem.wiki/South_Umm-Gudair_Oil_and_Gas_Field_(Kuwait,_Saudi_Arabia)",未探测,2026-09-30,未取得可展示的本层级产量/产能；不填0；所引URL自动访问失败或未探测；不代表资产不存在,回查GEM公开名录确认名称；不移植其未逐条核清的产量字段。名录状态不证明当前停复产。坐标是GEM公布的田/项目参考点，exact是源分类，不是本项目独立测绘。
埃及,Melehia West Deep,Melehia West Deep,,field,,油气／凝析油,,,undisclosed,,,,,,,,[],[],只核对名称/位置；不将名录的年量、储量、设计能力当当前日产量,没有当前逐资产实绩；缺失不等于零,历史生产／当前待核,GEM名录回查2026-09-30；逐田观察期不统一,低,https://www.gem.wiki/Melehia_West_Deep_Oil_and_Gas_Field_(Egypt),True,False,30.7596,27.0501,https://www.gem.wiki/Melehia_West_Deep_Oil_and_Gas_Field_(Egypt),https://www.gem.wiki/Melehia_West_Deep_Oil_and_Gas_Field_(Egypt),未探测,2026-09-30,未取得可展示的本层级产量/产能；不填0；所引URL自动访问失败或未探测；不代表资产不存在,回查GEM公开名录确认名称；不移植其未逐条核清的产量字段。名录状态不证明当前停复产。坐标是GEM公布的田/项目参考点，exact是源分类，不是本项目独立测绘。
阿曼,Simsim,Simsim,,field,,油气／凝析油,,,undisclosed,,,,,,,,[],[],只核对名称/位置；不将名录的年量、储量、设计能力当当前日产量,没有当前逐资产实绩；缺失不等于零,历史生产／当前待核,GEM名录回查2026-09-30；逐田观察期不统一,低,https://www.gem.wiki/Simsim_Oil_and_Gas_Field_(Oman),True,False,20.3293,56.0697,https://www.gem.wiki/Simsim_Oil_and_Gas_Field_(Oman),https://www.gem.wiki/Simsim_Oil_and_Gas_Field_(Oman),未探测,2026-09-30,未取得可展示的本层级产量/产能；不填0；所引URL自动访问失败或未探测；不代表资产不存在,回查GEM公开名录确认名称；不移植其未逐条核清的产量字段。名录状态不证明当前停复产。坐标是GEM公布的田/项目参考点，exact是源分类，不是本项目独立测绘。
伊朗,Mansurabad,Mansurabad,,field,,油气／凝析油,,,undisclosed,,,,,,,,[],[],只核对名称/位置；不将名录的年量、储量、设计能力当当前日产量,没有当前逐资产实绩；缺失不等于零,历史生产／当前待核,GEM名录回查2026-09-30；逐田观察期不统一,低,https://www.gem.wiki/Mansurabad_Oil_and_Gas_Field_(Iran),True,False,30.66,50.33,https://www.gem.wiki/Mansurabad_Oil_and_Gas_Field_(Iran),https://www.gem.wiki/Mansurabad_Oil_and_Gas_Field_(Iran),未探测,2026-09-30,未取得可展示的本层级产量/产能；不填0；所引URL自动访问失败或未探测；不代表资产不存在,回查GEM公开名录确认名称；不移植其未逐条核清的产量字段。名录状态不证明当前停复产。坐标是GEM公布的田/项目参考点，exact是源分类，不是本项目独立测绘。
埃及,Abu Rudies-Sidri,Abu Rudies-Sidri,,field,,原油,,,undisclosed,,,,,,,,[],[],只核对名称/位置；不将名录的年量、储量、设计能力当当前日产量,没有当前逐资产实绩；缺失不等于零,历史生产／当前待核,GEM名录回查2026-09-30；逐田观察期不统一,低,https://www.gem.wiki/Abu_Rudies-Sidri_Oil_Field_(Egypt),True,False,28.864,33.1671,https://www.gem.wiki/Abu_Rudies-Sidri_Oil_Field_(Egypt),https://www.gem.wiki/Abu_Rudies-Sidri_Oil_Field_(Egypt),未探测,2026-09-30,未取得可展示的本层级产量/产能；不填0；所引URL自动访问失败或未探测；不代表资产不存在,回查GEM公开名录确认名称；不移植其未逐条核清的产量字段。名录状态不证明当前停复产。坐标是GEM公布的田/项目参考点，exact是源分类，不是本项目独立测绘。
伊拉克,Sarqala,Sarqala,,field,,原油,,,undisclosed,,,,,,,,[],[],只核对名称/位置；不将名录的年量、储量、设计能力当当前日产量,没有当前逐资产实绩；缺失不等于零,历史生产／当前待核,GEM名录回查2026-09-30；逐田观察期不统一,低,https://www.gem.wiki/Sarqala_Oil_Field_(Iraq),True,False,34.7161,43.8105,https://www.gem.wiki/Sarqala_Oil_Field_(Iraq),https://www.gem.wiki/Sarqala_Oil_Field_(Iraq),未探测,2026-09-30,未取得可展示的本层级产量/产能；不填0；所引URL自动访问失败或未探测；不代表资产不存在,回查GEM公开名录确认名称；不移植其未逐条核清的产量字段。名录状态不证明当前停复产。坐标是GEM公布的田/项目参考点，exact是源分类，不是本项目独立测绘。
埃及,Geisum,Geisum,,field,,原油,,,undisclosed,,,,,,,,[],[],只核对名称/位置；不将名录的年量、储量、设计能力当当前日产量,没有当前逐资产实绩；缺失不等于零,历史生产／当前待核,GEM名录回查2026-09-30；逐田观察期不统一,低,https://www.gem.wiki/Geisum_Oil_Field_(Egypt),True,False,27.524,33.796,https://www.gem.wiki/Geisum_Oil_Field_(Egypt),https://www.gem.wiki/Geisum_Oil_Field_(Egypt),未探测,2026-09-30,未取得可展示的本层级产量/产能；不填0；所引URL自动访问失败或未探测；不代表资产不存在,回查GEM公开名录确认名称；不移植其未逐条核清的产量字段。名录状态不证明当前停复产。坐标是GEM公布的田/项目参考点，exact是源分类，不是本项目独立测绘。
埃及,Ptah,Ptah,,field,,原油,,,undisclosed,,,,,,,,[],[],只核对名称/位置；不将名录的年量、储量、设计能力当当前日产量,没有当前逐资产实绩；缺失不等于零,历史生产／当前待核,GEM名录回查2026-09-30；逐田观察期不统一,低,https://www.gem.wiki/Ptah_Oil_Field_(Egypt),False,False,,,,https://www.gem.wiki/Ptah_Oil_Field_(Egypt),未探测,2026-09-30,未取得可展示的本层级产量/产能；不填0；所引URL自动访问失败或未探测；不代表资产不存在；没有独立核验坐标；仅列目录,回查GEM公开名录确认名称；不移植其未逐条核清的产量字段。名录状态不证明当前停复产。暂无重新核实的独立坐标。
伊朗,Siah Makan,Siah Makan,,field,,油气／凝析油,,,undisclosed,,,,,,,,[],[],只核对名称/位置；不将名录的年量、储量、设计能力当当前日产量,没有当前逐资产实绩；缺失不等于零,历史生产／当前待核,GEM名录回查2026-09-30；逐田观察期不统一,低,https://www.gem.wiki/Siah_Makan_Oil_and_Gas_Field_(Iran),True,False,30.1,50.38,https://www.gem.wiki/Siah_Makan_Oil_and_Gas_Field_(Iran),https://www.gem.wiki/Siah_Makan_Oil_and_Gas_Field_(Iran),未探测,2026-09-30,未取得可展示的本层级产量/产能；不填0；所引URL自动访问失败或未探测；不代表资产不存在,回查GEM公开名录确认名称；不移植其未逐条核清的产量字段。名录状态不证明当前停复产。坐标是GEM公布的田/项目参考点，exact是源分类，不是本项目独立测绘。
埃及,Wakar,Wakar,,field,,油气／凝析油,,,undisclosed,,,,,,,,[],[],只核对名称/位置；不将名录的年量、储量、设计能力当当前日产量,没有当前逐资产实绩；缺失不等于零,历史生产／当前待核,GEM名录回查2026-09-30；逐田观察期不统一,低,https://www.gem.wiki/Wakar_Oil_and_Gas_Field_(Egypt),True,False,31.74,32.399,https://www.gem.wiki/Wakar_Oil_and_Gas_Field_(Egypt),https://www.gem.wiki/Wakar_Oil_and_Gas_Field_(Egypt),未探测,2026-09-30,未取得可展示的本层级产量/产能；不填0；所引URL自动访问失败或未探测；不代表资产不存在,回查GEM公开名录确认名称；不移植其未逐条核清的产量字段。名录状态不证明当前停复产。坐标是GEM公布的田/项目参考点，exact是源分类，不是本项目独立测绘。
伊拉克,Banan,Banan,,field,,原油,,,undisclosed,,,,,,,,[],[],只核对名称/位置；不将名录的年量、储量、设计能力当当前日产量,没有当前逐资产实绩；缺失不等于零,历史生产／当前待核,GEM名录回查2026-09-30；逐田观察期不统一,低,https://www.gem.wiki/Banan_Oil_Field_(Iraq),False,False,,,,https://www.gem.wiki/Banan_Oil_Field_(Iraq),未探测,2026-09-30,未取得可展示的本层级产量/产能；不填0；所引URL自动访问失败或未探测；不代表资产不存在；没有独立核验坐标；仅列目录,回查GEM公开名录确认名称；不移植其未逐条核清的产量字段。名录状态不证明当前停复产。暂无重新核实的独立坐标。
伊拉克,Demir Dagh,Demir Dagh,,field,,原油,,,undisclosed,,,,,,,,[],[],只核对名称/位置；不将名录的年量、储量、设计能力当当前日产量,没有当前逐资产实绩；缺失不等于零,历史生产／当前待核,GEM名录回查2026-09-30；逐田观察期不统一,低,https://www.gem.wiki/Demir_Dagh_Oil_Field_(Iraq),True,False,36.2202,43.716,https://www.gem.wiki/Demir_Dagh_Oil_Field_(Iraq),https://www.gem.wiki/Demir_Dagh_Oil_Field_(Iraq),未探测,2026-09-30,未取得可展示的本层级产量/产能；不填0；所引URL自动访问失败或未探测；不代表资产不存在,回查GEM公开名录确认名称；不移植其未逐条核清的产量字段。名录状态不证明当前停复产。坐标是GEM公布的田/项目参考点，exact是源分类，不是本项目独立测绘。
叙利亚,Al Jubaissah,Al Jubaissah,,field,,原油,,,undisclosed,,,,,,,,[],[],只核对名称/位置；不将名录的年量、储量、设计能力当当前日产量,没有当前逐资产实绩；缺失不等于零,历史生产／当前待核,GEM名录回查2026-09-30；逐田观察期不统一,低,https://www.gem.wiki/Al_Jubaissah_Oil_Field_(Syria),True,False,36.0439,40.6943,https://www.gem.wiki/Al_Jubaissah_Oil_Field_(Syria),https://www.gem.wiki/Al_Jubaissah_Oil_Field_(Syria),未探测,2026-09-30,未取得可展示的本层级产量/产能；不填0；所引URL自动访问失败或未探测；不代表资产不存在,回查GEM公开名录确认名称；不移植其未逐条核清的产量字段。名录状态不证明当前停复产。坐标是GEM公布的田/项目参考点，exact是源分类，不是本项目独立测绘。
伊朗,Ramin,Ramin,,field,,油气／凝析油,,,undisclosed,,,,,,,,[],[],只核对名称/位置；不将名录的年量、储量、设计能力当当前日产量,没有当前逐资产实绩；缺失不等于零,历史生产／当前待核,GEM名录回查2026-09-30；逐田观察期不统一,低,https://www.gem.wiki/Ramin_Oil_and_Gas_Field_(Iran),True,False,31.62,48.93,https://www.gem.wiki/Ramin_Oil_and_Gas_Field_(Iran),https://www.gem.wiki/Ramin_Oil_and_Gas_Field_(Iran),未探测,2026-09-30,未取得可展示的本层级产量/产能；不填0；所引URL自动访问失败或未探测；不代表资产不存在,回查GEM公开名录确认名称；不移植其未逐条核清的产量字段。名录状态不证明当前停复产。坐标是GEM公布的田/项目参考点，exact是源分类，不是本项目独立测绘。
叙利亚,Margada,Margada,,field,,原油,,,undisclosed,,,,,,,,[],[],只核对名称/位置；不将名录的年量、储量、设计能力当当前日产量,没有当前逐资产实绩；缺失不等于零,历史生产／当前待核,GEM名录回查2026-09-30；逐田观察期不统一,低,https://www.gem.wiki/Margada_Oil_Field_(Syria),True,False,36.4959,40.8322,https://www.gem.wiki/Margada_Oil_Field_(Syria),https://www.gem.wiki/Margada_Oil_Field_(Syria),未探测,2026-09-30,未取得可展示的本层级产量/产能；不填0；所引URL自动访问失败或未探测；不代表资产不存在,回查GEM公开名录确认名称；不移植其未逐条核清的产量字段。名录状态不证明当前停复产。坐标是GEM公布的田/项目参考点，exact是源分类，不是本项目独立测绘。
伊朗,Naft Shahr,Naft Shahr,,field,,原油,,,undisclosed,,,,,,,,[],[],只核对名称/位置；不将名录的年量、储量、设计能力当当前日产量,没有当前逐资产实绩；缺失不等于零,历史生产／当前待核,GEM名录回查2026-09-30；逐田观察期不统一,低,https://www.gem.wiki/Naft_Shahr_Oil_Field_(Iran),True,False,34.0455,45.4724,https://www.gem.wiki/Naft_Shahr_Oil_Field_(Iran),https://www.gem.wiki/Naft_Shahr_Oil_Field_(Iran),未探测,2026-09-30,未取得可展示的本层级产量/产能；不填0；所引URL自动访问失败或未探测；不代表资产不存在,回查GEM公开名录确认名称；不移植其未逐条核清的产量字段。名录状态不证明当前停复产。坐标是GEM公布的田/项目参考点，exact是源分类，不是本项目独立测绘。
伊朗,Maleh Kuh,Maleh Kuh,,field,,油气／凝析油,,,undisclosed,,,,,,,,[],[],只核对名称/位置；不将名录的年量、储量、设计能力当当前日产量,没有当前逐资产实绩；缺失不等于零,历史生产／当前待核,GEM名录回查2026-09-30；逐田观察期不统一,低,https://www.gem.wiki/Maleh_Kuh_Oil_and_Gas_Field_(Iran),False,False,,,,https://www.gem.wiki/Maleh_Kuh_Oil_and_Gas_Field_(Iran),未探测,2026-09-30,未取得可展示的本层级产量/产能；不填0；所引URL自动访问失败或未探测；不代表资产不存在；没有独立核验坐标；仅列目录,回查GEM公开名录确认名称；不移植其未逐条核清的产量字段。名录状态不证明当前停复产。暂无重新核实的独立坐标。
埃及,Abu Madi,Abu Madi,,field,,天然气,,,undisclosed,,,,,,,,[],[],只核对名称/位置；不将名录的年量、储量、设计能力当当前日产量,没有当前逐资产实绩；缺失不等于零,历史生产／当前待核,GEM名录回查2026-09-30；逐田观察期不统一,低,https://www.gem.wiki/Abu_Madi_Gas_Field_(Egypt),True,False,31.3612,31.1783,https://www.gem.wiki/Abu_Madi_Gas_Field_(Egypt),https://www.gem.wiki/Abu_Madi_Gas_Field_(Egypt),未探测,2026-09-30,未取得可展示的本层级产量/产能；不填0；所引URL自动访问失败或未探测；不代表资产不存在,回查GEM公开名录确认名称；不移植其未逐条核清的产量字段。名录状态不证明当前停复产。坐标是GEM公布的田/项目参考点，exact是源分类，不是本项目独立测绘。
叙利亚,Jazal-Heil,Jazal-Heil,,field,,原油,,,undisclosed,,,,,,,,[],[],只核对名称/位置；不将名录的年量、储量、设计能力当当前日产量,没有当前逐资产实绩；缺失不等于零,历史生产／当前待核,GEM名录回查2026-09-30；逐田观察期不统一,低,https://www.gem.wiki/Jazal-Heil_Oil_Field_(Syria),True,False,34.3405,38.3349,https://www.gem.wiki/Jazal-Heil_Oil_Field_(Syria),https://www.gem.wiki/Jazal-Heil_Oil_Field_(Syria),未探测,2026-09-30,未取得可展示的本层级产量/产能；不填0；所引URL自动访问失败或未探测；不代表资产不存在,回查GEM公开名录确认名称；不移植其未逐条核清的产量字段。名录状态不证明当前停复产。坐标是GEM公布的田/项目参考点，exact是源分类，不是本项目独立测绘。
埃及,Baltim East,Baltim East,,field,,原油,,,undisclosed,,,,,,,,[],[],只核对名称/位置；不将名录的年量、储量、设计能力当当前日产量,没有当前逐资产实绩；缺失不等于零,历史生产／当前待核,GEM名录回查2026-09-30；逐田观察期不统一,低,https://www.gem.wiki/Baltim_East_Oil_Field_(Egypt),True,False,32.03,31.163,https://www.gem.wiki/Baltim_East_Oil_Field_(Egypt),https://www.gem.wiki/Baltim_East_Oil_Field_(Egypt),未探测,2026-09-30,未取得可展示的本层级产量/产能；不填0；所引URL自动访问失败或未探测；不代表资产不存在,回查GEM公开名录确认名称；不移植其未逐条核清的产量字段。名录状态不证明当前停复产。坐标是GEM公布的田/项目参考点，exact是源分类，不是本项目独立测绘。
叙利亚,Tishreen,Tishreen,,field,,原油,,,undisclosed,,,,,,,,[],[],只核对名称/位置；不将名录的年量、储量、设计能力当当前日产量,没有当前逐资产实绩；缺失不等于零,历史生产／当前待核,GEM名录回查2026-09-30；逐田观察期不统一,低,https://www.gem.wiki/Tishreen_Oil_Field_(Syria),True,False,36.4376,40.8497,https://www.gem.wiki/Tishreen_Oil_Field_(Syria),https://www.gem.wiki/Tishreen_Oil_Field_(Syria),未探测,2026-09-30,未取得可展示的本层级产量/产能；不填0；所引URL自动访问失败或未探测；不代表资产不存在,回查GEM公开名录确认名称；不移植其未逐条核清的产量字段。名录状态不证明当前停复产。坐标是GEM公布的田/项目参考点，exact是源分类，不是本项目独立测绘。
伊朗,Sohrab,Sohrab,,field,,原油,,,undisclosed,,,,,,,,[],[],只核对名称/位置；不将名录的年量、储量、设计能力当当前日产量,没有当前逐资产实绩；缺失不等于零,历史生产／当前待核,GEM名录回查2026-09-30；逐田观察期不统一,低,https://www.gem.wiki/Sohrab_Oil_Field_(Iran),True,False,32.017,47.7821,https://www.gem.wiki/Sohrab_Oil_Field_(Iran),https://www.gem.wiki/Sohrab_Oil_Field_(Iran),未探测,2026-09-30,未取得可展示的本层级产量/产能；不填0；所引URL自动访问失败或未探测；不代表资产不存在,回查GEM公开名录确认名称；不移植其未逐条核清的产量字段。名录状态不证明当前停复产。坐标是GEM公布的田/项目参考点，exact是源分类，不是本项目独立测绘。
埃及,Assil,Assil,,field,,油气／凝析油,,,undisclosed,,,,,,,,[],[],只核对名称/位置；不将名录的年量、储量、设计能力当当前日产量,没有当前逐资产实绩；缺失不等于零,历史生产／当前待核,GEM名录回查2026-09-30；逐田观察期不统一,低,https://www.gem.wiki/Assil_Oil_and_Gas_Field_(Egypt),False,False,,,,https://www.gem.wiki/Assil_Oil_and_Gas_Field_(Egypt),未探测,2026-09-30,未取得可展示的本层级产量/产能；不填0；所引URL自动访问失败或未探测；不代表资产不存在；没有独立核验坐标；仅列目录,回查GEM公开名录确认名称；不移植其未逐条核清的产量字段。名录状态不证明当前停复产。暂无重新核实的独立坐标。
埃及,Bahga,Bahga,,field,,油气／凝析油,,,undisclosed,,,,,,,,[],[],只核对名称/位置；不将名录的年量、储量、设计能力当当前日产量,没有当前逐资产实绩；缺失不等于零,历史生产／当前待核,GEM名录回查2026-09-30；逐田观察期不统一,低,https://www.gem.wiki/Bahga_Oil_and_Gas_Field_(Egypt),True,False,29.2713,28.3712,https://www.gem.wiki/Bahga_Oil_and_Gas_Field_(Egypt),https://www.gem.wiki/Bahga_Oil_and_Gas_Field_(Egypt),未探测,2026-09-30,未取得可展示的本层级产量/产能；不填0；所引URL自动访问失败或未探测；不代表资产不存在,回查GEM公开名录确认名称；不移植其未逐条核清的产量字段。名录状态不证明当前停复产。坐标是GEM公布的田/项目参考点，exact是源分类，不是本项目独立测绘。
埃及,Baltim North,Baltim North,,field,,原油,,,undisclosed,,,,,,,,[],[],只核对名称/位置；不将名录的年量、储量、设计能力当当前日产量,没有当前逐资产实绩；缺失不等于零,历史生产／当前待核,GEM名录回查2026-09-30；逐田观察期不统一,低,https://www.gem.wiki/Baltim_North_Oil_Field_(Egypt),False,False,,,,https://www.gem.wiki/Baltim_North_Oil_Field_(Egypt),未探测,2026-09-30,未取得可展示的本层级产量/产能；不填0；所引URL自动访问失败或未探测；不代表资产不存在；没有独立核验坐标；仅列目录,回查GEM公开名录确认名称；不移植其未逐条核清的产量字段。名录状态不证明当前停复产。暂无重新核实的独立坐标。
叙利亚,Gouna,Gouna,,field,,原油,,,undisclosed,,,,,,,,[],[],只核对名称/位置；不将名录的年量、储量、设计能力当当前日产量,没有当前逐资产实绩；缺失不等于零,历史生产／当前待核,GEM名录回查2026-09-30；逐田观察期不统一,低,https://www.gem.wiki/Gouna_Oil_Field_(Syria),True,False,36.4959,40.8322,https://www.gem.wiki/Gouna_Oil_Field_(Syria),https://www.gem.wiki/Gouna_Oil_Field_(Syria),未探测,2026-09-30,未取得可展示的本层级产量/产能；不填0；所引URL自动访问失败或未探测；不代表资产不存在,回查GEM公开名录确认名称；不移植其未逐条核清的产量字段。名录状态不证明当前停复产。坐标是GEM公布的田/项目参考点，exact是源分类，不是本项目独立测绘。
阿联酋,Zora,Zora,,field,,天然气,,,undisclosed,,,,,,,,[],[],只核对名称/位置；不将名录的年量、储量、设计能力当当前日产量,没有当前逐资产实绩；缺失不等于零,历史生产／当前待核,GEM名录回查2026-09-30；逐田观察期不统一,低,https://www.gem.wiki/Zora_Gas_Field_(United_Arab_Emirates),False,False,,,,https://www.gem.wiki/Zora_Gas_Field_(United_Arab_Emirates),未探测,2026-09-30,未取得可展示的本层级产量/产能；不填0；所引URL自动访问失败或未探测；不代表资产不存在；没有独立核验坐标；仅列目录,回查GEM公开名录确认名称；不移植其未逐条核清的产量字段。名录状态不证明当前停复产。暂无重新核实的独立坐标。
埃及,Magd,Magd,,field,,油气／凝析油,,,undisclosed,,,,,,,,[],[],只核对名称/位置；不将名录的年量、储量、设计能力当当前日产量,没有当前逐资产实绩；缺失不等于零,历史生产／当前待核,GEM名录回查2026-09-30；逐田观察期不统一,低,https://www.gem.wiki/Magd_Oil_and_Gas_Field_(Egypt),False,False,,,,https://www.gem.wiki/Magd_Oil_and_Gas_Field_(Egypt),未探测,2026-09-30,未取得可展示的本层级产量/产能；不填0；所引URL自动访问失败或未探测；不代表资产不存在；没有独立核验坐标；仅列目录,回查GEM公开名录确认名称；不移植其未逐条核清的产量字段。名录状态不证明当前停复产。暂无重新核实的独立坐标。
埃及,Barq,Barq,,field,,油气／凝析油,,,undisclosed,,,,,,,,[],[],只核对名称/位置；不将名录的年量、储量、设计能力当当前日产量,没有当前逐资产实绩；缺失不等于零,历史生产／当前待核,GEM名录回查2026-09-30；逐田观察期不统一,低,https://www.gem.wiki/Barq_Oil_and_Gas_Field_(Egypt),True,False,29.3042,28.4136,https://www.gem.wiki/Barq_Oil_and_Gas_Field_(Egypt),https://www.gem.wiki/Barq_Oil_and_Gas_Field_(Egypt),未探测,2026-09-30,未取得可展示的本层级产量/产能；不填0；所引URL自动访问失败或未探测；不代表资产不存在,回查GEM公开名录确认名称；不移植其未逐条核清的产量字段。名录状态不证明当前停复产。坐标是GEM公布的田/项目参考点，exact是源分类，不是本项目独立测绘。
土耳其,Çaycuma,Çaycuma,,field,,天然气,,,undisclosed,,,,,,,,[],[],只核对名称/位置；不将名录的年量、储量、设计能力当当前日产量,没有当前逐资产实绩；缺失不等于零,历史生产／当前待核,GEM名录回查2026-09-30；逐田观察期不统一,低,https://www.gem.wiki/Çaycuma_Gas_Field_(Türkiye),False,False,,,,https://www.gem.wiki/Çaycuma_Gas_Field_(Türkiye),未探测,2026-09-30,未取得可展示的本层级产量/产能；不填0；所引URL自动访问失败或未探测；不代表资产不存在；没有独立核验坐标；仅列目录,回查GEM公开名录确认名称；不移植其未逐条核清的产量字段。名录状态不证明当前停复产。暂无重新核实的独立坐标。
叙利亚,Tayyani,Tayyani,,field,,原油,,,undisclosed,,,,,,,,[],[],只核对名称/位置；不将名录的年量、储量、设计能力当当前日产量,没有当前逐资产实绩；缺失不等于零,历史生产／当前待核,GEM名录回查2026-09-30；逐田观察期不统一,低,https://www.gem.wiki/Tayyani_Oil_Field_(Syria),True,False,35.1366,40.3434,https://www.gem.wiki/Tayyani_Oil_Field_(Syria),https://www.gem.wiki/Tayyani_Oil_Field_(Syria),未探测,2026-09-30,未取得可展示的本层级产量/产能；不填0；所引URL自动访问失败或未探测；不代表资产不存在,回查GEM公开名录确认名称；不移植其未逐条核清的产量字段。名录状态不证明当前停复产。坐标是GEM公布的田/项目参考点，exact是源分类，不是本项目独立测绘。
阿曼,Ulfa,Ulfa,,field,,原油,,,undisclosed,,,,,,,,[],[],只核对名称/位置；不将名录的年量、储量、设计能力当当前日产量,没有当前逐资产实绩；缺失不等于零,历史生产／当前待核,GEM名录回查2026-09-30；逐田观察期不统一,低,https://www.gem.wiki/Ulfa_Oil_Field_(Oman),True,False,20.3835,57.4264,https://www.gem.wiki/Ulfa_Oil_Field_(Oman),https://www.gem.wiki/Ulfa_Oil_Field_(Oman),未探测,2026-09-30,未取得可展示的本层级产量/产能；不填0；所引URL自动访问失败或未探测；不代表资产不存在,回查GEM公开名录确认名称；不移植其未逐条核清的产量字段。名录状态不证明当前停复产。坐标是GEM公布的田/项目参考点，exact是源分类，不是本项目独立测绘。
埃及,Denise,Denise,,field,,天然气,,,undisclosed,,,,,,,,[],[],只核对名称/位置；不将名录的年量、储量、设计能力当当前日产量,没有当前逐资产实绩；缺失不等于零,历史生产／当前待核,GEM名录回查2026-09-30；逐田观察期不统一,低,https://www.gem.wiki/Denise_Gas_Field_(Egypt),True,False,31.717,32.284,https://www.gem.wiki/Denise_Gas_Field_(Egypt),https://www.gem.wiki/Denise_Gas_Field_(Egypt),未探测,2026-09-30,未取得可展示的本层级产量/产能；不填0；所引URL自动访问失败或未探测；不代表资产不存在,回查GEM公开名录确认名称；不移植其未逐条核清的产量字段。名录状态不证明当前停复产。坐标是GEM公布的田/项目参考点，exact是源分类，不是本项目独立测绘。
叙利亚,Deilla,Deilla,,field,,原油,,,undisclosed,,,,,,,,[],[],只核对名称/位置；不将名录的年量、储量、设计能力当当前日产量,没有当前逐资产实绩；缺失不等于零,历史生产／当前待核,GEM名录回查2026-09-30；逐田观察期不统一,低,https://www.gem.wiki/Deilla_Oil_Field_(Syria),True,False,36.0494,38.9487,https://www.gem.wiki/Deilla_Oil_Field_(Syria),https://www.gem.wiki/Deilla_Oil_Field_(Syria),未探测,2026-09-30,未取得可展示的本层级产量/产能；不填0；所引URL自动访问失败或未探测；不代表资产不存在,回查GEM公开名录确认名称；不移植其未逐条核清的产量字段。名录状态不证明当前停复产。坐标是GEM公布的田/项目参考点，exact是源分类，不是本项目独立测绘。
伊朗,Towsan,Towsan,,field,,原油,,,undisclosed,,,,,,,,[],[],只核对名称/位置；不将名录的年量、储量、设计能力当当前日产量,没有当前逐资产实绩；缺失不等于零,历史生产／当前待核,GEM名录回查2026-09-30；逐田观察期不统一,低,https://www.gem.wiki/Towsan_Oil_Field_(Iran),False,False,,,,https://www.gem.wiki/Towsan_Oil_Field_(Iran),未探测,2026-09-30,未取得可展示的本层级产量/产能；不填0；所引URL自动访问失败或未探测；不代表资产不存在；没有独立核验坐标；仅列目录,回查GEM公开名录确认名称；不移植其未逐条核清的产量字段。名录状态不证明当前停复产。暂无重新核实的独立坐标。
伊拉克,Topkhana,Topkhana,,field,,油气／凝析油,,,undisclosed,,,,,,,,[],[],只核对名称/位置；不将名录的年量、储量、设计能力当当前日产量,没有当前逐资产实绩；缺失不等于零,历史生产／当前待核,GEM名录回查2026-09-30；逐田观察期不统一,低,https://www.gem.wiki/Topkhana_Oil_and_Gas_Field_(Iraq),True,False,35.1974,45.3054,https://www.gem.wiki/Topkhana_Oil_and_Gas_Field_(Iraq),https://www.gem.wiki/Topkhana_Oil_and_Gas_Field_(Iraq),未探测,2026-09-30,未取得可展示的本层级产量/产能；不填0；所引URL自动访问失败或未探测；不代表资产不存在,回查GEM公开名录确认名称；不移植其未逐条核清的产量字段。名录状态不证明当前停复产。坐标是GEM公布的田/项目参考点，exact是源分类，不是本项目独立测绘。
以色列,Dalit,Dalit,,field,,天然气,,,undisclosed,,,,,,,,[],[],只核对名称/位置；不将名录的年量、储量、设计能力当当前日产量,没有当前逐资产实绩；缺失不等于零,历史生产／当前待核,GEM名录回查2026-09-30；逐田观察期不统一,低,https://www.gem.wiki/Dalit_Gas_Field_(Israel),True,False,32.6623,34.2196,https://www.gem.wiki/Dalit_Gas_Field_(Israel),https://www.gem.wiki/Dalit_Gas_Field_(Israel),未探测,2026-09-30,未取得可展示的本层级产量/产能；不填0；所引URL自动访问失败或未探测；不代表资产不存在,回查GEM公开名录确认名称；不移植其未逐条核清的产量字段。名录状态不证明当前停复产。坐标是GEM公布的田/项目参考点，exact是源分类，不是本项目独立测绘。
伊朗,Dalan,Dalan,,field,,油气／凝析油,,,undisclosed,,,,,,,,[],[],只核对名称/位置；不将名录的年量、储量、设计能力当当前日产量,没有当前逐资产实绩；缺失不等于零,历史生产／当前待核,GEM名录回查2026-09-30；逐田观察期不统一,低,https://www.gem.wiki/Dalan_Oil_and_Gas_Field_(Iran),False,False,,,,https://www.gem.wiki/Dalan_Oil_and_Gas_Field_(Iran),未探测,2026-09-30,未取得可展示的本层级产量/产能；不填0；所引URL自动访问失败或未探测；不代表资产不存在；没有独立核验坐标；仅列目录,回查GEM公开名录确认名称；不移植其未逐条核清的产量字段。名录状态不证明当前停复产。暂无重新核实的独立坐标。
埃及,Tut,Tut,,field,,油气／凝析油,,,undisclosed,,,,,,,,[],[],只核对名称/位置；不将名录的年量、储量、设计能力当当前日产量,没有当前逐资产实绩；缺失不等于零,历史生产／当前待核,GEM名录回查2026-09-30；逐田观察期不统一,低,https://www.gem.wiki/Tut_Oil_and_Gas_Field_(Egypt),True,False,30.755,26.975,https://www.gem.wiki/Tut_Oil_and_Gas_Field_(Egypt),https://www.gem.wiki/Tut_Oil_and_Gas_Field_(Egypt),未探测,2026-09-30,未取得可展示的本层级产量/产能；不填0；所引URL自动访问失败或未探测；不代表资产不存在,回查GEM公开名录确认名称；不移植其未逐条核清的产量字段。名录状态不证明当前停复产。坐标是GEM公布的田/项目参考点，exact是源分类，不是本项目独立测绘。
科威特,Dorra,Dorra,,field,,油气／凝析油,,,undisclosed,,,,,,,,[],[],只核对名称/位置；不将名录的年量、储量、设计能力当当前日产量,没有当前逐资产实绩；缺失不等于零,历史生产／当前待核,GEM名录回查2026-09-30；逐田观察期不统一,低,https://www.gem.wiki/Dorra_Oil_and_Gas_Field_(Kuwait),True,False,28.9686,49.1122,https://www.gem.wiki/Dorra_Oil_and_Gas_Field_(Kuwait),https://www.gem.wiki/Dorra_Oil_and_Gas_Field_(Kuwait),未探测,2026-09-30,未取得可展示的本层级产量/产能；不填0；所引URL自动访问失败或未探测；不代表资产不存在,回查GEM公开名录确认名称；不移植其未逐条核清的产量字段。名录状态不证明当前停复产。坐标是GEM公布的田/项目参考点，exact是源分类，不是本项目独立测绘。
叙利亚,Al Khairat,Al Khairat,,field,,油气／凝析油,,,undisclosed,,,,,,,,[],[],只核对名称/位置；不将名录的年量、储量、设计能力当当前日产量,没有当前逐资产实绩；缺失不等于零,历史生产／当前待核,GEM名录回查2026-09-30；逐田观察期不统一,低,https://www.gem.wiki/Al_Khairat_Oil_and_Gas_Field_(Syria),True,False,36.9444,41.9288,https://www.gem.wiki/Al_Khairat_Oil_and_Gas_Field_(Syria),https://www.gem.wiki/Al_Khairat_Oil_and_Gas_Field_(Syria),未探测,2026-09-30,未取得可展示的本层级产量/产能；不填0；所引URL自动访问失败或未探测；不代表资产不存在,回查GEM公开名录确认名称；不移植其未逐条核清的产量字段。名录状态不证明当前停复产。坐标是GEM公布的田/项目参考点，exact是源分类，不是本项目独立测绘。
埃及,Amal C,Amal C,,field,,油气／凝析油,,,undisclosed,,,,,,,,[],[],只核对名称/位置；不将名录的年量、储量、设计能力当当前日产量,没有当前逐资产实绩；缺失不等于零,历史生产／当前待核,GEM名录回查2026-09-30；逐田观察期不统一,低,https://www.gem.wiki/Amal_C_Oil_and_Gas_Field_(Egypt),True,False,28.0728,33.5694,https://www.gem.wiki/Amal_C_Oil_and_Gas_Field_(Egypt),https://www.gem.wiki/Amal_C_Oil_and_Gas_Field_(Egypt),未探测,2026-09-30,未取得可展示的本层级产量/产能；不填0；所引URL自动访问失败或未探测；不代表资产不存在,回查GEM公开名录确认名称；不移植其未逐条核清的产量字段。名录状态不证明当前停复产。坐标是GEM公布的田/项目参考点，exact是源分类，不是本项目独立测绘。
埃及,Amal,Amal,,field,,原油,,,undisclosed,,,,,,,,[],[],只核对名称/位置；不将名录的年量、储量、设计能力当当前日产量,没有当前逐资产实绩；缺失不等于零,历史生产／当前待核,GEM名录回查2026-09-30；逐田观察期不统一,低,https://www.gem.wiki/Amal_Oil_Field_(Egypt),False,False,,,,https://www.gem.wiki/Amal_Oil_Field_(Egypt),未探测,2026-09-30,未取得可展示的本层级产量/产能；不填0；所引URL自动访问失败或未探测；不代表资产不存在；没有独立核验坐标；仅列目录,回查GEM公开名录确认名称；不移植其未逐条核清的产量字段。名录状态不证明当前停复产。暂无重新核实的独立坐标。
阿曼,Amal West,Amal West,,field,,原油,,,undisclosed,,,,,,,,[],[],只核对名称/位置；不将名录的年量、储量、设计能力当当前日产量,没有当前逐资产实绩；缺失不等于零,历史生产／当前待核,GEM名录回查2026-09-30；逐田观察期不统一,低,https://www.gem.wiki/Amal_West_Oil_Field_(Oman),True,False,20.3293,56.0697,https://www.gem.wiki/Amal_West_Oil_Field_(Oman),https://www.gem.wiki/Amal_West_Oil_Field_(Oman),未探测,2026-09-30,未取得可展示的本层级产量/产能；不填0；所引URL自动访问失败或未探测；不代表资产不存在,回查GEM公开名录确认名称；不移植其未逐条核清的产量字段。名录状态不证明当前停复产。坐标是GEM公布的田/项目参考点，exact是源分类，不是本项目独立测绘。
阿联酋,XF-002,XF-002,,field,,油气／凝析油,,,undisclosed,,,,,,,,[],[],只核对名称/位置；不将名录的年量、储量、设计能力当当前日产量,没有当前逐资产实绩；缺失不等于零,历史生产／当前待核,GEM名录回查2026-09-30；逐田观察期不统一,低,https://www.gem.wiki/XF-002_Oil_and_Gas_Field_(United_Arab_Emirates),True,False,24.609,54.0093,https://www.gem.wiki/XF-002_Oil_and_Gas_Field_(United_Arab_Emirates),https://www.gem.wiki/XF-002_Oil_and_Gas_Field_(United_Arab_Emirates),未探测,2026-09-30,未取得可展示的本层级产量/产能；不填0；所引URL自动访问失败或未探测；不代表资产不存在,回查GEM公开名录确认名称；不移植其未逐条核清的产量字段。名录状态不证明当前停复产。坐标是GEM公布的田/项目参考点，exact是源分类，不是本项目独立测绘。
叙利亚,Akash,Akash,,field,,原油,,,undisclosed,,,,,,,,[],[],只核对名称/位置；不将名录的年量、储量、设计能力当当前日产量,没有当前逐资产实绩；缺失不等于零,历史生产／当前待核,GEM名录回查2026-09-30；逐田观察期不统一,低,https://www.gem.wiki/Akash_Oil_Field_(Syria),True,False,34.4025,40.737,https://www.gem.wiki/Akash_Oil_Field_(Syria),https://www.gem.wiki/Akash_Oil_Field_(Syria),未探测,2026-09-30,未取得可展示的本层级产量/产能；不填0；所引URL自动访问失败或未探测；不代表资产不存在,回查GEM公开名录确认名称；不移植其未逐条核清的产量字段。名录状态不证明当前停复产。坐标是GEM公布的田/项目参考点，exact是源分类，不是本项目独立测绘。
阿曼,Amin,Amin,,field,,原油,,,undisclosed,,,,,,,,[],[],只核对名称/位置；不将名录的年量、储量、设计能力当当前日产量,没有当前逐资产实绩；缺失不等于零,历史生产／当前待核,GEM名录回查2026-09-30；逐田观察期不统一,低,https://www.gem.wiki/Amin_Oil_Field_(Oman),True,False,18.4363,55.74,https://www.gem.wiki/Amin_Oil_Field_(Oman),https://www.gem.wiki/Amin_Oil_Field_(Oman),未探测,2026-09-30,未取得可展示的本层级产量/产能；不填0；所引URL自动访问失败或未探测；不代表资产不存在,回查GEM公开名录确认名称；不移植其未逐条核清的产量字段。名录状态不证明当前停复产。坐标是GEM公布的田/项目参考点，exact是源分类，不是本项目独立测绘。
以色列,Athena,Athena,,field,,天然气,,,undisclosed,,,,,,,,[],[],只核对名称/位置；不将名录的年量、储量、设计能力当当前日产量,没有当前逐资产实绩；缺失不等于零,历史生产／当前待核,GEM名录回查2026-09-30；逐田观察期不统一,低,https://www.gem.wiki/Athena_Gas_Field_(Israel),True,False,33.192,34.1926,https://www.gem.wiki/Athena_Gas_Field_(Israel),https://www.gem.wiki/Athena_Gas_Field_(Israel),未探测,2026-09-30,未取得可展示的本层级产量/产能；不填0；所引URL自动访问失败或未探测；不代表资产不存在,回查GEM公开名录确认名称；不移植其未逐条核清的产量字段。名录状态不证明当前停复产。坐标是GEM公布的田/项目参考点，exact是源分类，不是本项目独立测绘。
叙利亚,Azraq,Azraq,,field,,原油,,,undisclosed,,,,,,,,[],[],只核对名称/位置；不将名录的年量、储量、设计能力当当前日产量,没有当前逐资产实绩；缺失不等于零,历史生产／当前待核,GEM名录回查2026-09-30；逐田观察期不统一,低,https://www.gem.wiki/Azraq_Oil_Field_(Syria),True,False,35.0586,40.8559,https://www.gem.wiki/Azraq_Oil_Field_(Syria),https://www.gem.wiki/Azraq_Oil_Field_(Syria),未探测,2026-09-30,未取得可展示的本层级产量/产能；不填0；所引URL自动访问失败或未探测；不代表资产不存在,回查GEM公开名录确认名称；不移植其未逐条核清的产量字段。名录状态不证明当前停复产。坐标是GEM公布的田/项目参考点，exact是源分类，不是本项目独立测绘。
阿联酋,Aqam,Aqam,,field,,油气／凝析油,,,undisclosed,,,,,,,,[],[],只核对名称/位置；不将名录的年量、储量、设计能力当当前日产量,没有当前逐资产实绩；缺失不等于零,历史生产／当前待核,GEM名录回查2026-09-30；逐田观察期不统一,低,https://www.gem.wiki/Aqam_Oil_and_Gas_Field_(United_Arab_Emirates),True,False,25.0032,55.461,https://www.gem.wiki/Aqam_Oil_and_Gas_Field_(United_Arab_Emirates),https://www.gem.wiki/Aqam_Oil_and_Gas_Field_(United_Arab_Emirates),未探测,2026-09-30,未取得可展示的本层级产量/产能；不填0；所引URL自动访问失败或未探测；不代表资产不存在,回查GEM公开名录确认名称；不移植其未逐条核清的产量字段。名录状态不证明当前停复产。坐标是GEM公布的田/项目参考点，exact是源分类，不是本项目独立测绘。
叙利亚,Zumlat al-Maharr,Zumlat al-Maharr,,field,,天然气,,,undisclosed,,,,,,,,[],[],只核对名称/位置；不将名录的年量、储量、设计能力当当前日产量,没有当前逐资产实绩；缺失不等于零,历史生产／当前待核,GEM名录回查2026-09-30；逐田观察期不统一,低,https://www.gem.wiki/Zumlat_al-Maharr_Gas_Field_(Syria),True,False,34.5482,38.2758,https://www.gem.wiki/Zumlat_al-Maharr_Gas_Field_(Syria),https://www.gem.wiki/Zumlat_al-Maharr_Gas_Field_(Syria),未探测,2026-09-30,未取得可展示的本层级产量/产能；不填0；所引URL自动访问失败或未探测；不代表资产不存在,回查GEM公开名录确认名称；不移植其未逐条核清的产量字段。名录状态不证明当前停复产。坐标是GEM公布的田/项目参考点，exact是源分类，不是本项目独立测绘。
以色列,Zeus,Zeus,,field,,天然气,,,undisclosed,,,,,,,,[],[],只核对名称/位置；不将名录的年量、储量、设计能力当当前日产量,没有当前逐资产实绩；缺失不等于零,历史生产／当前待核,GEM名录回查2026-09-30；逐田观察期不统一,低,https://www.gem.wiki/Zeus_Gas_Field_(Israel),True,False,33.192,34.1159,https://www.gem.wiki/Zeus_Gas_Field_(Israel),https://www.gem.wiki/Zeus_Gas_Field_(Israel),未探测,2026-09-30,未取得可展示的本层级产量/产能；不填0；所引URL自动访问失败或未探测；不代表资产不存在,回查GEM公开名录确认名称；不移植其未逐条核清的产量字段。名录状态不证明当前停复产。坐标是GEM公布的田/项目参考点，exact是源分类，不是本项目独立测绘。
伊朗,Aban,Aban,,field,,原油,,,undisclosed,,,,,,,,[],[],只核对名称/位置；不将名录的年量、储量、设计能力当当前日产量,没有当前逐资产实绩；缺失不等于零,历史生产／当前待核,GEM名录回查2026-09-30；逐田观察期不统一,低,https://www.gem.wiki/Aban_Oil_Field_(Iran),True,False,32.6871,47.2725,https://www.gem.wiki/Aban_Oil_Field_(Iran),https://www.gem.wiki/Aban_Oil_Field_(Iran),未探测,2026-09-30,未取得可展示的本层级产量/产能；不填0；所引URL自动访问失败或未探测；不代表资产不存在,回查GEM公开名录确认名称；不移植其未逐条核清的产量字段。名录状态不证明当前停复产。坐标是GEM公布的田/项目参考点，exact是源分类，不是本项目独立测绘。
埃及,Yazzi,Yazzi,,field,,油气／凝析油,,,undisclosed,,,,,,,,[],[],只核对名称/位置；不将名录的年量、储量、设计能力当当前日产量,没有当前逐资产实绩；缺失不等于零,历史生产／当前待核,GEM名录回查2026-09-30；逐田观察期不统一,低,https://www.gem.wiki/Yazzi_Oil_and_Gas_Field_(Egypt),False,False,,,,https://www.gem.wiki/Yazzi_Oil_and_Gas_Field_(Egypt),未探测,2026-09-30,未取得可展示的本层级产量/产能；不填0；所引URL自动访问失败或未探测；不代表资产不存在；没有独立核验坐标；仅列目录,回查GEM公开名录确认名称；不移植其未逐条核清的产量字段。名录状态不证明当前停复产。暂无重新核实的独立坐标。
科威特,Abduliyah,Abduliyah,,field,,油气／凝析油,,,undisclosed,,,,,,,,[],[],只核对名称/位置；不将名录的年量、储量、设计能力当当前日产量,没有当前逐资产实绩；缺失不等于零,历史生产／当前待核,GEM名录回查2026-09-30；逐田观察期不统一,低,https://www.gem.wiki/Abduliyah_Oil_and_Gas_Field_(Kuwait),True,False,29.0834,47.6854,https://www.gem.wiki/Abduliyah_Oil_and_Gas_Field_(Kuwait),https://www.gem.wiki/Abduliyah_Oil_and_Gas_Field_(Kuwait),未探测,2026-09-30,未取得可展示的本层级产量/产能；不填0；所引URL自动访问失败或未探测；不代表资产不存在,回查GEM公开名录确认名称；不移植其未逐条核清的产量字段。名录状态不证明当前停复产。坐标是GEM公布的田/项目参考点，exact是源分类，不是本项目独立测绘。
埃及,Badri,Badri,,field,,油气／凝析油,,,undisclosed,,,,,,,,[],[],只核对名称/位置；不将名录的年量、储量、设计能力当当前日产量,没有当前逐资产实绩；缺失不等于零,历史生产／当前待核,GEM名录回查2026-09-30；逐田观察期不统一,低,https://www.gem.wiki/Badri_Oil_and_Gas_Field_(Egypt),True,False,28.285,33.37,https://www.gem.wiki/Badri_Oil_and_Gas_Field_(Egypt),https://www.gem.wiki/Badri_Oil_and_Gas_Field_(Egypt),未探测,2026-09-30,未取得可展示的本层级产量/产能；不填0；所引URL自动访问失败或未探测；不代表资产不存在,回查GEM公开名录确认名称；不移植其未逐条核清的产量字段。名录状态不证明当前停复产。坐标是GEM公布的田/项目参考点，exact是源分类，不是本项目独立测绘。
埃及,Bakr,Bakr,,field,,油气／凝析油,,,undisclosed,,,,,,,,[],[],只核对名称/位置；不将名录的年量、储量、设计能力当当前日产量,没有当前逐资产实绩；缺失不等于零,历史生产／当前待核,GEM名录回查2026-09-30；逐田观察期不统一,低,https://www.gem.wiki/Bakr_Oil_and_Gas_Field_(Egypt),True,False,28.506,32.89,https://www.gem.wiki/Bakr_Oil_and_Gas_Field_(Egypt),https://www.gem.wiki/Bakr_Oil_and_Gas_Field_(Egypt),未探测,2026-09-30,未取得可展示的本层级产量/产能；不填0；所引URL自动访问失败或未探测；不代表资产不存在,回查GEM公开名录确认名称；不移植其未逐条核清的产量字段。名录状态不证明当前停复产。坐标是GEM公布的田/项目参考点，exact是源分类，不是本项目独立测绘。
伊朗,Balaroud,Balaroud,,field,,油气／凝析油,,,undisclosed,,,,,,,,[],[],只核对名称/位置；不将名录的年量、储量、设计能力当当前日产量,没有当前逐资产实绩；缺失不等于零,历史生产／当前待核,GEM名录回查2026-09-30；逐田观察期不统一,低,https://www.gem.wiki/Balaroud_Oil_and_Gas_Field_(Iran),True,False,32.7514,48.4208,https://www.gem.wiki/Balaroud_Oil_and_Gas_Field_(Iran),https://www.gem.wiki/Balaroud_Oil_and_Gas_Field_(Iran),未探测,2026-09-30,未取得可展示的本层级产量/产能；不填0；所引URL自动访问失败或未探测；不代表资产不存在,回查GEM公开名录确认名称；不移植其未逐条核清的产量字段。名录状态不证明当前停复产。坐标是GEM公布的田/项目参考点，exact是源分类，不是本项目独立测绘。
叙利亚,Wahab,Wahab,,field,,原油,,,undisclosed,,,,,,,,[],[],只核对名称/位置；不将名录的年量、储量、设计能力当当前日产量,没有当前逐资产实绩；缺失不等于零,历史生产／当前待核,GEM名录回查2026-09-30；逐田观察期不统一,低,https://www.gem.wiki/Wahab_Oil_Field_(Syria),True,False,36.0494,38.9487,https://www.gem.wiki/Wahab_Oil_Field_(Syria),https://www.gem.wiki/Wahab_Oil_Field_(Syria),未探测,2026-09-30,未取得可展示的本层级产量/产能；不填0；所引URL自动访问失败或未探测；不代表资产不存在,回查GEM公开名录确认名称；不移植其未逐条核清的产量字段。名录状态不证明当前停复产。坐标是GEM公布的田/项目参考点，exact是源分类，不是本项目独立测绘。
埃及,Bed-2,Bed-2,,field,,油气／凝析油,,,undisclosed,,,,,,,,[],[],只核对名称/位置；不将名录的年量、储量、设计能力当当前日产量,没有当前逐资产实绩；缺失不等于零,历史生产／当前待核,GEM名录回查2026-09-30；逐田观察期不统一,低,https://www.gem.wiki/Bed-2_Oil_and_Gas_Field_(Egypt),True,False,30.26,26.66,https://www.gem.wiki/Bed-2_Oil_and_Gas_Field_(Egypt),https://www.gem.wiki/Bed-2_Oil_and_Gas_Field_(Egypt),未探测,2026-09-30,未取得可展示的本层级产量/产能；不填0；所引URL自动访问失败或未探测；不代表资产不存在,回查GEM公开名录确认名称；不移植其未逐条核清的产量字段。名录状态不证明当前停复产。坐标是GEM公布的田/项目参考点，exact是源分类，不是本项目独立测绘。
埃及,Belayim Marine,Belayim Marine,,field,Belayim,油气／凝析油,,,undisclosed,,,,,,,,[],[],只核对名称/位置；不将名录的年量、储量、设计能力当当前日产量,没有当前逐资产实绩；缺失不等于零,历史生产／当前待核,GEM名录回查2026-09-30；逐田观察期不统一,低,https://www.gem.wiki/Belayim_Marine_Oil_and_Gas_Field_(Egypt),True,False,28.6197,33.2076,https://www.gem.wiki/Belayim_Marine_Oil_and_Gas_Field_(Egypt),https://www.gem.wiki/Belayim_Marine_Oil_and_Gas_Field_(Egypt),未探测,2026-09-30,未取得可展示的本层级产量/产能；不填0；所引URL自动访问失败或未探测；不代表资产不存在,回查GEM公开名录确认名称；不移植其未逐条核清的产量字段。名录状态不证明当前停复产。坐标是GEM公布的田/项目参考点，exact是源分类，不是本项目独立测绘。
埃及,WDDM Phase 11 Gas Phase,WDDM Phase 11 Gas Phase,,project,,油气／凝析油,,,undisclosed,,,,,,,,[],[],只核对名称/位置；不将名录的年量、储量、设计能力当当前日产量,没有当前逐资产实绩；缺失不等于零,历史生产／当前待核,GEM名录回查2026-09-30；逐田观察期不统一,低,https://www.gem.wiki/WDDM_Phase_11_Gas_Phase_(Egypt),True,False,31.9725,30.347,https://www.gem.wiki/WDDM_Phase_11_Gas_Phase_(Egypt),https://www.gem.wiki/WDDM_Phase_11_Gas_Phase_(Egypt),未探测,2026-09-30,未取得可展示的本层级产量/产能；不填0；所引URL自动访问失败或未探测；不代表资产不存在,回查GEM公开名录确认名称；不移植其未逐条核清的产量字段。名录状态不证明当前停复产。坐标是GEM公布的田/项目参考点，exact是源分类，不是本项目独立测绘。
阿联酋,Ras Al Sadr,Ras Al Sadr,,field,,天然气,,,undisclosed,,,,,,,,[],[],只核对名称/位置；不将名录的年量、储量、设计能力当当前日产量,没有当前逐资产实绩；缺失不等于零,历史生产／当前待核,GEM名录回查2026-09-30；逐田观察期不统一,低,https://www.gem.wiki/Ras_Al_Sadr_Gas_Field_(United_Arab_Emirates),True,False,24.6941,54.6912,https://www.gem.wiki/Ras_Al_Sadr_Gas_Field_(United_Arab_Emirates),https://www.gem.wiki/Ras_Al_Sadr_Gas_Field_(United_Arab_Emirates),未探测,2026-09-30,未取得可展示的本层级产量/产能；不填0；所引URL自动访问失败或未探测；不代表资产不存在,回查GEM公开名录确认名称；不移植其未逐条核清的产量字段。名录状态不证明当前停复产。坐标是GEM公布的田/项目参考点，exact是源分类，不是本项目独立测绘。
阿曼,Mabrouk Southwest,Mabrouk Southwest,,field,,油气／凝析油,,,undisclosed,,,,,,,,[],[],只核对名称/位置；不将名录的年量、储量、设计能力当当前日产量,没有当前逐资产实绩；缺失不等于零,历史生产／当前待核,GEM名录回查2026-09-30；逐田观察期不统一,低,https://www.gem.wiki/Mabrouk_Southwest_Oil_and_Gas_Field_(Oman),True,False,20.3293,56.0697,https://www.gem.wiki/Mabrouk_Southwest_Oil_and_Gas_Field_(Oman),https://www.gem.wiki/Mabrouk_Southwest_Oil_and_Gas_Field_(Oman),未探测,2026-09-30,未取得可展示的本层级产量/产能；不填0；所引URL自动访问失败或未探测；不代表资产不存在,回查GEM公开名录确认名称；不移植其未逐条核清的产量字段。名录状态不证明当前停复产。坐标是GEM公布的田/项目参考点，exact是源分类，不是本项目独立测绘。
科威特,Raudhatain East,Raudhatain East,,field,,油气／凝析油,,,undisclosed,,,,,,,,[],[],只核对名称/位置；不将名录的年量、储量、设计能力当当前日产量,没有当前逐资产实绩；缺失不等于零,历史生产／当前待核,GEM名录回查2026-09-30；逐田观察期不统一,低,https://www.gem.wiki/Raudhatain_East_Oil_and_Gas_Field_(Kuwait),True,False,29.935,47.7544,https://www.gem.wiki/Raudhatain_East_Oil_and_Gas_Field_(Kuwait),https://www.gem.wiki/Raudhatain_East_Oil_and_Gas_Field_(Kuwait),未探测,2026-09-30,未取得可展示的本层级产量/产能；不填0；所引URL自动访问失败或未探测；不代表资产不存在,回查GEM公开名录确认名称；不移植其未逐条核清的产量字段。名录状态不证明当前停复产。坐标是GEM公布的田/项目参考点，exact是源分类，不是本项目独立测绘。
伊朗,Madar,Madar,,field,,天然气,,,undisclosed,,,,,,,,[],[],只核对名称/位置；不将名录的年量、储量、设计能力当当前日产量,没有当前逐资产实绩；缺失不等于零,历史生产／当前待核,GEM名录回查2026-09-30；逐田观察期不统一,低,https://www.gem.wiki/Madar_Gas_Field_(Iran),True,False,27.34,52.68,https://www.gem.wiki/Madar_Gas_Field_(Iran),https://www.gem.wiki/Madar_Gas_Field_(Iran),未探测,2026-09-30,未取得可展示的本层级产量/产能；不填0；所引URL自动访问失败或未探测；不代表资产不存在,回查GEM公开名录确认名称；不移植其未逐条核清的产量字段。名录状态不证明当前停复产。坐标是GEM公布的田/项目参考点，exact是源分类，不是本项目独立测绘。
卡塔尔,RasGas 3,RasGas 3,,project,North Field,油气／凝析油,,,undisclosed,,,,,,,,[],[],只核对名称/位置；不将名录的年量、储量、设计能力当当前日产量,没有当前逐资产实绩；缺失不等于零,历史生产／当前待核,GEM名录回查2026-09-30；逐田观察期不统一,低,https://www.gem.wiki/RasGas_3_Oil_and_Gas_Field_(Qatar),True,False,26.5712,51.8521,https://www.gem.wiki/RasGas_3_Oil_and_Gas_Field_(Qatar),https://www.gem.wiki/RasGas_3_Oil_and_Gas_Field_(Qatar),未探测,2026-09-30,未取得可展示的本层级产量/产能；不填0；所引URL自动访问失败或未探测；不代表资产不存在,回查GEM公开名录确认名称；不移植其未逐条核清的产量字段。名录状态不证明当前停复产。坐标是GEM公布的田/项目参考点，exact是源分类，不是本项目独立测绘。
卡塔尔,RasGas 2,RasGas 2,,project,North Field,油气／凝析油,,,undisclosed,,,,,,,,[],[],只核对名称/位置；不将名录的年量、储量、设计能力当当前日产量,没有当前逐资产实绩；缺失不等于零,历史生产／当前待核,GEM名录回查2026-09-30；逐田观察期不统一,低,https://www.gem.wiki/RasGas_2_Gas_Field_(Qatar),True,False,26.5712,51.8521,https://www.gem.wiki/RasGas_2_Gas_Field_(Qatar),https://www.gem.wiki/RasGas_2_Gas_Field_(Qatar),未探测,2026-09-30,未取得可展示的本层级产量/产能；不填0；所引URL自动访问失败或未探测；不代表资产不存在,回查GEM公开名录确认名称；不移植其未逐条核清的产量字段。名录状态不证明当前停复产。坐标是GEM公布的田/项目参考点，exact是源分类，不是本项目独立测绘。
阿曼,Makarem,Makarem,,field,,油气／凝析油,,,undisclosed,,,,,,,,[],[],只核对名称/位置；不将名录的年量、储量、设计能力当当前日产量,没有当前逐资产实绩；缺失不等于零,历史生产／当前待核,GEM名录回查2026-09-30；逐田观察期不统一,低,https://www.gem.wiki/Makarem_Oil_and_Gas_Field_(Oman),True,False,21.705,56.4643,https://www.gem.wiki/Makarem_Oil_and_Gas_Field_(Oman),https://www.gem.wiki/Makarem_Oil_and_Gas_Field_(Oman),未探测,2026-09-30,未取得可展示的本层级产量/产能；不填0；所引URL自动访问失败或未探测；不代表资产不存在,回查GEM公开名录确认名称；不移植其未逐条核清的产量字段。名录状态不证明当前停复产。坐标是GEM公布的田/项目参考点，exact是源分类，不是本项目独立测绘。
沙特阿拉伯,Maharah,Maharah,,field,,原油,,,undisclosed,,,,,,,,[],[],只核对名称/位置；不将名录的年量、储量、设计能力当当前日产量,没有当前逐资产实绩；缺失不等于零,历史生产／当前待核,GEM名录回查2026-09-30；逐田观察期不统一,低,https://www.gem.wiki/Maharah_Oil_Field_(Saudi_Arabia),True,False,28.3083,49.4833,https://www.gem.wiki/Maharah_Oil_Field_(Saudi_Arabia),https://www.gem.wiki/Maharah_Oil_Field_(Saudi_Arabia),未探测,2026-09-30,未取得可展示的本层级产量/产能；不填0；所引URL自动访问失败或未探测；不代表资产不存在,回查GEM公开名录确认名称；不移植其未逐条核清的产量字段。名录状态不证明当前停复产。坐标是GEM公布的田/项目参考点，exact是源分类，不是本项目独立测绘。
阿曼,Mabrouk Deep,Mabrouk Deep,,field,,油气／凝析油,,,undisclosed,,,,,,,,[],[],只核对名称/位置；不将名录的年量、储量、设计能力当当前日产量,没有当前逐资产实绩；缺失不等于零,历史生产／当前待核,GEM名录回查2026-09-30；逐田观察期不统一,低,https://www.gem.wiki/Mabrouk_Deep_Oil_and_Gas_Field_(Oman),True,False,20.3293,56.0697,https://www.gem.wiki/Mabrouk_Deep_Oil_and_Gas_Field_(Oman),https://www.gem.wiki/Mabrouk_Deep_Oil_and_Gas_Field_(Oman),未探测,2026-09-30,未取得可展示的本层级产量/产能；不填0；所引URL自动访问失败或未探测；不代表资产不存在,回查GEM公开名录确认名称；不移植其未逐条核清的产量字段。名录状态不证明当前停复产。坐标是GEM公布的田/项目参考点，exact是源分类，不是本项目独立测绘。
科威特,Lulu,Lulu,,field,,油气／凝析油,,,undisclosed,,,,,,,,[],[],只核对名称/位置；不将名录的年量、储量、设计能力当当前日产量,没有当前逐资产实绩；缺失不等于零,历史生产／当前待核,GEM名录回查2026-09-30；逐田观察期不统一,低,"https://www.gem.wiki/Lulu_Oil_and_Gas_Field_(Kuwait,_Saudi_Arabia,_Iran)",True,False,28.7747,49.508,"https://www.gem.wiki/Lulu_Oil_and_Gas_Field_(Kuwait,_Saudi_Arabia,_Iran)","https://www.gem.wiki/Lulu_Oil_and_Gas_Field_(Kuwait,_Saudi_Arabia,_Iran)",未探测,2026-09-30,未取得可展示的本层级产量/产能；不填0；所引URL自动访问失败或未探测；不代表资产不存在,回查GEM公开名录确认名称；不移植其未逐条核清的产量字段。名录状态不证明当前停复产。坐标是GEM公布的田/项目参考点，exact是源分类，不是本项目独立测绘。
埃及,Python,Python,,field,,油气／凝析油,,,undisclosed,,,,,,,,[],[],只核对名称/位置；不将名录的年量、储量、设计能力当当前日产量,没有当前逐资产实绩；缺失不等于零,历史生产／当前待核,GEM名录回查2026-09-30；逐田观察期不统一,低,https://www.gem.wiki/Python_Oil_and_Gas_Field_(Egypt),True,False,31.6052,30.0423,https://www.gem.wiki/Python_Oil_and_Gas_Field_(Egypt),https://www.gem.wiki/Python_Oil_and_Gas_Field_(Egypt),未探测,2026-09-30,未取得可展示的本层级产量/产能；不填0；所引URL自动访问失败或未探测；不代表资产不存在,回查GEM公开名录确认名称；不移植其未逐条核清的产量字段。名录状态不证明当前停复产。坐标是GEM公布的田/项目参考点，exact是源分类，不是本项目独立测绘。
科威特,Marrat,Marrat,,field,,油气／凝析油,,,undisclosed,,,,,,,,[],[],只核对名称/位置；不将名录的年量、储量、设计能力当当前日产量,没有当前逐资产实绩；缺失不等于零,历史生产／当前待核,GEM名录回查2026-09-30；逐田观察期不统一,低,https://www.gem.wiki/Marrat_Oil_and_Gas_Field_(Kuwait),True,False,29.0054,47.9611,https://www.gem.wiki/Marrat_Oil_and_Gas_Field_(Kuwait),https://www.gem.wiki/Marrat_Oil_and_Gas_Field_(Kuwait),未探测,2026-09-30,未取得可展示的本层级产量/产能；不填0；所引URL自动访问失败或未探测；不代表资产不存在,回查GEM公开名录确认名称；不移植其未逐条核清的产量字段。名录状态不证明当前停复产。坐标是GEM公布的田/项目参考点，exact是源分类，不是本项目独立测绘。
以色列,Mari-B,Mari-B,,field,,油气／凝析油,,,undisclosed,,,,,,,,[],[],只核对名称/位置；不将名录的年量、储量、设计能力当当前日产量,没有当前逐资产实绩；缺失不等于零,历史生产／当前待核,GEM名录回查2026-09-30；逐田观察期不统一,低,https://www.gem.wiki/Mari-B_Oil_and_Gas_Field_(Israel),True,False,31.7348,34.3123,https://www.gem.wiki/Mari-B_Oil_and_Gas_Field_(Israel),https://www.gem.wiki/Mari-B_Oil_and_Gas_Field_(Israel),未探测,2026-09-30,未取得可展示的本层级产量/产能；不填0；所引URL自动访问失败或未探测；不代表资产不存在,回查GEM公开名录确认名称；不移植其未逐条核清的产量字段。名录状态不证明当前停复产。坐标是GEM公布的田/项目参考点，exact是源分类，不是本项目独立测绘。
埃及,Qarun,Qarun,,field,,油气／凝析油,,,undisclosed,,,,,,,,[],[],只核对名称/位置；不将名录的年量、储量、设计能力当当前日产量,没有当前逐资产实绩；缺失不等于零,历史生产／当前待核,GEM名录回查2026-09-30；逐田观察期不统一,低,https://www.gem.wiki/Qarun_Oil_and_Gas_Field_(Egypt),True,False,29.5163,30.8578,https://www.gem.wiki/Qarun_Oil_and_Gas_Field_(Egypt),https://www.gem.wiki/Qarun_Oil_and_Gas_Field_(Egypt),未探测,2026-09-30,未取得可展示的本层级产量/产能；不填0；所引URL自动访问失败或未探测；不代表资产不存在,回查GEM公开名录确认名称；不移植其未逐条核清的产量字段。名录状态不证明当前停复产。坐标是GEM公布的田/项目参考点，exact是源分类，不是本项目独立测绘。
卡塔尔,Qatargas 1,Qatargas 1,,project,North Field,油气／凝析油,,,undisclosed,,,,,,,,[],[],只核对名称/位置；不将名录的年量、储量、设计能力当当前日产量,没有当前逐资产实绩；缺失不等于零,历史生产／当前待核,GEM名录回查2026-09-30；逐田观察期不统一,低,https://www.gem.wiki/Qatargas_1_Gas_Field_(Qatar),True,False,26.5712,51.8521,https://www.gem.wiki/Qatargas_1_Gas_Field_(Qatar),https://www.gem.wiki/Qatargas_1_Gas_Field_(Qatar),未探测,2026-09-30,未取得可展示的本层级产量/产能；不填0；所引URL自动访问失败或未探测；不代表资产不存在,回查GEM公开名录确认名称；不移植其未逐条核清的产量字段。名录状态不证明当前停复产。坐标是GEM公布的田/项目参考点，exact是源分类，不是本项目独立测绘。
阿联酋,Qusahwira (Phase 2),Qusahwira (Phase 2),,project,Qusahwira,油气／凝析油,,,undisclosed,,,,,,,,[],[],只核对名称/位置；不将名录的年量、储量、设计能力当当前日产量,没有当前逐资产实绩；缺失不等于零,历史生产／当前待核,GEM名录回查2026-09-30；逐田观察期不统一,低,https://www.gem.wiki/Qusahwira_(Phase_2)_Oil_Field_(United_Arab_Emirates),True,False,22.8022,54.7279,https://www.gem.wiki/Qusahwira_(Phase_2)_Oil_Field_(United_Arab_Emirates),https://www.gem.wiki/Qusahwira_(Phase_2)_Oil_Field_(United_Arab_Emirates),未探测,2026-09-30,未取得可展示的本层级产量/产能；不填0；所引URL自动访问失败或未探测；不代表资产不存在,回查GEM公开名录确认名称；不移植其未逐条核清的产量字段。名录状态不证明当前停复产。坐标是GEM公布的田/项目参考点，exact是源分类，不是本项目独立测绘。
阿联酋,Qusahwira (Phase 1),Qusahwira (Phase 1),,project,Qusahwira,油气／凝析油,,,undisclosed,,,,,,,,[],[],只核对名称/位置；不将名录的年量、储量、设计能力当当前日产量,没有当前逐资产实绩；缺失不等于零,历史生产／当前待核,GEM名录回查2026-09-30；逐田观察期不统一,低,https://www.gem.wiki/Qusahwira_(Phase_1)_Oil_Field_(United_Arab_Emirates),True,False,22.8022,54.7279,https://www.gem.wiki/Qusahwira_(Phase_1)_Oil_Field_(United_Arab_Emirates),https://www.gem.wiki/Qusahwira_(Phase_1)_Oil_Field_(United_Arab_Emirates),未探测,2026-09-30,未取得可展示的本层级产量/产能；不填0；所引URL自动访问失败或未探测；不代表资产不存在,回查GEM公开名录确认名称；不移植其未逐条核清的产量字段。名录状态不证明当前停复产。坐标是GEM公布的田/项目参考点，exact是源分类，不是本项目独立测绘。
阿曼,Maradi Huraymah/Fushaigah,Maradi Huraymah/Fushaigah,,field_group,,原油,,,undisclosed,,,,,,,,[],[],只核对名称/位置；不将名录的年量、储量、设计能力当当前日产量,没有当前逐资产实绩；缺失不等于零,历史生产／当前待核,GEM名录回查2026-09-30；逐田观察期不统一,低,https://www.gem.wiki/Maradi_Huraymah/Fushaigah_Oil_and_Gas_Field_(Oman),True,False,22.3151,57.3014,https://www.gem.wiki/Maradi_Huraymah/Fushaigah_Oil_and_Gas_Field_(Oman),https://www.gem.wiki/Maradi_Huraymah/Fushaigah_Oil_and_Gas_Field_(Oman),未探测,2026-09-30,未取得可展示的本层级产量/产能；不填0；所引URL自动访问失败或未探测；不代表资产不存在,回查GEM公开名录确认名称；不移植其未逐条核清的产量字段。名录状态不证明当前停复产。坐标是GEM公布的田/项目参考点，exact是源分类，不是本项目独立测绘。
埃及,Saffron,Saffron,,field,,油气／凝析油,,,undisclosed,,,,,,,,[],[],只核对名称/位置；不将名录的年量、储量、设计能力当当前日产量,没有当前逐资产实绩；缺失不等于零,历史生产／当前待核,GEM名录回查2026-09-30；逐田观察期不统一,低,https://www.gem.wiki/Saffron_Oil_and_Gas_Field_(Egypt),True,False,31.935,30.375,https://www.gem.wiki/Saffron_Oil_and_Gas_Field_(Egypt),https://www.gem.wiki/Saffron_Oil_and_Gas_Field_(Egypt),未探测,2026-09-30,未取得可展示的本层级产量/产能；不填0；所引URL自动访问失败或未探测；不代表资产不存在,回查GEM公开名录确认名称；不移植其未逐条核清的产量字段。名录状态不证明当前停复产。坐标是GEM公布的田/项目参考点，exact是源分类，不是本项目独立测绘。
阿曼,Sadad North,Sadad North,,field,,原油,,,undisclosed,,,,,,,,[],[],只核对名称/位置；不将名录的年量、储量、设计能力当当前日产量,没有当前逐资产实绩；缺失不等于零,历史生产／当前待核,GEM名录回查2026-09-30；逐田观察期不统一,低,https://www.gem.wiki/Sadad_North_Oil_Field_(Oman),True,False,20.3293,56.0697,https://www.gem.wiki/Sadad_North_Oil_Field_(Oman),https://www.gem.wiki/Sadad_North_Oil_Field_(Oman),未探测,2026-09-30,未取得可展示的本层级产量/产能；不填0；所引URL自动访问失败或未探测；不代表资产不存在,回查GEM公开名录确认名称；不移植其未逐条核清的产量字段。名录状态不证明当前停复产。坐标是GEM公布的田/项目参考点，exact是源分类，不是本项目独立测绘。
伊朗,Rudak Milatun,Rudak Milatun,,field,,油气／凝析油,,,undisclosed,,,,,,,,[],[],只核对名称/位置；不将名录的年量、储量、设计能力当当前日产量,没有当前逐资产实绩；缺失不等于零,历史生产／当前待核,GEM名录回查2026-09-30；逐田观察期不统一,低,https://www.gem.wiki/Rudak_Milatun_Oil_and_Gas_Field_(Iran),True,False,29.7204,51.3079,https://www.gem.wiki/Rudak_Milatun_Oil_and_Gas_Field_(Iran),https://www.gem.wiki/Rudak_Milatun_Oil_and_Gas_Field_(Iran),未探测,2026-09-30,未取得可展示的本层级产量/产能；不填0；所引URL自动访问失败或未探测；不代表资产不存在,回查GEM公开名录确认名称；不移植其未逐条核清的产量字段。名录状态不证明当前停复产。坐标是GEM公布的田/项目参考点，exact是源分类，不是本项目独立测绘。
伊朗,Lali,Lali,,field,,原油,,,undisclosed,,,,,,,,[],[],只核对名称/位置；不将名录的年量、储量、设计能力当当前日产量,没有当前逐资产实绩；缺失不等于零,历史生产／当前待核,GEM名录回查2026-09-30；逐田观察期不统一,低,https://www.gem.wiki/Lali_Oil_Field_(Iran),True,False,32.288,49.0344,https://www.gem.wiki/Lali_Oil_Field_(Iran),https://www.gem.wiki/Lali_Oil_Field_(Iran),未探测,2026-09-30,未取得可展示的本层级产量/产能；不填0；所引URL自动访问失败或未探测；不代表资产不存在,回查GEM公开名录确认名称；不移植其未逐条核清的产量字段。名录状态不证明当前停复产。坐标是GEM公布的田/项目参考点，exact是源分类，不是本项目独立测绘。
阿曼,Runib,Runib,,field,,原油,,,undisclosed,,,,,,,,[],[],只核对名称/位置；不将名录的年量、储量、设计能力当当前日产量,没有当前逐资产实绩；缺失不等于零,历史生产／当前待核,GEM名录回查2026-09-30；逐田观察期不统一,低,https://www.gem.wiki/Runib_Oil_Field_(Oman),False,False,,,,https://www.gem.wiki/Runib_Oil_Field_(Oman),未探测,2026-09-30,未取得可展示的本层级产量/产能；不填0；所引URL自动访问失败或未探测；不代表资产不存在；没有独立核验坐标；仅列目录,回查GEM公开名录确认名称；不移植其未逐条核清的产量字段。名录状态不证明当前停复产。暂无重新核实的独立坐标。
阿曼,Saih Rawl,Saih Rawl,,field,,油气／凝析油,,,undisclosed,,,,,,,,[],[],只核对名称/位置；不将名录的年量、储量、设计能力当当前日产量,没有当前逐资产实绩；缺失不等于零,历史生产／当前待核,GEM名录回查2026-09-30；逐田观察期不统一,低,https://www.gem.wiki/Saih_Rawl_Oil_and_Gas_Field_(Oman),True,False,20.3293,56.0697,https://www.gem.wiki/Saih_Rawl_Oil_and_Gas_Field_(Oman),https://www.gem.wiki/Saih_Rawl_Oil_and_Gas_Field_(Oman),未探测,2026-09-30,未取得可展示的本层级产量/产能；不填0；所引URL自动访问失败或未探测；不代表资产不存在,回查GEM公开名录确认名称；不移植其未逐条核清的产量字段。名录状态不证明当前停复产。坐标是GEM公布的田/项目参考点，exact是源分类，不是本项目独立测绘。
伊拉克,Salman,Salman,,field,,油气／凝析油,,,undisclosed,,,,,,,,[],[],只核对名称/位置；不将名录的年量、储量、设计能力当当前日产量,没有当前逐资产实绩；缺失不等于零,历史生产／当前待核,GEM名录回查2026-09-30；逐田观察期不统一,低,https://www.gem.wiki/Salman_Oil_and_Gas_Field_(Iraq),True,False,30.6058,44.1856,https://www.gem.wiki/Salman_Oil_and_Gas_Field_(Iraq),https://www.gem.wiki/Salman_Oil_and_Gas_Field_(Iraq),未探测,2026-09-30,未取得可展示的本层级产量/产能；不填0；所引URL自动访问失败或未探测；不代表资产不存在,回查GEM公开名录确认名称；不移植其未逐条核清的产量字段。名录状态不证明当前停复产。坐标是GEM公布的田/项目参考点，exact是源分类，不是本项目独立测绘。
阿曼,Sakhiya,Sakhiya,,field,,原油,,,undisclosed,,,,,,,,[],[],只核对名称/位置；不将名录的年量、储量、设计能力当当前日产量,没有当前逐资产实绩；缺失不等于零,历史生产／当前待核,GEM名录回查2026-09-30；逐田观察期不统一,低,https://www.gem.wiki/Sakhiya_Oil_Field_(Oman),True,False,20.3293,56.0697,https://www.gem.wiki/Sakhiya_Oil_Field_(Oman),https://www.gem.wiki/Sakhiya_Oil_Field_(Oman),未探测,2026-09-30,未取得可展示的本层级产量/产能；不填0；所引URL自动访问失败或未探测；不代表资产不存在,回查GEM公开名录确认名称；不移植其未逐条核清的产量字段。名录状态不证明当前停复产。坐标是GEM公布的田/项目参考点，exact是源分类，不是本项目独立测绘。
阿曼,Rima,Rima,,field,,原油,,,undisclosed,,,,,,,,[],[],只核对名称/位置；不将名录的年量、储量、设计能力当当前日产量,没有当前逐资产实绩；缺失不等于零,历史生产／当前待核,GEM名录回查2026-09-30；逐田观察期不统一,低,https://www.gem.wiki/Rima_Oil_Field_(Oman),True,False,20.3293,56.0697,https://www.gem.wiki/Rima_Oil_Field_(Oman),https://www.gem.wiki/Rima_Oil_Field_(Oman),未探测,2026-09-30,未取得可展示的本层级产量/产能；不填0；所引URL自动访问失败或未探测；不代表资产不存在,回查GEM公开名录确认名称；不移植其未逐条核清的产量字段。名录状态不证明当前停复产。坐标是GEM公布的田/项目参考点，exact是源分类，不是本项目独立测绘。
沙特阿拉伯,Nuayyim,Nuayyim,,field,,油气／凝析油,,,undisclosed,,,,,,,,[],[],只核对名称/位置；不将名录的年量、储量、设计能力当当前日产量,没有当前逐资产实绩；缺失不等于零,历史生产／当前待核,GEM名录回查2026-09-30；逐田观察期不统一,低,https://www.gem.wiki/Nuayyim_Oil_and_Gas_Field_(Saudi_Arabia),True,False,22.7878,47.3678,https://www.gem.wiki/Nuayyim_Oil_and_Gas_Field_(Saudi_Arabia),https://www.gem.wiki/Nuayyim_Oil_and_Gas_Field_(Saudi_Arabia),未探测,2026-09-30,未取得可展示的本层级产量/产能；不填0；所引URL自动访问失败或未探测；不代表资产不存在,回查GEM公开名录确认名称；不移植其未逐条核清的产量字段。名录状态不证明当前停复产。坐标是GEM公布的田/项目参考点，exact是源分类，不是本项目独立测绘。
埃及,Nour,Nour,,field,,天然气,,,undisclosed,,,,,,,,[],[],只核对名称/位置；不将名录的年量、储量、设计能力当当前日产量,没有当前逐资产实绩；缺失不等于零,历史生产／当前待核,GEM名录回查2026-09-30；逐田观察期不统一,低,https://www.gem.wiki/Nour_Gas_Field_(Egypt),True,False,31.6242,32.7504,https://www.gem.wiki/Nour_Gas_Field_(Egypt),https://www.gem.wiki/Nour_Gas_Field_(Egypt),未探测,2026-09-30,未取得可展示的本层级产量/产能；不填0；所引URL自动访问失败或未探测；不代表资产不存在,回查GEM公开名录确认名称；不移植其未逐条核清的产量字段。名录状态不证明当前停复产。坐标是GEM公布的田/项目参考点，exact是源分类，不是本项目独立测绘。
以色列,Noa,Noa,,field,,天然气,,,undisclosed,,,,,,,,[],[],只核对名称/位置；不将名录的年量、储量、设计能力当当前日产量,没有当前逐资产实绩；缺失不等于零,历史生产／当前待核,GEM名录回查2026-09-30；逐田观察期不统一,低,https://www.gem.wiki/Noa_Gas_Field_(Israel),True,False,31.8087,34.1688,https://www.gem.wiki/Noa_Gas_Field_(Israel),https://www.gem.wiki/Noa_Gas_Field_(Israel),未探测,2026-09-30,未取得可展示的本层级产量/产能；不填0；所引URL自动访问失败或未探测；不代表资产不存在,回查GEM公开名录确认名称；不移植其未逐条核清的产量字段。名录状态不证明当前停复产。坐标是GEM公布的田/项目参考点，exact是源分类，不是本项目独立测绘。
埃及,Nooros East,Nooros East,,field,,油气／凝析油,,,undisclosed,,,,,,,,[],[],只核对名称/位置；不将名录的年量、储量、设计能力当当前日产量,没有当前逐资产实绩；缺失不等于零,历史生产／当前待核,GEM名录回查2026-09-30；逐田观察期不统一,低,https://www.gem.wiki/Nooros_East_Oil_and_Gas_Field_(Egypt),True,False,31.709,30.985,https://www.gem.wiki/Nooros_East_Oil_and_Gas_Field_(Egypt),https://www.gem.wiki/Nooros_East_Oil_and_Gas_Field_(Egypt),未探测,2026-09-30,未取得可展示的本层级产量/产能；不填0；所引URL自动访问失败或未探测；不代表资产不存在,回查GEM公开名录确认名称；不移植其未逐条核清的产量字段。名录状态不证明当前停复产。坐标是GEM公布的田/项目参考点，exact是源分类，不是本项目独立测绘。
埃及,North Abu Qir PIII,North Abu Qir PIII,,field,,油气／凝析油,,,undisclosed,,,,,,,,[],[],只核对名称/位置；不将名录的年量、储量、设计能力当当前日产量,没有当前逐资产实绩；缺失不等于零,历史生产／当前待核,GEM名录回查2026-09-30；逐田观察期不统一,低,https://www.gem.wiki/North_Abu_Qir_PIII_Oil_and_Gas_Field_(Egypt),True,False,31.4783,30.1893,https://www.gem.wiki/North_Abu_Qir_PIII_Oil_and_Gas_Field_(Egypt),https://www.gem.wiki/North_Abu_Qir_PIII_Oil_and_Gas_Field_(Egypt),未探测,2026-09-30,未取得可展示的本层级产量/产能；不填0；所引URL自动访问失败或未探测；不代表资产不存在,回查GEM公开名录确认名称；不移植其未逐条核清的产量字段。名录状态不证明当前停复产。坐标是GEM公布的田/项目参考点，exact是源分类，不是本项目独立测绘。
埃及,North Safa,North Safa,,field,,油气／凝析油,,,undisclosed,,,,,,,,[],[],只核对名称/位置；不将名录的年量、储量、设计能力当当前日产量,没有当前逐资产实绩；缺失不等于零,历史生产／当前待核,GEM名录回查2026-09-30；逐田观察期不统一,低,https://www.gem.wiki/North_Safa_Oil_and_Gas_Field_(Egypt),True,False,28.3596,33.2946,https://www.gem.wiki/North_Safa_Oil_and_Gas_Field_(Egypt),https://www.gem.wiki/North_Safa_Oil_and_Gas_Field_(Egypt),未探测,2026-09-30,未取得可展示的本层级产量/产能；不填0；所引URL自动访问失败或未探测；不代表资产不存在,回查GEM公开名录确认名称；不移植其未逐条核清的产量字段。名录状态不证明当前停复产。坐标是GEM公布的田/项目参考点，exact是源分类，不是本项目独立测绘。
土耳其,North Sakarya,North Sakarya,,field,,天然气,,,undisclosed,,,,,,,,[],[],只核对名称/位置；不将名录的年量、储量、设计能力当当前日产量,没有当前逐资产实绩；缺失不等于零,历史生产／当前待核,GEM名录回查2026-09-30；逐田观察期不统一,低,https://www.gem.wiki/North_Sakarya_Gas_Field_(Türkiye),True,False,43.0329,31.681,https://www.gem.wiki/North_Sakarya_Gas_Field_(Türkiye),https://www.gem.wiki/North_Sakarya_Gas_Field_(Türkiye),未探测,2026-09-30,未取得可展示的本层级产量/产能；不填0；所引URL自动访问失败或未探测；不代表资产不存在,回查GEM公开名录确认名称；不移植其未逐条核清的产量字段。名录状态不证明当前停复产。坐标是GEM公布的田/项目参考点，exact是源分类，不是本项目独立测绘。
科威特,North Wafra,North Wafra,,field,,油气／凝析油,,,undisclosed,,,,,,,,[],[],只核对名称/位置；不将名录的年量、储量、设计能力当当前日产量,没有当前逐资产实绩；缺失不等于零,历史生产／当前待核,GEM名录回查2026-09-30；逐田观察期不统一,低,"https://www.gem.wiki/North_Wafra_Oil_and_Gas_Field_(Kuwait,_Saudi_Arabia)",True,False,28.4473,47.8621,"https://www.gem.wiki/North_Wafra_Oil_and_Gas_Field_(Kuwait,_Saudi_Arabia)","https://www.gem.wiki/North_Wafra_Oil_and_Gas_Field_(Kuwait,_Saudi_Arabia)",未探测,2026-09-30,未取得可展示的本层级产量/产能；不填0；所引URL自动访问失败或未探测；不代表资产不存在,回查GEM公开名录确认名称；不移植其未逐条核清的产量字段。名录状态不证明当前停复产。坐标是GEM公布的田/项目参考点，exact是源分类，不是本项目独立测绘。
埃及,Nidoco NW,Nidoco NW,,field,,天然气,,,undisclosed,,,,,,,,[],[],只核对名称/位置；不将名录的年量、储量、设计能力当当前日产量,没有当前逐资产实绩；缺失不等于零,历史生产／当前待核,GEM名录回查2026-09-30；逐田观察期不统一,低,https://www.gem.wiki/Nidoco_NW_Gas_Field_(Egypt),True,False,31.6386,31.2372,https://www.gem.wiki/Nidoco_NW_Gas_Field_(Egypt),https://www.gem.wiki/Nidoco_NW_Gas_Field_(Egypt),未探测,2026-09-30,未取得可展示的本层级产量/产能；不填0；所引URL自动访问失败或未探测；不代表资产不存在,回查GEM公开名录确认名称；不移植其未逐条核清的产量字段。名录状态不证明当前停复产。坐标是GEM公布的田/项目参考点，exact是源分类，不是本项目独立测绘。
伊朗,Pol Dokhtar,Pol Dokhtar,,field,,油气／凝析油,,,undisclosed,,,,,,,,[],[],只核对名称/位置；不将名录的年量、储量、设计能力当当前日产量,没有当前逐资产实绩；缺失不等于零,历史生产／当前待核,GEM名录回查2026-09-30；逐田观察期不统一,低,https://www.gem.wiki/Pol_Dokhtar_Oil_and_Gas_Field_(Iran),False,False,,,,https://www.gem.wiki/Pol_Dokhtar_Oil_and_Gas_Field_(Iran),未探测,2026-09-30,未取得可展示的本层级产量/产能；不填0；所引URL自动访问失败或未探测；不代表资产不存在；没有独立核验坐标；仅列目录,回查GEM公开名录确认名称；不移植其未逐条核清的产量字段。名录状态不证明当前停复产。暂无重新核实的独立坐标。
埃及,Mina West,Mina West,,field,,天然气,,,undisclosed,,,,,,,,[],[],只核对名称/位置；不将名录的年量、储量、设计能力当当前日产量,没有当前逐资产实绩；缺失不等于零,历史生产／当前待核,GEM名录回查2026-09-30；逐田观察期不统一,低,https://www.gem.wiki/Mina_West_Gas_Field_(Egypt),True,False,32.2826,30.7772,https://www.gem.wiki/Mina_West_Gas_Field_(Egypt),https://www.gem.wiki/Mina_West_Gas_Field_(Egypt),未探测,2026-09-30,未取得可展示的本层级产量/产能；不填0；所引URL自动访问失败或未探测；不代表资产不存在,回查GEM公开名录确认名称；不移植其未逐条核清的产量字段。名录状态不证明当前停复产。坐标是GEM公布的田/项目参考点，exact是源分类，不是本项目独立测绘。
阿联酋,Mubarak,Mubarak,,field,,油气／凝析油,,,undisclosed,,,,,,,,[],[],只核对名称/位置；不将名录的年量、储量、设计能力当当前日产量,没有当前逐资产实绩；缺失不等于零,历史生产／当前待核,GEM名录回查2026-09-30；逐田观察期不统一,低,https://www.gem.wiki/Mubarak_Oil_and_Gas_Field_(United_Arab_Emirates),True,False,25.842,55.2623,https://www.gem.wiki/Mubarak_Oil_and_Gas_Field_(United_Arab_Emirates),https://www.gem.wiki/Mubarak_Oil_and_Gas_Field_(United_Arab_Emirates),未探测,2026-09-30,未取得可展示的本层级产量/产能；不填0；所引URL自动访问失败或未探测；不代表资产不存在,回查GEM公开名录确认名称；不移植其未逐条核清的产量字段。名录状态不证明当前停复产。坐标是GEM公布的田/项目参考点，exact是源分类，不是本项目独立测绘。
伊朗,Nar,Nar,,field,,天然气,,,undisclosed,,,,,,,,[],[],只核对名称/位置；不将名录的年量、储量、设计能力当当前日产量,没有当前逐资产实绩；缺失不等于零,历史生产／当前待核,GEM名录回查2026-09-30；逐田观察期不统一,低,https://www.gem.wiki/Nar_Gas_Field_(Iran),True,False,27.9235,52.2501,https://www.gem.wiki/Nar_Gas_Field_(Iran),https://www.gem.wiki/Nar_Gas_Field_(Iran),未探测,2026-09-30,未取得可展示的本层级产量/产能；不填0；所引URL自动访问失败或未探测；不代表资产不存在,回查GEM公开名录确认名称；不移植其未逐条核清的产量字段。名录状态不证明当前停复产。坐标是GEM公布的田/项目参考点，exact是源分类，不是本项目独立测绘。
埃及,Narges,Narges,,field,,天然气,,,undisclosed,,,,,,,,[],[],只核对名称/位置；不将名录的年量、储量、设计能力当当前日产量,没有当前逐资产实绩；缺失不等于零,历史生产／当前待核,GEM名录回查2026-09-30；逐田观察期不统一,低,https://www.gem.wiki/Narges_Gas_Field_(Egypt),True,False,31.68,33.27,https://www.gem.wiki/Narges_Gas_Field_(Egypt),https://www.gem.wiki/Narges_Gas_Field_(Egypt),未探测,2026-09-30,未取得可展示的本层级产量/产能；不填0；所引URL自动访问失败或未探测；不代表资产不存在,回查GEM公开名录确认名称；不移植其未逐条核清的产量字段。名录状态不证明当前停复产。坐标是GEM公布的田/项目参考点，exact是源分类，不是本项目独立测绘。
伊朗,Naft Safid,Naft Safid,,field,,原油,,,undisclosed,,,,,,,,[],[],只核对名称/位置；不将名录的年量、储量、设计能力当当前日产量,没有当前逐资产实绩；缺失不等于零,历史生产／当前待核,GEM名录回查2026-09-30；逐田观察期不统一,低,https://www.gem.wiki/Naft_Safid_Oil_Field_(Iran),True,False,31.6999,49.2197,https://www.gem.wiki/Naft_Safid_Oil_Field_(Iran),https://www.gem.wiki/Naft_Safid_Oil_Field_(Iran),未探测,2026-09-30,未取得可展示的本层级产量/产能；不填0；所引URL自动访问失败或未探测；不代表资产不存在,回查GEM公开名录确认名称；不移植其未逐条核清的产量字段。名录状态不证明当前停复产。坐标是GEM公布的田/项目参考点，exact是源分类，不是本项目独立测绘。
伊朗,Namavaran,Namavaran,,field,,原油,,,undisclosed,,,,,,,,[],[],只核对名称/位置；不将名录的年量、储量、设计能力当当前日产量,没有当前逐资产实绩；缺失不等于零,历史生产／当前待核,GEM名录回查2026-09-30；逐田观察期不统一,低,https://www.gem.wiki/Namavaran_Oil_Field_(Iran),False,False,,,,https://www.gem.wiki/Namavaran_Oil_Field_(Iran),未探测,2026-09-30,未取得可展示的本层级产量/产能；不填0；所引URL自动访问失败或未探测；不代表资产不存在；没有独立核验坐标；仅列目录,回查GEM公开名录确认名称；不移植其未逐条核清的产量字段。名录状态不证明当前停复产。暂无重新核实的独立坐标。
伊拉克,Kurdamir,Kurdamir,,field,,天然气,,,undisclosed,,,,,,,,[],[],只核对名称/位置；不将名录的年量、储量、设计能力当当前日产量,没有当前逐资产实绩；缺失不等于零,历史生产／当前待核,GEM名录回查2026-09-30；逐田观察期不统一,低,https://www.gem.wiki/Kurdamir_Gas_Field_(Iraq),True,False,36.0831,44.6297,https://www.gem.wiki/Kurdamir_Gas_Field_(Iraq),https://www.gem.wiki/Kurdamir_Gas_Field_(Iraq),未探测,2026-09-30,未取得可展示的本层级产量/产能；不填0；所引URL自动访问失败或未探测；不代表资产不存在,回查GEM公开名录确认名称；不移植其未逐条核清的产量字段。名录状态不证明当前停复产。坐标是GEM公布的田/项目参考点，exact是源分类，不是本项目独立测绘。
叙利亚,Habbari,Habbari,,field,,原油,,,undisclosed,,,,,,,,[],[],只核对名称/位置；不将名录的年量、储量、设计能力当当前日产量,没有当前逐资产实绩；缺失不等于零,历史生产／当前待核,GEM名录回查2026-09-30；逐田观察期不统一,低,https://www.gem.wiki/Habbari_Oil_Field_(Syria),False,False,,,,https://www.gem.wiki/Habbari_Oil_Field_(Syria),未探测,2026-09-30,未取得可展示的本层级产量/产能；不填0；所引URL自动访问失败或未探测；不代表资产不存在；没有独立核验坐标；仅列目录,回查GEM公开名录确认名称；不移植其未逐条核清的产量字段。名录状态不证明当前停复产。暂无重新核实的独立坐标。
阿联酋,Habshan,Habshan,,field,,油气／凝析油,,,undisclosed,,,,,,,,[],[],只核对名称/位置；不将名录的年量、储量、设计能力当当前日产量,没有当前逐资产实绩；缺失不等于零,历史生产／当前待核,GEM名录回查2026-09-30；逐田观察期不统一,低,https://www.gem.wiki/Habshan_Oil_and_Gas_Field_(United_Arab_Emirates),True,False,23.7981,53.4534,https://www.gem.wiki/Habshan_Oil_and_Gas_Field_(United_Arab_Emirates),https://www.gem.wiki/Habshan_Oil_and_Gas_Field_(United_Arab_Emirates),未探测,2026-09-30,未取得可展示的本层级产量/产能；不填0；所引URL自动访问失败或未探测；不代表资产不存在,回查GEM公开名录确认名称；不移植其未逐条核清的产量字段。名录状态不证明当前停复产。坐标是GEM公布的田/项目参考点，exact是源分类，不是本项目独立测绘。
沙特阿拉伯,Haradh,Haradh,,development_area,Ghawar,油气／凝析油,,,undisclosed,,,,,,,,[],[],只核对名称/位置；不将名录的年量、储量、设计能力当当前日产量,没有当前逐资产实绩；缺失不等于零,历史生产／当前待核,GEM名录回查2026-09-30；逐田观察期不统一,低,https://www.gem.wiki/Haradh_Gas_Field_(Saudi_Arabia),True,False,24.1358,49.0782,https://www.gem.wiki/Haradh_Gas_Field_(Saudi_Arabia),https://www.gem.wiki/Haradh_Gas_Field_(Saudi_Arabia),未探测,2026-09-30,未取得可展示的本层级产量/产能；不填0；所引URL自动访问失败或未探测；不代表资产不存在,回查GEM公开名录确认名称；不移植其未逐条核清的产量字段。名录状态不证明当前停复产。坐标是GEM公布的田/项目参考点，exact是源分类，不是本项目独立测绘。
埃及,GNN,GNN,,field,,油气／凝析油,,,undisclosed,,,,,,,,[],[],只核对名称/位置；不将名录的年量、储量、设计能力当当前日产量,没有当前逐资产实绩；缺失不等于零,历史生产／当前待核,GEM名录回查2026-09-30；逐田观察期不统一,低,https://www.gem.wiki/GNN_Oil_and_Gas_Field_(Egypt),False,False,,,,https://www.gem.wiki/GNN_Oil_and_Gas_Field_(Egypt),未探测,2026-09-30,未取得可展示的本层级产量/产能；不填0；所引URL自动访问失败或未探测；不代表资产不存在；没有独立核验坐标；仅列目录,回查GEM公开名录确认名称；不移植其未逐条核清的产量字段。名录状态不证明当前停复产。暂无重新核实的独立坐标。
土耳其,Goktepe,Goktepe,,field,,天然气,,,undisclosed,,,,,,,,[],[],只核对名称/位置；不将名录的年量、储量、设计能力当当前日产量,没有当前逐资产实绩；缺失不等于零,历史生产／当前待核,GEM名录回查2026-09-30；逐田观察期不统一,低,https://www.gem.wiki/Goktepe_Gas_Field_(Türkiye),True,False,42.4123,32.003,https://www.gem.wiki/Goktepe_Gas_Field_(Türkiye),https://www.gem.wiki/Goktepe_Gas_Field_(Türkiye),未探测,2026-09-30,未取得可展示的本层级产量/产能；不填0；所引URL自动访问失败或未探测；不代表资产不存在,回查GEM公开名录确认名称；不移植其未逐条核清的产量字段。名录状态不证明当前停复产。坐标是GEM公布的田/项目参考点，exact是源分类，不是本项目独立测绘。
伊朗,Golshan,Golshan,,field,,天然气,,,undisclosed,,,,,,,,[],[],只核对名称/位置；不将名录的年量、储量、设计能力当当前日产量,没有当前逐资产实绩；缺失不等于零,历史生产／当前待核,GEM名录回查2026-09-30；逐田观察期不统一,低,https://www.gem.wiki/Golshan_Gas_Field_(Iran),True,False,27.33,51.31,https://www.gem.wiki/Golshan_Gas_Field_(Iran),https://www.gem.wiki/Golshan_Gas_Field_(Iran),未探测,2026-09-30,未取得可展示的本层级产量/产能；不填0；所引URL自动访问失败或未探测；不代表资产不存在,回查GEM公开名录确认名称；不移植其未逐条核清的产量字段。名录状态不证明当前停复产。坐标是GEM公布的田/项目参考点，exact是源分类，不是本项目独立测绘。
埃及,Hilal,Hilal,,field,,油气／凝析油,,,undisclosed,,,,,,,,[],[],只核对名称/位置；不将名录的年量、储量、设计能力当当前日产量,没有当前逐资产实绩；缺失不等于零,历史生产／当前待核,GEM名录回查2026-09-30；逐田观察期不统一,低,https://www.gem.wiki/Hilal_Oil_and_Gas_Field_(Egypt),False,False,,,,https://www.gem.wiki/Hilal_Oil_and_Gas_Field_(Egypt),未探测,2026-09-30,未取得可展示的本层级产量/产能；不填0；所引URL自动访问失败或未探测；不代表资产不存在；没有独立核验坐标；仅列目录,回查GEM公开名录确认名称；不移植其未逐条核清的产量字段。名录状态不证明当前停复产。暂无重新核实的独立坐标。
科威特,Homah,Homah,,field,,油气／凝析油,,,undisclosed,,,,,,,,[],[],只核对名称/位置；不将名录的年量、储量、设计能力当当前日产量,没有当前逐资产实绩；缺失不等于零,历史生产／当前待核,GEM名录回查2026-09-30；逐田观察期不统一,低,https://www.gem.wiki/Homah_Oil_and_Gas_Field_(Kuwait),True,False,29.8114,47.3111,https://www.gem.wiki/Homah_Oil_and_Gas_Field_(Kuwait),https://www.gem.wiki/Homah_Oil_and_Gas_Field_(Kuwait),未探测,2026-09-30,未取得可展示的本层级产量/产能；不填0；所引URL自动访问失败或未探测；不代表资产不存在,回查GEM公开名录确认名称；不移植其未逐条核清的产量字段。名录状态不证明当前停复产。坐标是GEM公布的田/项目参考点，exact是源分类，不是本项目独立测绘。
埃及,Harmattan,Harmattan,,field,,天然气,,,undisclosed,,,,,,,,[],[],只核对名称/位置；不将名录的年量、储量、设计能力当当前日产量,没有当前逐资产实绩；缺失不等于零,历史生产／当前待核,GEM名录回查2026-09-30；逐田观察期不统一,低,https://www.gem.wiki/Harmattan_Gas_Field_(Egypt),True,False,31.5285,31.8142,https://www.gem.wiki/Harmattan_Gas_Field_(Egypt),https://www.gem.wiki/Harmattan_Gas_Field_(Egypt),未探测,2026-09-30,未取得可展示的本层级产量/产能；不填0；所引URL自动访问失败或未探测；不代表资产不存在,回查GEM公开名录确认名称；不移植其未逐条核清的产量字段。名录状态不证明当前停复产。坐标是GEM公布的田/项目参考点，exact是源分类，不是本项目独立测绘。
科威特,Humma,Humma,,field,,油气／凝析油,,,undisclosed,,,,,,,,[],[],只核对名称/位置；不将名录的年量、储量、设计能力当当前日产量,没有当前逐资产实绩；缺失不等于零,历史生产／当前待核,GEM名录回查2026-09-30；逐田观察期不统一,低,"https://www.gem.wiki/Humma_Oil_and_Gas_Field_(Kuwait,_Saudi_Arabia)",True,False,28.2898,47.9248,"https://www.gem.wiki/Humma_Oil_and_Gas_Field_(Kuwait,_Saudi_Arabia)","https://www.gem.wiki/Humma_Oil_and_Gas_Field_(Kuwait,_Saudi_Arabia)",未探测,2026-09-30,未取得可展示的本层级产量/产能；不填0；所引URL自动访问失败或未探测；不代表资产不存在,回查GEM公开名录确认名称；不移植其未逐条核清的产量字段。名录状态不证明当前停复产。坐标是GEM公布的田/项目参考点，exact是源分类，不是本项目独立测绘。
沙特阿拉伯,Hasbah,Hasbah,,field,,油气／凝析油,,,undisclosed,,,,,,,,[],[],只核对名称/位置；不将名录的年量、储量、设计能力当当前日产量,没有当前逐资产实绩；缺失不等于零,历史生产／当前待核,GEM名录回查2026-09-30；逐田观察期不统一,低,https://www.gem.wiki/Hasbah_Oil_and_Gas_Field_(Saudi_Arabia),True,False,28.1477,49.9194,https://www.gem.wiki/Hasbah_Oil_and_Gas_Field_(Saudi_Arabia),https://www.gem.wiki/Hasbah_Oil_and_Gas_Field_(Saudi_Arabia),未探测,2026-09-30,未取得可展示的本层级产量/产能；不填0；所引URL自动访问失败或未探测；不代表资产不存在,回查GEM公开名录确认名称；不移植其未逐条核清的产量字段。名录状态不证明当前停复产。坐标是GEM公布的田/项目参考点，exact是源分类，不是本项目独立测绘。
埃及,South Sidri,South Sidri,,field,,原油,,,undisclosed,,,,,,,,[],[],只核对名称/位置；不将名录的年量、储量、设计能力当当前日产量,没有当前逐资产实绩；缺失不等于零,历史生产／当前待核,GEM名录回查2026-09-30；逐田观察期不统一,低,https://www.gem.wiki/South_Sidri_Oil_Field_(Egypt),False,False,,,,https://www.gem.wiki/South_Sidri_Oil_Field_(Egypt),未探测,2026-09-30,未取得可展示的本层级产量/产能；不填0；所引URL自动访问失败或未探测；不代表资产不存在；没有独立核验坐标；仅列目录,回查GEM公开名录确认名称；不移植其未逐条核清的产量字段。名录状态不证明当前停复产。暂无重新核实的独立坐标。
沙特阿拉伯,Hawiyah,Hawiyah,,development_area,Ghawar,油气／凝析油,,,undisclosed,,,,,,,,[],[],只核对名称/位置；不将名录的年量、储量、设计能力当当前日产量,没有当前逐资产实绩；缺失不等于零,历史生产／当前待核,GEM名录回查2026-09-30；逐田观察期不统一,低,https://www.gem.wiki/Hawiyah_Gas_Field_(Saudi_Arabia),True,False,24.8016,49.386,https://www.gem.wiki/Hawiyah_Gas_Field_(Saudi_Arabia),https://www.gem.wiki/Hawiyah_Gas_Field_(Saudi_Arabia),未探测,2026-09-30,未取得可展示的本层级产量/产能；不填0；所引URL自动访问失败或未探测；不代表资产不存在,回查GEM公开名录确认名称；不移植其未逐条核清的产量字段。名录状态不证明当前停复产。坐标是GEM公布的田/项目参考点，exact是源分类，不是本项目独立测绘。
以色列,Hermes,Hermes,,field,,天然气,,,undisclosed,,,,,,,,[],[],只核对名称/位置；不将名录的年量、储量、设计能力当当前日产量,没有当前逐资产实绩；缺失不等于零,历史生产／当前待核,GEM名录回查2026-09-30；逐田观察期不统一,低,https://www.gem.wiki/Hermes_Gas_Field_(Israel),False,False,,,,https://www.gem.wiki/Hermes_Gas_Field_(Israel),未探测,2026-09-30,未取得可展示的本层级产量/产能；不填0；所引URL自动访问失败或未探测；不代表资产不存在；没有独立核验坐标；仅列目录,回查GEM公开名录确认名称；不移植其未逐条核清的产量字段。名录状态不证明当前停复产。暂无重新核实的独立坐标。
科威特,South Magwa,South Magwa,,field,,原油,,,undisclosed,,,,,,,,[],[],只核对名称/位置；不将名录的年量、储量、设计能力当当前日产量,没有当前逐资产实绩；缺失不等于零,历史生产／当前待核,GEM名录回查2026-09-30；逐田观察期不统一,低,https://www.gem.wiki/South_Magwa_Oil_Field_(Kuwait),False,False,,,,https://www.gem.wiki/South_Magwa_Oil_Field_(Kuwait),未探测,2026-09-30,未取得可展示的本层级产量/产能；不填0；所引URL自动访问失败或未探测；不代表资产不存在；没有独立核验坐标；仅列目录,回查GEM公开名录确认名称；不移植其未逐条核清的产量字段。名录状态不证明当前停复产。暂无重新核实的独立坐标。
伊朗,Esfandiar,Esfandiar,,field,,原油,,,undisclosed,,,,,,,,[],[],只核对名称/位置；不将名录的年量、储量、设计能力当当前日产量,没有当前逐资产实绩；缺失不等于零,历史生产／当前待核,GEM名录回查2026-09-30；逐田观察期不统一,低,https://www.gem.wiki/Esfandiar_Oil_Field_(Iran),True,False,28.86,49.6,https://www.gem.wiki/Esfandiar_Oil_Field_(Iran),https://www.gem.wiki/Esfandiar_Oil_Field_(Iran),未探测,2026-09-30,未取得可展示的本层级产量/产能；不填0；所引URL自动访问失败或未探测；不代表资产不存在,回查GEM公开名录确认名称；不移植其未逐条核清的产量字段。名录状态不证明当前停复产。坐标是GEM公布的田/项目参考点，exact是源分类，不是本项目独立测绘。
阿曼,Fahd South,Fahd South,,project,,原油,,,undisclosed,,,,,,,,[],[],只核对名称/位置；不将名录的年量、储量、设计能力当当前日产量,名称/位置复核不证明当前产量；缺失不等于零,规划／评价中,2023-02-07勘探目标公告；2024年Q3仍在测试评价,高,https://www.tethysoil.com/en/prospective-resources-in-fahd-area-block-58/,False,False,,,,https://www.tethysoil.com/en/prospective-resources-in-fahd-area-block-58/,未探测,2026-10-01,未取得可展示的本层级产量/产能；不填0；所引URL自动访问失败或未探测；不代表资产不存在；没有独立核验坐标；仅列目录,运营商明确Fahd South为独立prospect，与Fahd不同；2024年Q3 Kunooz-1测试未构成商业生产证据。纠正目录旧单田/历史生产分类，不填前景资源、公司总量或试井流量。
阿曼,Fahd Southwest,Fahd Southwest,,field,,原油,,,undisclosed,,,,,,,,[],[],只核对名称/位置；不将名录的年量、储量、设计能力当当前日产量,没有当前逐资产实绩；缺失不等于零,历史生产／当前待核,GEM名录回查2026-09-30；逐田观察期不统一,低,https://www.gem.wiki/Fahd_Southwest_Oil_Field_(Oman),True,False,21.178,55.8542,https://www.gem.wiki/Fahd_Southwest_Oil_Field_(Oman),https://www.gem.wiki/Fahd_Southwest_Oil_Field_(Oman),未探测,2026-09-30,未取得可展示的本层级产量/产能；不填0；所引URL自动访问失败或未探测；不代表资产不存在,回查GEM公开名录确认名称；不移植其未逐条核清的产量字段。名录状态不证明当前停复产。坐标是GEM公布的田/项目参考点，exact是源分类，不是本项目独立测绘。
埃及,El King,El King,,field,,油气／凝析油,,,undisclosed,,,,,,,,[],[],只核对名称/位置；不将名录的年量、储量、设计能力当当前日产量,没有当前逐资产实绩；缺失不等于零,历史生产／当前待核,GEM名录回查2026-09-30；逐田观察期不统一,低,https://www.gem.wiki/El_King_Oil_and_Gas_Field_(Egypt),True,False,31.9027,29.5983,https://www.gem.wiki/El_King_Oil_and_Gas_Field_(Egypt),https://www.gem.wiki/El_King_Oil_and_Gas_Field_(Egypt),未探测,2026-09-30,未取得可展示的本层级产量/产能；不填0；所引URL自动访问失败或未探测；不代表资产不存在,回查GEM公开名录确认名称；不移植其未逐条核清的产量字段。名录状态不证明当前停复产。坐标是GEM公布的田/项目参考点，exact是源分类，不是本项目独立测绘。
以色列,Tamar Southwest,Tamar Southwest,,field,,油气／凝析油,,,undisclosed,,,,,,,,[],[],只核对名称/位置；不将名录的年量、储量、设计能力当当前日产量,没有当前逐资产实绩；缺失不等于零,历史生产／当前待核,GEM名录回查2026-09-30；逐田观察期不统一,低,https://www.gem.wiki/Tamar_Southwest_Oil_and_Gas_Field_(Israel),True,False,32.92,33.92,https://www.gem.wiki/Tamar_Southwest_Oil_and_Gas_Field_(Israel),https://www.gem.wiki/Tamar_Southwest_Oil_and_Gas_Field_(Israel),未探测,2026-09-30,未取得可展示的本层级产量/产能；不填0；所引URL自动访问失败或未探测；不代表资产不存在,回查GEM公开名录确认名称；不移植其未逐条核清的产量字段。名录状态不证明当前停复产。坐标是GEM公布的田/项目参考点，exact是源分类，不是本项目独立测绘。
埃及,El Qar,El Qar,,field,,油气／凝析油,,,undisclosed,,,,,,,,[],[],只核对名称/位置；不将名录的年量、储量、设计能力当当前日产量,没有当前逐资产实绩；缺失不等于零,历史生产／当前待核,GEM名录回查2026-09-30；逐田观察期不统一,低,https://www.gem.wiki/El_Qar_Oil_and_Gas_Field_(Egypt),True,False,31.5513,31.2696,https://www.gem.wiki/El_Qar_Oil_and_Gas_Field_(Egypt),https://www.gem.wiki/El_Qar_Oil_and_Gas_Field_(Egypt),未探测,2026-09-30,未取得可展示的本层级产量/产能；不填0；所引URL自动访问失败或未探测；不代表资产不存在,回查GEM公开名录确认名称；不移植其未逐条核清的产量字段。名录状态不证明当前停复产。坐标是GEM公布的田/项目参考点，exact是源分类，不是本项目独立测绘。
阿曼,Ghaba North,Ghaba North,,field,,原油,,,undisclosed,,,,,,,,[],[],只核对名称/位置；不将名录的年量、储量、设计能力当当前日产量,没有当前逐资产实绩；缺失不等于零,历史生产／当前待核,GEM名录回查2026-09-30；逐田观察期不统一,低,https://www.gem.wiki/Ghaba_North_Oil_Field_(Oman),True,False,21.3087,57.0945,https://www.gem.wiki/Ghaba_North_Oil_Field_(Oman),https://www.gem.wiki/Ghaba_North_Oil_Field_(Oman),未探测,2026-09-30,未取得可展示的本层级产量/产能；不填0；所引URL自动访问失败或未探测；不代表资产不存在,回查GEM公开名录确认名称；不移植其未逐条核清的产量字段。名录状态不证明当前停复产。坐标是GEM公布的田/项目参考点，exact是源分类，不是本项目独立测绘。
阿曼,Ghafeer,Ghafeer,,field,,油气／凝析油,,,undisclosed,,,,,,,,[],[],只核对名称/位置；不将名录的年量、储量、设计能力当当前日产量,没有当前逐资产实绩；缺失不等于零,历史生产／当前待核,GEM名录回查2026-09-30；逐田观察期不统一,低,https://www.gem.wiki/Ghafeer_Oil_and_Gas_Field_(Oman),True,False,21.8916,56.1569,https://www.gem.wiki/Ghafeer_Oil_and_Gas_Field_(Oman),https://www.gem.wiki/Ghafeer_Oil_and_Gas_Field_(Oman),未探测,2026-09-30,未取得可展示的本层级产量/产能；不填0；所引URL自动访问失败或未探测；不代表资产不存在,回查GEM公开名录确认名称；不移植其未逐条核清的产量字段。名录状态不证明当前停复产。坐标是GEM公布的田/项目参考点，exact是源分类，不是本项目独立测绘。
埃及,Khalda,Khalda,,field,,油气／凝析油,,,undisclosed,,,,,,,,[],[],只核对名称/位置；不将名录的年量、储量、设计能力当当前日产量,没有当前逐资产实绩；缺失不等于零,历史生产／当前待核,GEM名录回查2026-09-30；逐田观察期不统一,低,https://www.gem.wiki/Khalda_Oil_and_Gas_Field_(Egypt),True,False,30.654,26.958,https://www.gem.wiki/Khalda_Oil_and_Gas_Field_(Egypt),https://www.gem.wiki/Khalda_Oil_and_Gas_Field_(Egypt),未探测,2026-09-30,未取得可展示的本层级产量/产能；不填0；所引URL自动访问失败或未探测；不代表资产不存在,回查GEM公开名录确认名称；不移植其未逐条核清的产量字段。名录状态不证明当前停复产。坐标是GEM公布的田/项目参考点，exact是源分类，不是本项目独立测绘。
巴林,Khaleej Al-Bahrain,Khaleej Al-Bahrain,,field,,油气／凝析油,,,undisclosed,,,,,,,,[],[],只核对名称/位置；不将名录的年量、储量、设计能力当当前日产量,没有当前逐资产实绩；缺失不等于零,历史生产／当前待核,GEM名录回查2026-09-30；逐田观察期不统一,低,https://www.gem.wiki/Khaleej_Al-Bahrain_Oil_and_Gas_Field_(Bahrain),True,False,26.0451,50.3568,https://www.gem.wiki/Khaleej_Al-Bahrain_Oil_and_Gas_Field_(Bahrain),https://www.gem.wiki/Khaleej_Al-Bahrain_Oil_and_Gas_Field_(Bahrain),未探测,2026-09-30,未取得可展示的本层级产量/产能；不填0；所引URL自动访问失败或未探测；不代表资产不存在,回查GEM公开名录确认名称；不移植其未逐条核清的产量字段。名录状态不证明当前停复产。坐标是GEM公布的田/项目参考点，exact是源分类，不是本项目独立测绘。
埃及,Scarab,Scarab,,field,,油气／凝析油,,,undisclosed,,,,,,,,[],[],只核对名称/位置；不将名录的年量、储量、设计能力当当前日产量,没有当前逐资产实绩；缺失不等于零,历史生产／当前待核,GEM名录回查2026-09-30；逐田观察期不统一,低,https://www.gem.wiki/Scarab_Oil_and_Gas_Field_(Egypt),True,False,31.935,30.375,https://www.gem.wiki/Scarab_Oil_and_Gas_Field_(Egypt),https://www.gem.wiki/Scarab_Oil_and_Gas_Field_(Egypt),未探测,2026-09-30,未取得可展示的本层级产量/产能；不填0；所引URL自动访问失败或未探测；不代表资产不存在,回查GEM公开名录确认名称；不移植其未逐条核清的产量字段。名录状态不证明当前停复产。坐标是GEM公布的田/项目参考点，exact是源分类，不是本项目独立测绘。
科威特,Khashman,Khashman,,field,,油气／凝析油,,,undisclosed,,,,,,,,[],[],只核对名称/位置；不将名录的年量、储量、设计能力当当前日产量,没有当前逐资产实绩；缺失不等于零,历史生产／当前待核,GEM名录回查2026-09-30；逐田观察期不统一,低,https://www.gem.wiki/Khashman_Oil_and_Gas_Field_(Kuwait),True,False,29.2312,47.8809,https://www.gem.wiki/Khashman_Oil_and_Gas_Field_(Kuwait),https://www.gem.wiki/Khashman_Oil_and_Gas_Field_(Kuwait),未探测,2026-09-30,未取得可展示的本层级产量/产能；不填0；所引URL自动访问失败或未探测；不代表资产不存在,回查GEM公开名录确认名称；不移植其未逐条核清的产量字段。名录状态不证明当前停复产。坐标是GEM公布的田/项目参考点，exact是源分类，不是本项目独立测绘。
以色列,Karish North,Karish North,,field,,油气／凝析油,,,undisclosed,,,,,,,,[],[],只核对名称/位置；不将名录的年量、储量、设计能力当当前日产量,没有当前逐资产实绩；缺失不等于零,历史生产／当前待核,GEM名录回查2026-09-30；逐田观察期不统一,低,https://www.gem.wiki/Karish_North_Oil_and_Gas_Field_(Israel),True,False,33.2588,34.3397,https://www.gem.wiki/Karish_North_Oil_and_Gas_Field_(Israel),https://www.gem.wiki/Karish_North_Oil_and_Gas_Field_(Israel),未探测,2026-09-30,未取得可展示的本层级产量/产能；不填0；所引URL自动访问失败或未探测；不代表资产不存在,回查GEM公开名录确认名称；不移植其未逐条核清的产量字段。名录状态不证明当前停复产。坐标是GEM公布的田/项目参考点，exact是源分类，不是本项目独立测绘。
以色列,Katlan,Katlan,,field,,天然气,,,undisclosed,,,,,,,,[],[],只核对名称/位置；不将名录的年量、储量、设计能力当当前日产量,没有当前逐资产实绩；缺失不等于零,历史生产／当前待核,GEM名录回查2026-09-30；逐田观察期不统一,低,https://www.gem.wiki/Katlan_Gas_Field_(Israel),True,False,33.2283,34.289,https://www.gem.wiki/Katlan_Gas_Field_(Israel),https://www.gem.wiki/Katlan_Gas_Field_(Israel),未探测,2026-09-30,未取得可展示的本层级产量/产能；不填0；所引URL自动访问失败或未探测；不代表资产不存在,回查GEM公开名录确认名称；不移植其未逐条核清的产量字段。名录状态不证明当前停复产。坐标是GEM公布的田/项目参考点，exact是源分类，不是本项目独立测绘。
伊朗,Kuh-e-Mond,Kuh-e-Mond,,field,,原油,,,undisclosed,,,,,,,,[],[],只核对名称/位置；不将名录的年量、储量、设计能力当当前日产量,没有当前逐资产实绩；缺失不等于零,历史生产／当前待核,GEM名录回查2026-09-30；逐田观察期不统一,低,https://www.gem.wiki/Kuh-e-Mond_Oil_Field_(Iran),False,False,,,,https://www.gem.wiki/Kuh-e-Mond_Oil_Field_(Iran),未探测,2026-09-30,未取得可展示的本层级产量/产能；不填0；所引URL自动访问失败或未探测；不代表资产不存在；没有独立核验坐标；仅列目录,回查GEM公开名录确认名称；不移植其未逐条核清的产量字段。名录状态不证明当前停复产。暂无重新核实的独立坐标。
伊朗,Sarkhan,Sarkhan,,field,,油气／凝析油,,,undisclosed,,,,,,,,[],[],只核对名称/位置；不将名录的年量、储量、设计能力当当前日产量,没有当前逐资产实绩；缺失不等于零,历史生产／当前待核,GEM名录回查2026-09-30；逐田观察期不统一,低,https://www.gem.wiki/Sarkhan_Oil_and_Gas_Field_(Iran),True,False,33.3069,47.8196,https://www.gem.wiki/Sarkhan_Oil_and_Gas_Field_(Iran),https://www.gem.wiki/Sarkhan_Oil_and_Gas_Field_(Iran),未探测,2026-09-30,未取得可展示的本层级产量/产能；不填0；所引URL自动访问失败或未探测；不代表资产不存在,回查GEM公开名录确认名称；不移植其未逐条核清的产量字段。名录状态不证明当前停复产。坐标是GEM公布的田/项目参考点，exact是源分类，不是本项目独立测绘。
伊朗,Kilur Karim,Kilur Karim,,field,,原油,,,undisclosed,,,,,,,,[],[],只核对名称/位置；不将名录的年量、储量、设计能力当当前日产量,没有当前逐资产实绩；缺失不等于零,历史生产／当前待核,GEM名录回查2026-09-30；逐田观察期不统一,低,https://www.gem.wiki/Kilur_Karim_Oil_Field_(Iran),True,False,29.9339,50.6727,https://www.gem.wiki/Kilur_Karim_Oil_Field_(Iran),https://www.gem.wiki/Kilur_Karim_Oil_Field_(Iran),未探测,2026-09-30,未取得可展示的本层级产量/产能；不填0；所引URL自动访问失败或未探测；不代表资产不存在,回查GEM公开名录确认名称；不移植其未逐条核清的产量字段。名录状态不证明当前停复产。坐标是GEM公布的田/项目参考点，exact是源分类，不是本项目独立测绘。
埃及,Saqqara,Saqqara,,field,,油气／凝析油,,,undisclosed,,,,,,,,[],[],只核对名称/位置；不将名录的年量、储量、设计能力当当前日产量,没有当前逐资产实绩；缺失不等于零,历史生产／当前待核,GEM名录回查2026-09-30；逐田观察期不统一,低,https://www.gem.wiki/Saqqara_Oil_and_Gas_Field_(Egypt),True,False,28.2259,33.3556,https://www.gem.wiki/Saqqara_Oil_and_Gas_Field_(Egypt),https://www.gem.wiki/Saqqara_Oil_and_Gas_Field_(Egypt),未探测,2026-09-30,未取得可展示的本层级产量/产能；不填0；所引URL自动访问失败或未探测；不代表资产不存在,回查GEM公开名录确认名称；不移植其未逐条核清的产量字段。名录状态不证明当前停复产。坐标是GEM公布的田/项目参考点，exact是源分类，不是本项目独立测绘。
埃及,Sapphire,Sapphire,,field,,天然气,,,undisclosed,,,,,,,,[],[],只核对名称/位置；不将名录的年量、储量、设计能力当当前日产量,没有当前逐资产实绩；缺失不等于零,历史生产／当前待核,GEM名录回查2026-09-30；逐田观察期不统一,低,https://www.gem.wiki/Sapphire_Gas_Field_(Egypt),True,False,32.0226,30.3649,https://www.gem.wiki/Sapphire_Gas_Field_(Egypt),https://www.gem.wiki/Sapphire_Gas_Field_(Egypt),未探测,2026-09-30,未取得可展示的本层级产量/产能；不填0；所引URL自动访问失败或未探测；不代表资产不存在,回查GEM公开名录确认名称；不移植其未逐条核清的产量字段。名录状态不证明当前停复产。坐标是GEM公布的田/项目参考点，exact是源分类，不是本项目独立测绘。
沙特阿拉伯,Karan,Karan,,field,,天然气,,,undisclosed,,,,,,,,[],[],只核对名称/位置；不将名录的年量、储量、设计能力当当前日产量,没有当前逐资产实绩；缺失不等于零,历史生产／当前待核,GEM名录回查2026-09-30；逐田观察期不统一,低,https://www.gem.wiki/Karan_Gas_Field_(Saudi_Arabia),True,False,27.7233,49.8257,https://www.gem.wiki/Karan_Gas_Field_(Saudi_Arabia),https://www.gem.wiki/Karan_Gas_Field_(Saudi_Arabia),未探测,2026-09-30,未取得可展示的本层级产量/产能；不填0；所引URL自动访问失败或未探测；不代表资产不存在,回查GEM公开名录确认名称；不移植其未逐条核清的产量字段。名录状态不证明当前停复产。坐标是GEM公布的田/项目参考点，exact是源分类，不是本项目独立测绘。
埃及,Simian,Simian,,field,,油气／凝析油,,,undisclosed,,,,,,,,[],[],只核对名称/位置；不将名录的年量、储量、设计能力当当前日产量,没有当前逐资产实绩；缺失不等于零,历史生产／当前待核,GEM名录回查2026-09-30；逐田观察期不统一,低,https://www.gem.wiki/Simian_Oil_and_Gas_Field_(Egypt),False,False,,,,https://www.gem.wiki/Simian_Oil_and_Gas_Field_(Egypt),未探测,2026-09-30,未取得可展示的本层级产量/产能；不填0；所引URL自动访问失败或未探测；不代表资产不存在；没有独立核验坐标；仅列目录,回查GEM公开名录确认名称；不移植其未逐条核清的产量字段。名录状态不证明当前停复产。暂无重新核实的独立坐标。
叙利亚,Sijan,Sijan,,field,,原油,,,undisclosed,,,,,,,,[],[],只核对名称/位置；不将名录的年量、储量、设计能力当当前日产量,没有当前逐资产实绩；缺失不等于零,历史生产／当前待核,GEM名录回查2026-09-30；逐田观察期不统一,低,https://www.gem.wiki/Sijan_Oil_Field_(Syria),True,False,35.2178,40.7466,https://www.gem.wiki/Sijan_Oil_Field_(Syria),https://www.gem.wiki/Sijan_Oil_Field_(Syria),未探测,2026-09-30,未取得可展示的本层级产量/产能；不填0；所引URL自动访问失败或未探测；不代表资产不存在,回查GEM公开名录确认名称；不移植其未逐条核清的产量字段。名录状态不证明当前停复产。坐标是GEM公布的田/项目参考点，exact是源分类，不是本项目独立测绘。
沙特阿拉伯,Jalamid,Jalamid,,field,,天然气,,,undisclosed,,,,,,,,[],[],只核对名称/位置；不将名录的年量、储量、设计能力当当前日产量,没有当前逐资产实绩；缺失不等于零,历史生产／当前待核,GEM名录回查2026-09-30；逐田观察期不统一,低,https://www.gem.wiki/Jalamid_Gas_Field_(Saudi_Arabia),True,False,31.3912,40.0981,https://www.gem.wiki/Jalamid_Gas_Field_(Saudi_Arabia),https://www.gem.wiki/Jalamid_Gas_Field_(Saudi_Arabia),未探测,2026-09-30,未取得可展示的本层级产量/产能；不填0；所引URL自动访问失败或未探测；不代表资产不存在,回查GEM公开名录确认名称；不移植其未逐条核清的产量字段。名录状态不证明当前停复产。坐标是GEM公布的田/项目参考点，exact是源分类，不是本项目独立测绘。
阿联酋,Jebel Ali,Jebel Ali,,field,,天然气,,,undisclosed,,,,,,,,[],[],只核对名称/位置；不将名录的年量、储量、设计能力当当前日产量,没有当前逐资产实绩；缺失不等于零,历史生产／当前待核,GEM名录回查2026-09-30；逐田观察期不统一,低,https://www.gem.wiki/Jebel_Ali_Gas_Field_(United_Arab_Emirates),True,False,24.7116,55.1113,https://www.gem.wiki/Jebel_Ali_Gas_Field_(United_Arab_Emirates),https://www.gem.wiki/Jebel_Ali_Gas_Field_(United_Arab_Emirates),未探测,2026-09-30,未取得可展示的本层级产量/产能；不填0；所引URL自动访问失败或未探测；不代表资产不存在,回查GEM公开名录确认名称；不移植其未逐条核清的产量字段。名录状态不证明当前停复产。坐标是GEM公布的田/项目参考点，exact是源分类，不是本项目独立测绘。
埃及,JG-NEAG,JG-NEAG,,field,,油气／凝析油,,,undisclosed,,,,,,,,[],[],只核对名称/位置；不将名录的年量、储量、设计能力当当前日产量,没有当前逐资产实绩；缺失不等于零,历史生产／当前待核,GEM名录回查2026-09-30；逐田观察期不统一,低,https://www.gem.wiki/JG-NEAG_Oil_and_Gas_Field_(Egypt),False,False,,,,https://www.gem.wiki/JG-NEAG_Oil_and_Gas_Field_(Egypt),未探测,2026-09-30,未取得可展示的本层级产量/产能；不填0；所引URL自动访问失败或未探测；不代表资产不存在；没有独立核验坐标；仅列目录,回查GEM公开名录确认名称；不移植其未逐条核清的产量字段。名录状态不证明当前停复产。暂无重新核实的独立坐标。
伊朗,Sirri D,Sirri D,,field,,原油,,,undisclosed,,,,,,,,[],[],只核对名称/位置；不将名录的年量、储量、设计能力当当前日产量,没有当前逐资产实绩；缺失不等于零,历史生产／当前待核,GEM名录回查2026-09-30；逐田观察期不统一,低,https://www.gem.wiki/Sirri_D_Oil_Field_(Iran),True,False,25.7463,54.2086,https://www.gem.wiki/Sirri_D_Oil_Field_(Iran),https://www.gem.wiki/Sirri_D_Oil_Field_(Iran),未探测,2026-09-30,未取得可展示的本层级产量/产能；不填0；所引URL自动访问失败或未探测；不代表资产不存在,回查GEM公开名录确认名称；不移植其未逐条核清的产量字段。名录状态不证明当前停复产。坐标是GEM公布的田/项目参考点，exact是源分类，不是本项目独立测绘。
伊朗,Sirri A,Sirri A,,field,,原油,,,undisclosed,,,,,,,,[],[],只核对名称/位置；不将名录的年量、储量、设计能力当当前日产量,没有当前逐资产实绩；缺失不等于零,历史生产／当前待核,GEM名录回查2026-09-30；逐田观察期不统一,低,https://www.gem.wiki/Sirri_A_Oil_Field_(Iran),True,False,25.7463,54.2086,https://www.gem.wiki/Sirri_A_Oil_Field_(Iran),https://www.gem.wiki/Sirri_A_Oil_Field_(Iran),未探测,2026-09-30,未取得可展示的本层级产量/产能；不填0；所引URL自动访问失败或未探测；不代表资产不存在,回查GEM公开名录确认名称；不移植其未逐条核清的产量字段。名录状态不证明当前停复产。坐标是GEM公布的田/项目参考点，exact是源分类，不是本项目独立测绘。
伊朗,Shahini,Shahini,,field,,天然气,,,undisclosed,,,,,,,,[],[],只核对名称/位置；不将名录的年量、储量、设计能力当当前日产量,没有当前逐资产实绩；缺失不等于零,历史生产／当前待核,GEM名录回查2026-09-30；逐田观察期不统一,低,https://www.gem.wiki/Shahini_Gas_Field_(Iran),True,False,27.3381,53.1783,https://www.gem.wiki/Shahini_Gas_Field_(Iran),https://www.gem.wiki/Shahini_Gas_Field_(Iran),未探测,2026-09-30,未取得可展示的本层级产量/产能；不填0；所引URL自动访问失败或未探测；不代表资产不存在,回查GEM公开名录确认名称；不移植其未逐条核清的产量字段。名录状态不证明当前停复产。坐标是GEM公布的田/项目参考点，exact是源分类，不是本项目独立测绘。
埃及,Shams,Shams,,field,,油气／凝析油,,,undisclosed,,,,,,,,[],[],只核对名称/位置；不将名录的年量、储量、设计能力当当前日产量,没有当前逐资产实绩；缺失不等于零,历史生产／当前待核,GEM名录回查2026-09-30；逐田观察期不统一,低,https://www.gem.wiki/Shams_Oil_and_Gas_Field_(Egypt),True,False,30.8262,26.9078,https://www.gem.wiki/Shams_Oil_and_Gas_Field_(Egypt),https://www.gem.wiki/Shams_Oil_and_Gas_Field_(Egypt),未探测,2026-09-30,未取得可展示的本层级产量/产能；不填0；所引URL自动访问失败或未探测；不代表资产不存在,回查GEM公开名录确认名称；不移植其未逐条核清的产量字段。名录状态不证明当前停复产。坐标是GEM公布的田/项目参考点，exact是源分类，不是本项目独立测绘。
埃及,Shoab Ali,Shoab Ali,,field,,原油,,,undisclosed,,,,,,,,[],[],只核对名称/位置；不将名录的年量、储量、设计能力当当前日产量,没有当前逐资产实绩；缺失不等于零,历史生产／当前待核,GEM名录回查2026-09-30；逐田观察期不统一,低,https://www.gem.wiki/Shoab_Ali_Oil_Field_(Egypt),True,False,27.8469,33.8638,https://www.gem.wiki/Shoab_Ali_Oil_Field_(Egypt),https://www.gem.wiki/Shoab_Ali_Oil_Field_(Egypt),未探测,2026-09-30,未取得可展示的本层级产量/产能；不填0；所引URL自动访问失败或未探测；不代表资产不存在,回查GEM公开名录确认名称；不移植其未逐条核清的产量字段。名录状态不证明当前停复产。坐标是GEM公布的田/项目参考点，exact是源分类，不是本项目独立测绘。
埃及,July,July,,field,,油气／凝析油,,,undisclosed,,,,,,,,[],[],只核对名称/位置；不将名录的年量、储量、设计能力当当前日产量,没有当前逐资产实绩；缺失不等于零,历史生产／当前待核,GEM名录回查2026-09-30；逐田观察期不统一,低,https://www.gem.wiki/July_Oil_and_Gas_Field_(Egypt),True,False,28.2282,33.2409,https://www.gem.wiki/July_Oil_and_Gas_Field_(Egypt),https://www.gem.wiki/July_Oil_and_Gas_Field_(Egypt),未探测,2026-09-30,未取得可展示的本层级产量/产能；不填0；所引URL自动访问失败或未探测；不代表资产不存在,回查GEM公开名录确认名称；不移植其未逐条核清的产量字段。名录状态不证明当前停复产。坐标是GEM公布的田/项目参考点，exact是源分类，不是本项目独立测绘。
以色列,Shimson,Shimson,,field,,天然气,,,undisclosed,,,,,,,,[],[],只核对名称/位置；不将名录的年量、储量、设计能力当当前日产量,没有当前逐资产实绩；缺失不等于零,历史生产／当前待核,GEM名录回查2026-09-30；逐田观察期不统一,低,https://www.gem.wiki/Shimson_Gas_Field_(Israel),True,False,32.1001,33.7391,https://www.gem.wiki/Shimson_Gas_Field_(Israel),https://www.gem.wiki/Shimson_Gas_Field_(Israel),未探测,2026-09-30,未取得可展示的本层级产量/产能；不填0；所引URL自动访问失败或未探测；不代表资产不存在,回查GEM公开名录确认名称；不移植其未逐条核清的产量字段。名录状态不证明当前停复产。坐标是GEM公布的田/项目参考点，exact是源分类，不是本项目独立测绘。
伊朗,Shanul,Shanul,,field,,油气／凝析油,,,undisclosed,,,,,,,,[],[],只核对名称/位置；不将名录的年量、储量、设计能力当当前日产量,没有当前逐资产实绩；缺失不等于零,历史生产／当前待核,GEM名录回查2026-09-30；逐田观察期不统一,低,https://www.gem.wiki/Shanul_Oil_and_Gas_Field_(Iran),True,False,27.6941,53.1817,https://www.gem.wiki/Shanul_Oil_and_Gas_Field_(Iran),https://www.gem.wiki/Shanul_Oil_and_Gas_Field_(Iran),未探测,2026-09-30,未取得可展示的本层级产量/产能；不填0；所引URL自动访问失败或未探测；不代表资产不存在,回查GEM公开名录确认名称；不移植其未逐条核清的产量字段。名录状态不证明当前停复产。坐标是GEM公布的田/项目参考点，exact是源分类，不是本项目独立测绘。
伊拉克,Khor Mor,Khor Mor,,field,,天然气,>700,百万标准立方英尺/日,actual_output,2026年1月高需求时段产量水平（非月均）,,,,,,,[],[],运营商原文下限已核；历史峰时产量水平，不是当前或全年均值,数值仅对应数据日期；复核日不是观测日，不能视作2026-09-30实绩,在产,2026-08-07公告,高,https://www.danagas.com/media/press-releases/?cat=2026,False,False,,,,https://www.danagas.com/wp-content/uploads/2026/02/20260204-Dana-Gas-FY-2025-Press-Release-En.pdf,200,2026-09-30,非实时数值；只能用于所标日期和口径；没有独立核验坐标；仅列目录,原PDF第1—2页确认1月超过700 MMscf/d；750为处理能力，70千boe/d为公司净合计，均不替换本字段。原文公告年份有笔误，观察期以明确的2026年1月为准。
伊拉克,Chemchemal,Chemchemal,,field,,天然气,,,undisclosed,,,,,,,,[],[],数值缺失；不可估计当前产量,名称/位置复核不证明当前产量；缺失不等于零,开发／建设中,2026-08-07公告,高,https://www.danagas.com/media/press-releases/?cat=2026,True,False,35.75,44.851,https://www.gem.wiki/Chemchemal_Oil_and_Gas_Field_(Iraq),https://www.danagas.com/media/press-releases/?cat=2026,200,2026-10-01,未取得可展示的本层级产量/产能；不填0,运营商2026-08-07公告确认评估及早期开发计划；142 MMscf/d是销售协议上限，不填作已实现产量。
土耳其,Sakarya,Sakarya,,field,,天然气,约8.34,百万立方米/日,estimated_daily_average,2026上半年估算日均；181日,,181,,,1641,0.92,[],[],基于政府总量和份额的可复算近似估计；不是原文直报单田日量,仅适用于所标观测/规划期；2026-10-01是复核日，不是实绩日,在产,2026上半年；08-16发布,高,https://enerji.gov.tr/haber-detay?id=31903,True,False,42.7511,31.2635,https://www.gem.wiki/Sakarya_Gas_Field_(T%C3%BCrkiye),https://enerji.gov.tr/haber-detay?id=31903,200,2026-10-01,非实时数值；只能用于所标日期和口径,"政府报全国上半年天然气超过1,641百万m³，Sakarya占92%。以公布的约数基准1,641×92%÷181≈8.34百万m³/日；份额及总量有舍入，不能解释为精确实测均值或9月日产量。"
阿联酋,Umm Shaif Gas Cap,Umm Shaif Gas Cap,,project,Umm Shaif,天然气,>600,百万标准立方英尺/日,target_capacity,2026-07-21 FID；预计2030产气,,,,,,,[],[],原FID公告已核；未来开发目标，不是当前产量,数值仅对应数据日期；复核日不是观测日，不能视作2026-09-30实绩,开发／建设中,2026-07-21 FID,高,https://adnoc.ae/en/news-and-media/press-releases/2026/adnoc-accelerates-gas-growth-strategy-with-62-billion-fid-for-umm-shaif-gas-cap,True,True,25.26,53.28,,https://adnoc.ae/en/news-and-media/press-releases/2026/adnoc-accelerates-gas-growth-strategy-with-62-billion-fid-for-umm-shaif-gas-cap,200,2026-09-30,非实时数值；只能用于所标日期和口径；代理点；不能当田边界或独立子田坐标,ADNOC规划天然气及相关气液开发；尚未将计划值当实产。
埃及,Sitra,Sitra,,field,,油气／凝析油,,,undisclosed,,,,,,,,[],[],名称/资产层级有证据；未取得本层级商业产量，不填储量或试井流量,名称/位置复核不证明当前产量；缺失不等于零,待核实,1979发现；官网历史回顾,低,https://www.shell.eg/en_eg/about-us/who-we-are.html,True,True,29.75,27.85,https://eug.petroleum.gov.eg/dp/jsp/new_live/InteractiveMap/devGeoJson4-5-2025.geojson,https://www.shell.eg/en_eg/about-us/who-we-are.html,未探测,2026-10-01,未取得可展示的本层级产量/产能；不填0；所引URL自动访问失败或未探测；不代表资产不存在；代理点；不能当田边界或独立子田坐标,Shell历史页确认Sitra发现；BAPETCo合计110千桶/日不分配本田。定位仅用同名开发特许区代理点。
埃及,East Beni Suef,East Beni Suef,,concession,,油气／凝析油,,,undisclosed,,,,,,,,[],[],名称/资产层级有证据；未取得本层级商业产量，不填储量或试井流量,名称/位置复核不证明当前产量；缺失不等于零,待核实,地图文件名2025-05-04；复核2026-10-01,中,https://eug.petroleum.gov.eg/dp/jsp/new_live/InteractiveMap/devGeoJson4-5-2025.geojson,True,True,29.15,30.883,https://eug.petroleum.gov.eg/dp/jsp/new_live/InteractiveMap/devGeoJson4-5-2025.geojson,https://eug.petroleum.gov.eg/dp/jsp/new_live/InteractiveMap/devGeoJson4-5-2025.geojson,未探测,2026-10-01,未取得可展示的本层级产量/产能；不填0；所引URL自动访问失败或未探测；不代表资产不存在；代理点；不能当田边界或独立子田坐标,政府图层确认为开发特许区，不能据此视作一个独立生产田；没有独立商业产量。地图日期取自文件名，逐要素观察期未提供。
埃及,West Kalabsha,West Kalabsha,,concession,,油气／凝析油,,,undisclosed,,,,,,,,[],[],名称/资产层级有证据；未取得本层级商业产量，不填储量或试井流量,名称/位置复核不证明当前产量；缺失不等于零,待核实,地图文件名2025-05-04；复核2026-10-01,中,https://eug.petroleum.gov.eg/dp/jsp/new_live/InteractiveMap/devGeoJson4-5-2025.geojson,True,True,30.4,25.775,https://eug.petroleum.gov.eg/dp/jsp/new_live/InteractiveMap/devGeoJson4-5-2025.geojson,https://eug.petroleum.gov.eg/dp/jsp/new_live/InteractiveMap/devGeoJson4-5-2025.geojson,未探测,2026-10-01,未取得可展示的本层级产量/产能；不填0；所引URL自动访问失败或未探测；不代表资产不存在；代理点；不能当田边界或独立子田坐标,政府图层确认为开发特许区，不能据此视作一个独立生产田；没有独立商业产量。地图日期取自文件名，逐要素观察期未提供。
埃及,Herunefer,Herunefer,,concession,,油气／凝析油,,,undisclosed,,,,,,,,[],[],名称/资产层级有证据；未取得本层级商业产量，不填储量或试井流量,名称/位置复核不证明当前产量；缺失不等于零,待核实,地图文件名2025-05-04；复核2026-10-01,中,https://eug.petroleum.gov.eg/dp/jsp/new_live/InteractiveMap/devGeoJson4-5-2025.geojson,True,True,30.817,27.275,https://eug.petroleum.gov.eg/dp/jsp/new_live/InteractiveMap/devGeoJson4-5-2025.geojson,https://eug.petroleum.gov.eg/dp/jsp/new_live/InteractiveMap/devGeoJson4-5-2025.geojson,未探测,2026-10-01,未取得可展示的本层级产量/产能；不填0；所引URL自动访问失败或未探测；不代表资产不存在；代理点；不能当田边界或独立子田坐标,政府图层确认为开发特许区，不能据此视作一个独立生产田；没有独立商业产量。地图日期取自文件名，逐要素观察期未提供。
埃及,Siwa,Siwa,,concession,,油气／凝析油,,,undisclosed,,,,,,,,[],[],名称/资产层级有证据；未取得本层级商业产量，不填储量或试井流量,名称/位置复核不证明当前产量；缺失不等于零,待核实,地图文件名2025-05-04；复核2026-10-01,中,https://eug.petroleum.gov.eg/dp/jsp/new_live/InteractiveMap/devGeoJson4-5-2025.geojson,True,True,30.292,25.9,https://eug.petroleum.gov.eg/dp/jsp/new_live/InteractiveMap/devGeoJson4-5-2025.geojson,https://eug.petroleum.gov.eg/dp/jsp/new_live/InteractiveMap/devGeoJson4-5-2025.geojson,未探测,2026-10-01,未取得可展示的本层级产量/产能；不填0；所引URL自动访问失败或未探测；不代表资产不存在；代理点；不能当田边界或独立子田坐标,政府图层确认为开发特许区，不能据此视作一个独立生产田；没有独立商业产量。地图日期取自文件名，逐要素观察期未提供。
埃及,East Bahariya,East Bahariya,,concession,,油气／凝析油,,,undisclosed,,,,,,,,[],[],名称/资产层级有证据；未取得本层级商业产量，不填储量或试井流量,名称/位置复核不证明当前产量；缺失不等于零,待核实,地图文件名2025-05-04；复核2026-10-01,中,https://eug.petroleum.gov.eg/dp/jsp/new_live/InteractiveMap/explGeoJson4-5-2025.geojson,False,False,,,,https://eug.petroleum.gov.eg/dp/jsp/new_live/InteractiveMap/explGeoJson4-5-2025.geojson,未探测,2026-10-01,未取得可展示的本层级产量/产能；不填0；所引URL自动访问失败或未探测；不代表资产不存在；没有独立核验坐标；仅列目录,图层名称为WD Merged (East Bahariya)，保留特许区层级；不把East Bahariya-32子开发租约边界当整体位置或套用其井流量。
埃及,Satis West,Satis West,,project,,天然气,,,undisclosed,,,,,,,,[],[],名称/资产层级有证据；未取得本层级商业产量，不填储量或试井流量,名称/位置复核不证明当前产量；缺失不等于零,规划／评价中,历史访谈；未取得可靠发布日和当前进度,中,https://staging.theenergyyear.com/articles/in-egypt-bp-sees-a-gas-future-in-the-nile-delta/,False,False,,,,https://staging.theenergyyear.com/articles/in-egypt-bp-sees-a-gas-future-in-the-nile-delta/,未探测,2026-10-01,未取得可展示的本层级产量/产能；不填0；所引URL自动访问失败或未探测；不代表资产不存在；没有独立核验坐标；仅列目录,bp区域总裁访谈确认与Eni的Satis West勘探项目；不与Satis发现自动合并，未取得该项目商业产量。
伊朗,Sulabedar,Sulabedar,,field,,原油,,,undisclosed,,,,,,,,[],[],名称/资产层级有证据；未取得本层级商业产量，不填储量或试井流量,名称/位置复核不证明当前产量；缺失不等于零,待核实,2006技术摘要,低,https://www.searchanddiscovery.com/documents/2006/06088houston_abs/abstracts/keyvani02.htm,False,False,,,,https://www.searchanddiscovery.com/documents/2006/06088houston_abs/abstracts/keyvani02.htm,未探测,2026-10-01,未取得可展示的本层级产量/产能；不填0；所引URL自动访问失败或未探测；不代表资产不存在；没有独立核验坐标；仅列目录,NIOC作者的储层研究明确列出Sulabedar；只确认历史名称，不据构造/储层描述推算日产量。
伊朗,Toos,Toos,,field,,天然气,约4,百万立方米/日,historical_design_capacity,2016-04-12开发方案,,,,,,,[],[],承包商原文已核；历史开发能力，非当前实际产量,仅适用于所标观测/规划期；2026-10-01是复核日，不是实绩日,待核实,2016-04-12 MoU,中,https://www.saipem.com/en/media/press-releases/2016-04-12/saipem-signs-mou-toos-gas-field-project-iran,False,False,,,,https://www.saipem.com/en/media/press-releases/2016-04-12/saipem-signs-mou-toos-gas-field-project-iran,未探测,2026-10-01,非实时数值；只能用于所标日期和口径；所引URL自动访问失败或未探测；不代表资产不存在；没有独立核验坐标；仅列目录,原公告开发方案能力，非投产实绩；60十亿m³原地气量不进入产量字段。
伊朗,Khayyam,Khayyam,,field,,天然气,,,undisclosed,,,,,,,,[],[],名称/资产层级有证据；未取得本层级商业产量，不填储量或试井流量,名称/位置复核不证明当前产量；缺失不等于零,待核实,2020论文；出版商检索正文,低,https://www.sciencedirect.com/science/article/abs/pii/S0920410520306628,False,False,,,,https://www.sciencedirect.com/science/article/abs/pii/S0920410520306628,未探测,2026-10-01,未取得可展示的本层级产量/产能；不填0；所引URL自动访问失败或未探测；不代表资产不存在；没有独立核验坐标；仅列目录,盆地模型研究明确Khayyam Field及井名；地质模型的生气/运移不等于商业产气，未填日产量或位置。
叙利亚,Ahmer,Ahmer,,field,,原油,,,undisclosed,,,,,,,,[],[],名称/资产层级有证据；未取得本层级商业产量，不填储量或试井流量,名称/位置复核不证明当前产量；缺失不等于零,待核实,2015夏季资料；2016论文,低,https://www.mdpi.com/2076-0760/5/2/20,False,False,,,,https://www.mdpi.com/2076-0760/5/2/20,未探测,2026-10-01,未取得可展示的本层级产量/产能；不填0；所引URL自动访问失败或未探测；不代表资产不存在；没有独立核验坐标；仅列目录,论文表1列出该田，但生产量为多田组合；只核名称，不分摊组合产量。证据由出版商索引表读到，直接全文访问失败；现时生产和独立坐标待核。
叙利亚,Ratka,Ratka,,field,,原油,,,undisclosed,,,,,,,,[],[],名称/资产层级有证据；未取得本层级商业产量，不填储量或试井流量,名称/位置复核不证明当前产量；缺失不等于零,待核实,2015夏季资料；2016论文,低,https://www.mdpi.com/2076-0760/5/2/20,False,False,,,,https://www.mdpi.com/2076-0760/5/2/20,未探测,2026-10-01,未取得可展示的本层级产量/产能；不填0；所引URL自动访问失败或未探测；不代表资产不存在；没有独立核验坐标；仅列目录,论文表1列出该田，但生产量为多田组合；只核名称，不分摊组合产量。证据由出版商索引表读到，直接全文访问失败；现时生产和独立坐标待核。
叙利亚,Maleh,Maleh,,field,,原油,,,undisclosed,,,,,,,,[],[],名称/资产层级有证据；未取得本层级商业产量，不填储量或试井流量,名称/位置复核不证明当前产量；缺失不等于零,待核实,2015夏季资料；2016论文,低,https://www.mdpi.com/2076-0760/5/2/20,False,False,,,,https://www.mdpi.com/2076-0760/5/2/20,未探测,2026-10-01,未取得可展示的本层级产量/产能；不填0；所引URL自动访问失败或未探测；不代表资产不存在；没有独立核验坐标；仅列目录,论文表1列出该田，但生产量为多田组合；只核名称，不分摊组合产量。证据由出版商索引表读到，直接全文访问失败；现时生产和独立坐标待核。
叙利亚,Fadeh,Fadeh,,field,,原油,,,undisclosed,,,,,,,,[],[],名称/资产层级有证据；未取得本层级商业产量，不填储量或试井流量,名称/位置复核不证明当前产量；缺失不等于零,待核实,2015夏季资料；2016论文,低,https://www.mdpi.com/2076-0760/5/2/20,False,False,,,,https://www.mdpi.com/2076-0760/5/2/20,未探测,2026-10-01,未取得可展示的本层级产量/产能；不填0；所引URL自动访问失败或未探测；不代表资产不存在；没有独立核验坐标；仅列目录,论文表1列出该田，但生产量为多田组合；只核名称，不分摊组合产量。证据由出版商索引表读到，直接全文访问失败；现时生产和独立坐标待核。
以色列,Royee,Royee,,project,,天然气,,,undisclosed,,,,,,,,[],[],名称/资产层级有证据；未取得本层级商业产量，不填储量或试井流量,名称/位置复核不证明当前产量；缺失不等于零,规划／评价中,2017-05-26资源评估,高,https://mayafiles.tase.co.il/rpdf/1100001-1101000/P1100367-00.pdf,False,False,,,,https://mayafiles.tase.co.il/rpdf/1100001-1101000/P1100367-00.pdf,未探测,2026-10-01,未取得可展示的本层级产量/产能；不填0；所引URL自动访问失败或未探测；不代表资产不存在；没有独立核验坐标；仅列目录,交易所原申报第9页明确Royee为未发现的prospect；无风险前景资源不是储量或产量，不列为已发现商业气田。
阿曼,Fahd,Fahd,,project,,原油,,,undisclosed,,,,,,,,[],[],名称/资产层级有证据；未取得本层级商业产量，不填储量或试井流量,名称/位置复核不证明当前产量；缺失不等于零,规划／评价中,2023-02-07,高,https://www.tethysoil.com/en/prospective-resources-in-fahd-area-block-58/,False,False,,,,https://www.tethysoil.com/en/prospective-resources-in-fahd-area-block-58/,未探测,2026-10-01,未取得可展示的本层级产量/产能；不填0；所引URL自动访问失败或未探测；不代表资产不存在；没有独立核验坐标；仅列目录,Tethys原公告将Fahd、Fahd South及Fahd South-West列为三个不同勘探目标；前景资源不是发现储量或产量。
科威特,Jazza,Jazza,,field,,天然气,,,undisclosed,,,,,,,,[],[],名称/资产层级有证据；未取得本层级商业产量，不填储量或试井流量,名称/位置复核不证明当前产量；缺失不等于零,已发现／待商业化,2025-10-13,高,https://e.gov.kw/sites/kgoenglish/Pages/ApplicationPages/NewsDetail.aspx?nid=34675812,False,False,,,,https://e.gov.kw/sites/kgoenglish/Pages/ApplicationPages/NewsDetail.aspx?nid=34675812,未探测,2026-10-01,未取得可展示的本层级产量/产能；不填0；所引URL自动访问失败或未探测；不代表资产不存在；没有独立核验坐标；仅列目录,政府原公告确认Al-Jazza海上天然气发现；试井流量不当商业产量，无独立位置证据。
伊朗,Ferdowsi,Ferdowsi,,field,,油气／凝析油,,,undisclosed,,,,,,,,[],[],名称/资产层级有证据；未取得本层级商业产量，不填储量或试井流量,名称/位置复核不证明当前产量；缺失不等于零,待核实,2007/2008合同；2019-09-10 CRS历史报告,低,https://www.everycrsreport.com/files/2019-09-10_RS20871_881f4870768e444d3494ae34cef43faf8cb3614a.html,False,False,,,,https://www.everycrsreport.com/files/2019-09-10_RS20871_881f4870768e444d3494ae34cef43faf8cb3614a.html,未探测,2026-10-01,未取得可展示的本层级产量/产能；不填0；所引URL自动访问失败或未探测；不代表资产不存在；没有独立核验坐标；仅列目录,美国CRS原报告历史合同表确认Ferdowsi名称，原文镜像已读取；同列Golshan组合项目目标不拆给本田，未取得现时商业产量或独立坐标。官方Congress PDF检索表也列同名，但全文访问受限。
