国家,名称,层级,上级资产,值,口径,单位,观察期,最新性结论,指标核验日,状态,指标核验结论,状态证据时点,状态置信度,坐标精度,坐标代理,经度,纬度,参考条目,来源,说明,补充观测
沙特阿拉伯,Ghawar,油田群／综合体,,"3,800",maximum_sustainable_capacity,千桶/日,2018-12-31,保留原观察期；未证实为2026-09-30最新实产，目标／产能不代表已达产,2026-09-30,在产,原来源历史数值及口径核对；没有确认更新的同范围实产,2025-12-31／2026年公开材料,中,近似中心点,False,49.57,25.42,Ain dar Oil Field (Saudi Arabia),https://www.aramco.com/-/media/images/investors/saudi-aramco-prospectus-en-051219.pdf,阿美招股书表14最大可持续产能，不是当期实际产量。,[]
沙特阿拉伯,Safaniya,单一油气田,,"1,300",maximum_sustainable_capacity,千桶/日,2018-12-31,保留原观察期；未证实为2026-09-30最新实产，目标／产能不代表已达产,2026-09-30,在产,原来源历史数值及口径核对；没有确认更新的同范围实产,2025-12-31／2026年公开材料,中,近似中心点,False,48.78,28.18,Safaniya Oil and Gas Field (Saudi Arabia);Safaniya Expansion Oil Field (Saudi Arabia),https://www.aramco.com/-/media/images/investors/saudi-aramco-prospectus-en-051219.pdf,阿美招股书截至2018年末最大可持续产能；非实际日产量。,[]
沙特阿拉伯,Khurais,油田群／综合体,,"1,450",maximum_sustainable_capacity,千桶/日,2018-12-31,保留原观察期；未证实为2026-09-30最新实产，目标／产能不代表已达产,2026-09-30,在产,原来源历史数值及口径核对；没有确认更新的同范围实产,2025-12-31／2026年公开材料,中,近似中心点,False,48.24,25.03,,https://www.aramco.com/-/media/images/investors/saudi-aramco-prospectus-en-051219.pdf,阿美公布的Khurais综合体最大可持续产能，含Abu Jifan、Mazalij等，不能分配给Khurais单田；非实际产量。,[]
沙特阿拉伯,Shaybah,单一油气田,,"1,000",maximum_sustainable_capacity,千桶/日,2018-12-31,保留原观察期；未证实为2026-09-30最新实产，目标／产能不代表已达产,2026-09-30,在产,原来源历史数值及口径核对；没有确认更新的同范围实产,2025-12-31／2026年公开材料,中,近似中心点,False,53.78,22.48,Shaybah Oil and Gas Field (Saudi Arabia),https://www.aramco.com/-/media/images/investors/saudi-aramco-prospectus-en-051219.pdf,阿美招股书表14最大可持续产能，非当前实际日产量。,[]
沙特阿拉伯,Manifa,单一油气田,,900,capacity,千桶/日,2019年招股书披露,保留原观察期；未证实为2026-09-30最新实产，目标／产能不代表已达产,2026-09-30,在产,原来源历史数值及口径核对；没有确认更新的同范围实产,2025-12-31／2026年公开材料,中,近似中心点,False,49.87,27.62,Manifa Oil Field (Saudi Arabia),https://www.aramco.com/-/media/images/investors/saudi-aramco-prospectus-en-051219.pdf,阿美招股书列马尼法原油生产能力90万桶/日；披露时点的历史产能，非当前实产。,[]
沙特阿拉伯,Marjan,单一油气田,,300,incremental_capacity,千桶/日,2025年项目投产,保留原观察期；未证实为2026-09-30最新实产，目标／产能不代表已达产,2026-09-30,在产,原来源历史数值及口径核对；没有确认更新的同范围实产,2025-12-31,高,近似中心点,False,49.86,27.47,Marjan Oil and Gas Field (Saudi Arabia);Marjan Expansion Oil and Gas Phase (Saudi Arabia),https://china.aramco.com/zh-cn/news-media/global-news/2026/aramco-announces-fourth-quarter-and-full-year-2025-results,2025年投产项目的新增产能，并非油田总产能或实际日产量。,[]
沙特阿拉伯,Berri,单一油气田,,250,planned_incremental_capacity,千桶/日,2019-07-09规划；截至2025年末注水启动,保留原观察期；未证实为2026-09-30最新实产，目标／产能不代表已达产,2026-09-30,在产,原来源历史数值及口径核对；没有确认更新的同范围实产,2025-12-31／2026年公开材料,中,近似中心点,False,49.93,27.83,Berri Expansion Oil Phase (Saudi Arabia),https://www.aramco.com/en/news-media/news/2019/aramco-contracts-marjan-berri-oilfields,项目规划新增原油产能；阿美2025全年业绩仅称注水作业已启动，未证实该增量已投产，不能作实际日产量。,[]
沙特阿拉伯,Zuluf,单一油气田,,825,maximum_sustainable_capacity,千桶/日,2018-12-31,保留原观察期；未证实为2026-09-30最新实产，目标／产能不代表已达产,2026-09-30,在产,原来源历史数值及口径核对；没有确认更新的同范围实产,2025-12-31／2026年公开材料,中,近似中心点,False,49.12,27.67,Zuluf Oil and Gas Field (Saudi Arabia);Zuluf Expansion Oil and Gas Phase (Saudi Arabia),https://www.aramco.com/-/media/images/investors/saudi-aramco-prospectus-en-051219.pdf,阿美招股书截至2018年末最大可持续产能；不能与后续项目新增/处理能力混同，非实际日产量。,[]
沙特阿拉伯,Qatif,单一油气田,,,undisclosed,,,无本资产数值；不可按零处理,,在产,无本资产指标，未用目录参考数值填充实产,2025-12-31／2026年公开材料,中,近似中心点,False,50.01,26.55,Qatif Oil Field (Saudi Arabia),https://www.eia.gov/international/analysis/country/SAU,,[]
沙特阿拉伯,Abqaiq,单一油气田,,,undisclosed,,,无本资产数值；不可按零处理,,在产,无本资产指标，未用目录参考数值填充实产,2025-12-31／2026年公开材料,中,近似中心点,False,49.68,25.94,Abqaiq Oil Field (Saudi Arabia),https://www.eia.gov/international/analysis/country/SAU,,[]
沙特阿拉伯,Khursaniyah,单一油气田,,,undisclosed,,,无本资产数值；不可按零处理,,在产,无本资产指标，未用目录参考数值填充实产,2025-12-31／2026年公开材料,中,近似中心点,False,48.91,27.72,Khursaniyah Oil Field (Saudi Arabia),https://www.eia.gov/international/analysis/country/SAU,,[]
沙特阿拉伯,Dammam,单一油气田,,25,incremental_capacity,千桶/日,2025年第二季度投产,保留原观察期；未证实为2026-09-30最新实产，目标／产能不代表已达产,2026-09-30,在产,原来源历史数值及口径核对；没有确认更新的同范围实产,2025-12-31,高,近似中心点,False,49.99,26.36,Dammam 2 Oil Phase (Saudi Arabia),https://www.aramco.com/en/investors/annual-report/highlights,达曼开发一期新增原油产能，不是整个油田实际日产量。,[]
沙特阿拉伯,Jafurah,单一油气田,,,undisclosed,,,无本资产数值；不可按零处理,,在产,无本资产指标，未用目录参考数值填充实产,2025-12-31,高,近似中心点,False,48.82,25.43,Jafurah Oil and Gas Field (Saudi Arabia),https://www.aramco.com/en/news-media/news/2026/aramcos-gas-strategy-builds-momentum-with-major-progress-towards-growth-target,阿美2026年确认气田开始生产；天然气或油当量数据不作为原油逐田日产量。,[]
沙特阿拉伯,Jabu,单一油气田,,,undisclosed,,,无本资产数值；不可按零处理,,已发现／待商业化,无本资产指标，未用目录参考数值填充实产,2017—2025年发现公告,高,沙特东部省新发现区域代表点（非油田中心或井位）,True,48.82,25.43,,https://www.spa.gov.sa/en/N2295070,官方公布的新发现油田；试井流量不填作油田日产量。,[]
沙特阿拉伯,Sayahid,单一油气田,,,undisclosed,,,无本资产数值；不可按零处理,,已发现／待商业化,无本资产指标，未用目录参考数值填充实产,2017—2025年发现公告,高,沙特东部省新发现区域代表点（非油田中心或井位）,True,48.82,25.43,,https://www.spa.gov.sa/en/N2295070,官方公布的新发现油田；逐田实产未披露。,[]
沙特阿拉伯,Ayfan,单一油气田,,,undisclosed,,,无本资产数值；不可按零处理,,已发现／待商业化,无本资产指标，未用目录参考数值填充实产,2017—2025年发现公告,高,沙特东部省新发现区域代表点（非油田中心或井位）,True,48.82,25.43,,https://www.spa.gov.sa/en/N2295070,官方公布的新发现油田；逐田实产未披露。,[]
沙特阿拉伯,Nuwayr,单一油气田,,,undisclosed,,,无本资产数值；不可按零处理,,已发现／待商业化,无本资产指标，未用目录参考数值填充实产,2017—2025年发现公告,高,鲁卜哈利新发现区域代表点（非油田中心或井位）,True,53.78,22.48,,https://www.spa.gov.sa/en/N2295070,官方公布的新发现油田；逐田实产未披露。,[]
沙特阿拉伯,Damda,单一油气田,,,undisclosed,,,无本资产数值；不可按零处理,,已发现／待商业化,无本资产指标，未用目录参考数值填充实产,2017—2025年发现公告,高,鲁卜哈利新发现区域代表点（非油田中心或井位）,True,53.78,22.48,,https://www.spa.gov.sa/en/N2295070,官方公布的新发现油田；逐田实产未披露。,[]
沙特阿拉伯,Qurqas,单一油气田,,,undisclosed,,,无本资产数值；不可按零处理,,已发现／待商业化,无本资产指标，未用目录参考数值填充实产,2017—2025年发现公告,高,鲁卜哈利新发现区域代表点（非油田中心或井位）,True,53.78,22.48,,https://www.spa.gov.sa/en/N2295070,官方公布的新发现油田；逐田实产未披露。,[]
沙特阿拉伯,Ladam,单一油气田,,,undisclosed,,,无本资产数值；不可按零处理,,已发现／待商业化,无本资产指标，未用目录参考数值填充实产,2017—2025年发现公告,高,沙特东部省新发现区域代表点（非油田中心或井位）,True,48.82,25.43,,https://www.spa.gov.sa/N2131725,"官方公布的非常规油田；5,100桶/日是Ladam-2井测试流量，不是全田持续日产量。",[]
沙特阿拉伯,Faruq,单一油气田,,,undisclosed,,,无本资产数值；不可按零处理,,已发现／待商业化,无本资产指标，未用目录参考数值填充实产,2017—2025年发现公告,高,沙特东部省新发现区域代表点（非油田中心或井位）,True,48.82,25.43,,https://www.spa.gov.sa/N2131725,"官方公布的非常规油田；4,557桶/日是Faruq-4井测试流量，不是全田持续日产量。",[]
沙特阿拉伯,Abu Jifan,单一油气田,Khurais,,undisclosed,,,无本资产数值；不可按零处理,,在产,无本资产指标，未用目录参考数值填充实产,2020年官方运营资料／网页复核2026-09-28,中,Khurais综合体内公开近似点（WGS84）,False,48.0304,25.0631,,https://www.aramco.com/-/media/images/investors/saudi-aramco-prospectus-en-051219.pdf,"阿美列为Khurais综合体组成油田；综合体1,450千桶/日产能不可拆给单田。",[]
沙特阿拉伯,Mazalij,单一油气田,Khurais,,undisclosed,,,无本资产数值；不可按零处理,,在产,无本资产指标，未用目录参考数值填充实产,2020年官方运营资料／网页复核2026-09-28,中,Khurais综合体内公开近似点（WGS84）,False,48.0304,25.0631,,https://www.aramco.com/-/media/images/investors/saudi-aramco-prospectus-en-051219.pdf,阿美列为Khurais综合体组成油田；单田产量未披露。,[]
沙特阿拉伯,Qirdi,单一油气田,Khurais,,undisclosed,,,无本资产数值；不可按零处理,,停产／终止,无本资产指标，未用目录参考数值填充实产,1980年代／报告更新至2026年,中,上级资产代表点（Khurais；近似，非本资产中心）,True,48.24,25.03,,https://www.aramco.com/-/media/images/investors/saudi-aramco-prospectus-en-051219.pdf,阿美招股书将Qirdi与Khurais、Abu Jifan、Mazalij共同列为Khurais综合体的四个油田；单田产量未披露。,[]
沙特阿拉伯,Abu Hadriya,单一油气田,,,undisclosed,,,无本资产数值；不可按零处理,,在产,无本资产指标，未用目录参考数值填充实产,2025年资产报告／复核2026-09-28,中,公开资产数据库近似点（WGS84）,False,49.0051,27.312,Abu Hadriya Oil Field (Saudi Arabia),https://www.aramco.com/-/media/images/investors/saudi-aramco-prospectus-en-051219.pdf,阿美储量认证附件列为油田；生产状态及逐田日产量待核。,[]
沙特阿拉伯,Fadhili,单一油气田,,,undisclosed,,,无本资产数值；不可按零处理,,在产,无本资产指标，未用目录参考数值填充实产,2026-09-28,中,公开资产数据库精确点位（WGS84）,False,49.1735,26.9807,Fadhili Oil Field (Saudi Arabia),https://www.aramco.com/-/media/images/investors/saudi-aramco-prospectus-en-051219.pdf,阿美储量认证附件列为油田；与同名气体处理设施区分，逐田原油日产量待核。,[]
沙特阿拉伯,Harmaliyah,单一油气田,,,undisclosed,,,无本资产数值；不可按零处理,,在产,无本资产指标，未用目录参考数值填充实产,2026-09-28,中,公开资产数据库近似点（WGS84）,False,49.4985,24.6291,Harmaliyah Oil and Gas Field (Saudi Arabia),https://www.aramco.com/-/media/images/investors/saudi-aramco-prospectus-en-051219.pdf,阿美储量认证附件列为油田；逐田产量未披露。,[]
沙特阿拉伯,Hawtah,单一油气田,,,undisclosed,,,无本资产数值；不可按零处理,,在产,无本资产指标，未用目录参考数值填充实产,2024年资产资料／复核2026-09-28,中,Hawtah油田机场设施代表点（近似，非油田中心）,True,46.8995,22.9678,,https://www.aramco.com/-/media/publications/corporate-reports/bonds/2019-gmtn-prospectus.pdf,阿美2019年债券招股书第100页原油基础设施图列名；逐田产量及坐标未核验。,[]
沙特阿拉伯,Sakab,单一油气田,,,undisclosed,,,无本资产数值；不可按零处理,,已发现／待商业化,无本资产指标，未用目录参考数值填充实产,2017—2025年发现公告,高,Haradh油田区域代表点（Sakab位于其东南；非井位）,True,49.08,23.92,,https://www.aramco.com/en/news-media/news/2018/2017-annual-review,阿美2017年度回顾列为新发现油田；无可核验单田持续日产量。,[]
沙特阿拉伯,Zumul,单一油气田,,,undisclosed,,,无本资产数值；不可按零处理,,已发现／待商业化,无本资产指标，未用目录参考数值填充实产,2017—2025年发现公告,高,鲁卜哈利新发现区域代表点（借用Shaybah区域；非井位）,True,53.78,22.48,,https://www.aramco.com/en/news-media/news/2018/2017-annual-review,阿美2017年度回顾列为鲁卜哈利新发现油田；无可核验单田持续日产量。,[]
阿联酋,Bab,单一油气田,,485,target_capacity,千桶/日,2019-11-13长期维持产能项目公告,2019历史项目目标；实际达产及当前产量待核,2026-09-30,在产,已核对来源及本次修订口径,2025年,高,近似中心点,False,53.79,23.93,Bab Oil and Gas Field (United Arab Emirates),https://adnoc.ae/en/news-and-media/press-releases/2019/adnoc-invests-aed-1-8-billion-to-upgrade-its-giant-bab-onshore-field,"ADNOC 2019-11-13公告的项目目标为维持485,000桶/日产能；450,000为该公告回顾的此前2020目标。485也不表示当前已实现产能或实产。",[]
阿联酋,Bu Hasa,单一油气田,,650,capacity,千桶/日,2021-05-10公告,保留原观察期；未证实为2026-09-30最新实产，目标／产能不代表已达产,2026-09-30,在产,原来源历史数值及口径核对；没有确认更新的同范围实产,2025年,高,近似中心点,False,53.24,23.52,Bu Hasa Oil and Gas Field (United Arab Emirates),https://www.adnoc.ae/news-and-media/press-releases/2021/adnoc-invests-usd318-million-to-connect-smart-wells-at-bu-hasa,ADNOC称投资维持该田650千桶/日产能；不是逐日实际产量。,[]
阿联酋,Huwaila,单一油气田,,,undisclosed,,,无本资产数值；不可按零处理,,在产,无本资产指标，未用目录参考数值填充实产,运营商资料截至2025年／再次复核2026-09-28,中,近似中心点,False,53.45,23.7,Huwaila Oil and Gas Field (United Arab Emirates),https://www.adnoc.ae/en/adnoc-onshore/about-us/what-we-do,,[]
阿联酋,Bida Al-Qemzan,单一油气田,,,undisclosed,,,无本资产数值；不可按零处理,,在产,无本资产指标，未用目录参考数值填充实产,2025年,高,近似中心点,False,53.66,23.66,Bida Al Qemzan Oil Field (United Arab Emirates),https://www.adnoc.ae/en/adnoc-onshore/about-us/what-we-do,,[]
阿联酋,Al Dabb'iya,单一油气田,,,undisclosed,,,无本资产数值；不可按零处理,,在产,无本资产指标，未用目录参考数值填充实产,运营商资料截至2025年／再次复核2026-09-28,中,近似中心点,False,54.15,24.36,Al-Dabbiya Oil and Gas Field (United Arab Emirates),https://www.adnoc.ae/en/adnoc-onshore/about-us/what-we-do,,[]
阿联酋,Rumaitha,单一油气田,,,undisclosed,,,无本资产数值；不可按零处理,,在产,无本资产指标，未用目录参考数值填充实产,2025年,高,近似中心点,False,54.22,24.3,,https://www.adnoc.ae/en/adnoc-onshore/about-us/what-we-do,,[]
阿联酋,Shanayel,单一油气田,,,undisclosed,,,无本资产数值；不可按零处理,,在产,无本资产指标，未用目录参考数值填充实产,2025年,高,近似中心点,False,54.27,24.18,Shanayel Oil and Gas Field (United Arab Emirates),https://www.adnoc.ae/en/adnoc-onshore/about-us/what-we-do,,[]
阿联酋,Asab,单一油气田,,,undisclosed,,,无本资产数值；不可按零处理,,在产,无本资产指标，未用目录参考数值填充实产,2025年,高,近似中心点,False,53.77,23.45,Asab Oil Field (United Arab Emirates),https://www.adnoc.ae/en/adnoc-onshore/about-us/what-we-do,,[]
阿联酋,Sahil,单一油气田,,,undisclosed,,,无本资产数值；不可按零处理,,在产,无本资产指标，未用目录参考数值填充实产,运营商资料截至2025年／再次复核2026-09-28,中,近似中心点,False,53.9,23.55,Sahil Oil and Gas Field (United Arab Emirates),https://www.adnoc.ae/en/adnoc-onshore/about-us/what-we-do,,[]
阿联酋,Shah,单一油气田,,70,oil_capacity,千桶/日,2025-01-23公告,保留原观察期；未证实为2026-09-30最新实产，目标／产能不代表已达产,2026-09-30,在产,原来源历史数值及口径核对；没有确认更新的同范围实产,运营商资料截至2025年／再次复核2026-09-28,中,近似中心点,False,53.95,22.99,Shah Oil and Gas Field (United Arab Emirates),https://adnoc.ae/en/news-and-media/press-releases/2025/adnoc-achieves-industryleading-carbon-intensity-at-shah,原油产能约70千桶/日；与同名气体处理能力分开，非实产。,[]
阿联酋,Qusahwira,单一油气田,,,undisclosed,,,无本资产数值；不可按零处理,,在产,无本资产指标，未用目录参考数值填充实产,2025年,高,近似中心点,False,54.18,23.23,,https://www.adnoc.ae/en/adnoc-onshore/about-us/what-we-do,,[]
阿联酋,Mender,单一油气田,,,undisclosed,,,无本资产数值；不可按零处理,,在产,无本资产指标，未用目录参考数值填充实产,2025年,高,近似中心点,False,54.0,23.08,Mender Oil Field (United Arab Emirates),https://www.adnoc.ae/en/adnoc-onshore/about-us/what-we-do,,[]
阿联酋,Jumaylah,单一油气田,,,undisclosed,,,无本资产数值；不可按零处理,,在产,无本资产指标，未用目录参考数值填充实产,2025年,高,近似中心点,False,53.7,24.05,,https://www.adnoc.ae/en/adnoc-onshore/about-us/what-we-do,,[]
阿联酋,Al Nouf,单一油气田,,,undisclosed,,,无本资产数值；不可按零处理,,在产,无本资产指标，未用目录参考数值填充实产,2025年,高,近似中心点,False,53.82,24.11,,https://www.adnoc.ae/en/adnoc-onshore/about-us/what-we-do,,[]
阿联酋,Upper Zakum,单一油气田,,"1,000",target_capacity,千桶/日,2017-11-14协议；目标2024年,保留原观察期；未证实为2026-09-30最新实产，目标／产能不代表已达产,2026-09-30,在产,原来源历史数值及口径核对；没有确认更新的同范围实产,运营商资料截至2025年／再次复核2026-09-28,中,近似中心点,False,53.66,24.85,Upper Zakum Oil Field (United Arab Emirates),https://www.inpex.com/english/news/english/news/assets/pdf/e20171114.pdf,合作伙伴2017年提出的产能提升目标；未据此认定2024年已达产，更不是实际日产量。,[]
阿联酋,Lower Zakum,单一油气田,,450,target_capacity,千桶/日,2022-09-05公告；目标2025年,保留原观察期；未证实为2026-09-30最新实产，目标／产能不代表已达产,2026-09-30,在产,原来源历史数值及口径核对；没有确认更新的同范围实产,运营商资料截至2025年／再次复核2026-09-28,中,近似中心点,False,53.51,24.74,Lower Zakum LTDP-1 Oil and Gas Field (United Arab Emirates);Lower Zakum LTDP-2 Oil and Gas Field (United Arab Emirates),https://adnoc.ae/en/news-and-media/press-releases/2022/adnoc-announces-%24548-million-contract-for-a-new-main-gas-line-at-its-lower-zakum-field,ADNOC称产能计划在2025年提高到450千桶/日；未找到已实现的逐田产能或实产确认。,[]
阿联酋,Umm Shaif,单一油气田,,275,capacity,千桶/日,2022-01-05公告,保留原观察期；未证实为2026-09-30最新实产，目标／产能不代表已达产,2026-09-30,在产,原来源历史数值及口径核对；没有确认更新的同范围实产,运营商资料截至2025年／再次复核2026-09-28,中,近似中心点,False,53.28,25.26,Umm Shaif Oil and Gas Field (United Arab Emirates),https://www.adnoc.ae/en/news-and-media/press-releases/2022/adnoc-invests-close-to-usd1-billion-in-the-long-term-development-of-umm-shaif-field,ADNOC公布维持现有275千桶/日产能的项目；非实际日产量。,[]
阿联酋,Satah,单一油气田,,,undisclosed,,,无本资产数值；不可按零处理,,在产,无本资产指标，未用目录参考数值填充实产,运营商资料截至2025年／再次复核2026-09-28,中,近似中心点,False,52.74,25.1,Satah Oil Field (United Arab Emirates),https://www.adnoc.ae/en/adnoc-offshore,,[]
阿联酋,Nasr,单一油气田,Ghasha Concession,65,target_capacity,千桶/日,2015-02-05公告；全田开发预期峰值,保留原观察期；未证实为2026-09-30最新实产，目标／产能不代表已达产,2026-09-30,在产,原来源历史数值及口径核对；没有确认更新的同范围实产,运营商资料截至2025年／再次复核2026-09-28,中,近似中心点,False,53.52,25.54,Nasr Oil Field (United Arab Emirates),https://www.inpex.com/english/news/english/news/assets/pdf/e20150205.pdf,INPEX在初期投产公告中预期全田开发完成后峰值65千桶/日；未核实实际达到或当前实产。,[]
阿联酋,Umm Al Dalkh,单一油气田,,,undisclosed,,,无本资产数值；不可按零处理,,在产,无本资产指标，未用目录参考数值填充实产,运营商资料截至2025年／再次复核2026-09-28,中,近似中心点,False,54.1,24.63,Umm Al-Dalkh Oil Field (United Arab Emirates),https://www.adnoc.ae/en/adnoc-offshore,,[]
阿联酋,Satah Al Razboot (SARB),单一油气田,Ghasha Concession,140,capacity,千桶/日,2024-07-30公告,保留原观察期；未证实为2026-09-30最新实产，目标／产能不代表已达产,2026-09-30,在产,原来源历史数值及口径核对；没有确认更新的同范围实产,运营商资料截至2025年／再次复核2026-09-28,中,近似中心点,False,53.18,25.19,Satah Al Razboot (SARB) Oil Field (United Arab Emirates),https://adnoc.ae/en/news-and-media/press-releases/2023/adnocs-offshore-sarb-field-commences-ai-enabled-digital-operations,ADNOC宣布该田达到140千桶/日产能；非实际日产量，深层气项目单列。,[]
阿联酋,Umm Lulu,单一油气田,,105,target_capacity,千桶/日,2014-10-17公告；全田开发预期峰值,保留原观察期；未证实为2026-09-30最新实产，目标／产能不代表已达产,2026-09-30,在产,原来源历史数值及口径核对；没有确认更新的同范围实产,运营商资料截至2025年／再次复核2026-09-28,中,近似中心点,False,54.06,24.7,Umm Al Lulu Oil and Gas Field (United Arab Emirates),https://www.inpex.com/english/news/english/news/assets/pdf/e20141017.pdf,INPEX初期投产公告称全田开发完成后预期峰值105千桶/日；不能认定已经达到。,[]
阿联酋,Abu Al Bukhoosh,单一油气田,,,undisclosed,,,无本资产数值；不可按零处理,,在产,无本资产指标，未用目录参考数值填充实产,运营商资料截至2025年／再次复核2026-09-28,中,近似中心点,False,53.15,25.5,Abu Al Bukhoosh Oil and Gas Field (United Arab Emirates),https://www.adnoc.ae/en/adnoc-offshore,,[]
阿联酋,Bu Haseer,单一油气田,,8,actual_output,千桶/日,2018年3月初期投产口径,保留原观察期；未证实为2026-09-30最新实产，目标／产能不代表已达产,2026-09-30,在产,原来源历史数值及口径核对；没有确认更新的同范围实产,运营商资料截至2025年／再次复核2026-09-28,中,近似中心点,False,53.17,24.93,Bu Haseer Oil Field (United Arab Emirates),https://adnoc.ae/en/al-yasat-petroleum/about-us/what-we-do,ADNOC称初期生产方案日产8千桶；全田15千桶/日仅是目标，未用目标代替实产；本值并非当前产量。,[]
阿联酋,Belbazem,单一油气田,Belbazem Offshore Block,,undisclosed,,,无本资产数值；不可按零处理,,在产,无本资产指标，未用目录参考数值填充实产,运营商资料截至2025年／再次复核2026-09-28,中,近似中心点,False,53.59,25.13,Belbazem Oil and Gas Field (United Arab Emirates),https://adnoc.ae/en/news-and-media/press-releases/2023/adnoc-announces-first-production-from-belbazem-offshore-block/,2024年投产的Belbazem区块组成油田之一；45千桶/日属于三区块合计目标，单田实产未披露。,[]
阿联酋,Belbazem Offshore Block,区块,,45,target_capacity,千桶/日,2024-03-27公告；逐步达产目标,保留原观察期；未证实为2026-09-30最新实产，目标／产能不代表已达产,2026-09-30,在产,原来源历史数值及口径核对；没有确认更新的同范围实产,2024-03-27,高,组成资产近似中心（3/3个有坐标）,True,53.586666666666666,25.070000000000004,,https://adnoc.ae/en/news-and-media/press-releases/2023/adnoc-announces-first-production-from-belbazem-offshore-block/,目标为Belbazem、Umm Al Salsal、Umm Al Dholou三田合计产能，非任一单田或已核实实产；区块无单点坐标。,[]
阿联酋,Umm Al Salsal,单一油气田,Belbazem Offshore Block,,undisclosed,,,无本资产数值；不可按零处理,,在产,无本资产指标，未用目录参考数值填充实产,运营商资料截至2025年／再次复核2026-09-28,中,近似中心点,False,53.53,25.07,,https://adnoc.ae/en/al-yasat-petroleum/about-us/what-we-do,,[]
阿联酋,Umm Al Dholou,单一油气田,Belbazem Offshore Block,,undisclosed,,,无本资产数值；不可按零处理,,在产,无本资产指标，未用目录参考数值填充实产,运营商资料截至2025年／再次复核2026-09-28,中,近似中心点,False,53.64,25.01,,https://adnoc.ae/en/al-yasat-petroleum/about-us/what-we-do,,[]
阿联酋,Arzanah,单一油气田,,,undisclosed,,,无本资产数值；不可按零处理,,在产,无本资产指标，未用目录参考数值填充实产,运营商资料截至2025年／再次复核2026-09-28,中,近似中心点,False,52.56,24.79,,https://adnoc.ae/en/al-yasat-petroleum/about-us/what-we-do,,[]
阿联酋,Nahaidiin,单一油气田,,,undisclosed,,,无本资产数值；不可按零处理,,在产,无本资产指标，未用目录参考数值填充实产,运营商资料截至2025年／再次复核2026-09-28,中,近似中心点,False,52.2,23.82,,https://adnoc.ae/en/al-yasat-petroleum/about-us/what-we-do,,[]
阿联酋,Bin Hadi,单一油气田,,,undisclosed,,,无本资产数值；不可按零处理,,在产,无本资产指标，未用目录参考数值填充实产,运营商资料截至2025年／再次复核2026-09-28,中,近似中心点,False,52.43,23.72,,https://adnoc.ae/en/al-yasat-petroleum/about-us/what-we-do,,[]
阿联酋,Gezira,单一油气田,,,undisclosed,,,无本资产数值；不可按零处理,,在产,无本资产指标，未用目录参考数值填充实产,运营商资料截至2025年／再次复核2026-09-28,中,近似中心点,False,52.61,23.89,,https://adnoc.ae/en/al-yasat-petroleum/about-us/what-we-do,,[]
阿联酋,Muhaymat,单一油气田,,,undisclosed,,,无本资产数值；不可按零处理,,在产,无本资产指标，未用目录参考数值填充实产,运营商资料截至2025年／再次复核2026-09-28,中,近似中心点,False,52.1,24.1,,https://adnoc.ae/en/al-yasat-petroleum/about-us/what-we-do,,[]
阿联酋,Sila,单一油气田,,,undisclosed,,,无本资产数值；不可按零处理,,在产,无本资产指标，未用目录参考数值填充实产,运营商资料截至2025年／再次复核2026-09-28,中,近似中心点,False,51.76,24.08,,https://adnoc.ae/en/al-yasat-petroleum/about-us/what-we-do,,[]
阿联酋,Ghasha,单一油气田,Ghasha Concession,,undisclosed,,,无本资产数值；不可按零处理,,开发／建设中,无本资产指标，未用目录参考数值填充实产,2025—2026年项目资料,高,近似中心点,False,52.77,24.95,Ghasha Oil and Gas Field (United Arab Emirates),https://adnoc.ae/en/news-and-media/press-releases/2025/uae-president-chairs-adnoc-board-of-directors-meeting-at-habshan-complex,,[]
阿联酋,Dalma,单一油气田,Ghasha Concession,,undisclosed,,,无本资产数值；不可按零处理,,开发／建设中,无本资产指标，未用目录参考数值填充实产,2025—2026年项目资料,高,近似中心点,False,52.83,24.78,Dalma Gas Field (United Arab Emirates),https://adnoc.ae/en/news-and-media/press-releases/2025/uae-president-chairs-adnoc-board-of-directors-meeting-at-habshan-complex,,[]
阿联酋,Shuweihat,单一油气田,,,undisclosed,,,无本资产数值；不可按零处理,,开发／建设中,无本资产指标，未用目录参考数值填充实产,2025—2026年项目资料,高,近似中心点,False,52.55,24.2,,https://adnoc.ae/en/news-and-media/press-releases/2025/uae-president-chairs-adnoc-board-of-directors-meeting-at-habshan-complex,,[]
阿联酋,Ghasha Concession,特许区,,150,target_capacity,千桶/日（原油及凝析油）,2025-11-24公告；预期口径,保留原观察期；未证实为2026-09-30最新实产，目标／产能不代表已达产,2026-09-30,开发／建设中,原来源历史数值及口径核对；没有确认更新的同范围实产,2025—2026年项目资料,高,组成资产近似中心（4/5个有坐标）,True,53.075,25.115000000000002,,https://adnoc.ae/en/news-and-media/press-releases/2025/uae-president-chairs-adnoc-board-of-directors-meeting-at-habshan-complex,ADNOC称Ghasha特许区包括Hail、Ghasha、Dalma、SARB和Nasr，预期日产15万桶原油及凝析油；这是特许区目标／预期，不是单田或已核实实产。,[]
阿联酋,SARB Deep Gas,开发项目,Satah Al Razboot (SARB),200,target_capacity,百万标准立方英尺/日,2026-01-07,2026年FID目标；未投产数值,2026-09-30,开发／建设中,已核对来源及本次修订口径,2025—2026年项目资料,高,近似中心点,False,53.18,25.19,Satah Al Razboot (SARB) Gas Phase (United Arab Emirates),https://www.adnoc.ae/en/news-and-media/press-releases/2026/adnoc-announces-final-investment-decision-for-the-sarb-deep-gas-development/,ADNOC 2026-01-07 FID公告称本项目预计2030年前提供200 million scf/d；为目标气量，非实际产量或原油桶数。,[]
阿联酋,Hail (ADOC),单一油气田,,,undisclosed,,,无本资产数值；不可按零处理,,在产,无本资产指标，未用目录参考数值填充实产,运营商资料截至2025年／再次复核2026-09-28,中,近似中心点,False,53.41,24.37,Hail Oil Field (United Arab Emirates),https://www.cts-co.net/adocauh/product/,ADOC确认Hail与Mubarraz等田的原油混合外运；原列21千桶/日未在该单田来源中核实，撤回。,[]
阿联酋,Hail (ADNOC Ghasha),单一油气田,Ghasha Concession,,undisclosed,,,无本资产数值；不可按零处理,,开发／建设中,无本资产指标，未用目录参考数值填充实产,2025—2026年项目资料,高,上级资产代表点（Ghasha Concession；近似，非本资产中心）,True,53.075,25.115000000000002,,https://adnoc.ae/en/news-and-media/press-releases/2025/uae-president-chairs-adnoc-board-of-directors-meeting-at-habshan-complex,与上方Hail (ADOC)是不同资产。ADNOC将Hail列入Ghasha项目；项目层级的气量／液体目标不分摊为该田产量，单田坐标和产量未核实。,[]
阿联酋,Mubarraz,单一油气田,,,undisclosed,,,无本资产数值；不可按零处理,,在产,无本资产指标，未用目录参考数值填充实产,运营商资料截至2025年／再次复核2026-09-28,中,近似中心点,False,53.52,24.4,,https://adnoc.ae/en/news-and-media/press-releases/2025/uae-president-chairs-adnoc-board-of-directors-meeting-at-habshan-complex,,[]
阿联酋,Umm Al-Anbar,单一油气田,,,undisclosed,,,无本资产数值；不可按零处理,,在产,无本资产指标，未用目录参考数值填充实产,运营商资料截至2025年／再次复核2026-09-28,中,近似中心点,False,53.45,24.3,,https://adnoc.ae/en/news-and-media/press-releases/2025/uae-president-chairs-adnoc-board-of-directors-meeting-at-habshan-complex,,[]
阿联酋,Neewat Al-Ghalan,单一油气田,,,undisclosed,,,无本资产数值；不可按零处理,,在产,无本资产指标，未用目录参考数值填充实产,运营商资料截至2025年／再次复核2026-09-28,中,近似中心点,False,53.55,24.22,,https://adnoc.ae/en/news-and-media/press-releases/2025/uae-president-chairs-adnoc-board-of-directors-meeting-at-habshan-complex,,[]
阿联酋,Bunduq,单一油气田,,9.2,actual_output,千桶/日,2024年平均,保留原观察期；未证实为2026-09-30最新实产，目标／产能不代表已达产,2026-09-30,在产,原来源历史数值及口径核对；没有确认更新的同范围实产,运营商资料截至2025年／再次复核2026-09-28,中,近似中心点,False,52.72,25.22,Bunduq Oil Field (United Arab Emirates);Al Bunduq Oil and Gas Field (Qatar),https://www.qatarenergy.qa/en/MediaCenter/Publications/QatarEnergy_Investors_Presentation_November_2025.pdf,QatarEnergy投资者材料第13页列El Bunduq全田2024年平均原油产量；跨境资产仅列一次，不是阿联酋权益量。,[]
阿联酋,Haliba,单一油气田,,10,actual_output,千桶/日,2019年6月初期投产口径,保留原观察期；未证实为2026-09-30最新实产，目标／产能不代表已达产,2026-09-30,在产,原来源历史数值及口径核对；没有确认更新的同范围实产,运营商资料截至2025年／再次复核2026-09-28,中,近似中心点,False,53.8,23.0,Haliba Expansion Oil Field (United Arab Emirates);Haliba Oil Field (United Arab Emirates),https://www.adnoc.ae/en/al-dhafra-petroleum/about-us/what-we-do,ADNOC Al Dhafra称2019年6月开始以10千桶/日生产；40千桶/日仅为目标产能，本值非当前实产。,[]
阿联酋,Fateh,单一油气田,,,undisclosed,,,无本资产数值；不可按零处理,,在产,无本资产指标，未用目录参考数值填充实产,运营商资料截至2025年／再次复核2026-09-28,中,近似中心点,False,54.29,25.54,Fateh Oil and Gas Field (United Arab Emirates),https://www.dubaipetroleum.ae/about-us/oil-and-gas-assets/,,[]
阿联酋,South-West Fateh,单一油气田,,,undisclosed,,,无本资产数值；不可按零处理,,在产,无本资产指标，未用目录参考数值填充实产,运营商资料截至2025年／再次复核2026-09-28,中,近似中心点,False,54.19,25.45,,https://www.dubaipetroleum.ae/about-us/oil-and-gas-assets/,,[]
阿联酋,Falah,单一油气田,,,undisclosed,,,无本资产数值；不可按零处理,,在产,无本资产指标，未用目录参考数值填充实产,运营商资料截至2025年／再次复核2026-09-28,中,近似中心点,False,54.21,25.63,Falah Oil and Gas Field (United Arab Emirates),https://www.dubaipetroleum.ae/about-us/oil-and-gas-assets/,,[]
阿联酋,Rashid,单一油气田,,,undisclosed,,,无本资产数值；不可按零处理,,在产,无本资产指标，未用目录参考数值填充实产,运营商资料截至2025年／再次复核2026-09-28,中,近似中心点,False,54.4,25.45,,https://www.dubaipetroleum.ae/about-us/oil-and-gas-assets/,,[]
阿联酋,Jalilah,单一油气田,,,undisclosed,,,无本资产数值；不可按零处理,,在产,无本资产指标，未用目录参考数值填充实产,运营商资料截至2025年／再次复核2026-09-28,中,近似中心点,False,54.34,25.38,Al Jalila Oil and Gas Field (United Arab Emirates),https://www.dubaipetroleum.ae/about-us/oil-and-gas-assets/,,[]
阿联酋,Margham,单一油气田,,,undisclosed,,,未发现可确认的本资产最新实产；留空，不能按零处理,2026-09-30,转储存用途,撤回：所引资料不支持原数值,运营机构现行网页；未给页面更新日,高,近似中心点,False,55.61,24.98,Margham Oil Field (United Arab Emirates),https://www.dusup.ae/our-business/margham-gas-plant-field/,DUSUP明确Margham自2008年作为战略储气设施运行，包含注气与季节性采气；这不能解释成新产原油量。原2010年25千桶/日凝析油值未在所引资料中证实，撤回。,[]
阿联酋,Bab Gas Cap,开发项目,Bab,"1,500",target_capacity,百万标准立方英尺/日,2026-06-24公告；开发目标,2026年开发目标；未投产数值,2026-09-30,开发／建设中,已核对来源及本次修订口径,2025—2026年项目资料,高,近似中心点,False,53.79,23.93,,https://totalenergies.com/newsroom/united-arab-emirates-totalenergies-enters-in-the-bab-gas-cap-concession/?lang=eng,"合作伙伴TotalEnergies公告目标天然气1.5 billion cf/d，转换为1,500 million cf/d；只是开发目标，非实产，不能与原油桶数相加。",[]
阿联酋,Ruwais Diyab,特许区,,,undisclosed,,,无本资产数值；不可按零处理,2026-09-30,在产,本次修订的来源与口径已核对,2025-05-05 ADNOC Drilling季度公告及现行ADNOC项目页,高,近似中心点,False,52.7,24.15,Ruwais Diyab Gas Field (United Arab Emirates),https://adnoc.ae/en/our-projects/unconventional-gas,ADNOC项目网页说明Ruwais Diyab特许区已实现非常规气首产及处理；目前没有可核实的单区实际气量，仍为空。,[]
阿联酋,Sajaa,单一油气田,,,undisclosed,,,无本资产数值；不可按零处理,,在产,无本资产指标，未用目录参考数值填充实产,运营商资料截至2025年／再次复核2026-09-28,中,公开资产数据库近似点（WGS84）,False,55.6826,25.3778,Sajaa Oil and Gas Field (United Arab Emirates),https://www.snoc.ae/our-business/upstream/,沙迦SNOC列为既有油气资产；原油逐田日产量未披露。,[]
阿联酋,Kahaif,单一油气田,,,undisclosed,,,无本资产数值；不可按零处理,,在产,无本资产指标，未用目录参考数值填充实产,运营商资料截至2025年／再次复核2026-09-28,中,公开资产数据库近似点（WGS84）,False,55.7993,25.1941,Kahaif Oil and Gas Field (United Arab Emirates),https://www.snoc.ae/our-business/upstream/,沙迦SNOC列为既有油气资产；原油逐田日产量未披露。,[]
阿联酋,Moveyeid,单一油气田,,,undisclosed,,,无本资产数值；不可按零处理,,转储存用途,无本资产指标，未用目录参考数值填充实产,2026-09-28审计,高,Sajaa—Moveyeid—Kahaif资产群代表点（非Moveyeid井位）,True,55.6826,25.3778,,https://www.snoc.ae/our-business/upstream/,SNOC称其已从成熟生产田转型为储气设施；不填当期原油日产量。,[]
阿联酋,Mahani,单一油气田,,,undisclosed,,,无本资产数值；不可按零处理,,在产,无本资产指标，未用目录参考数值填充实产,运营商资料截至2025年／再次复核2026-09-28,中,Area B公开位置图估读（近似，非井位）,True,55.78,25.15,,https://www.snoc.ae/wp-content/uploads/SNOC-2021-GHG-Report.pdf,SNOC的2021年温室气体报告列为其四座运营气田之一；不将井测试流量填为全田持续产量。,[]
阿联酋,Hedebah,单一油气田,,,undisclosed,,,无本资产数值；不可按零处理,,开发／建设中,无本资产指标，未用目录参考数值填充实产,2025—2026年项目资料,高,按Sajaa处理厂东北约10公里推算（区域代表点）,True,55.754,25.442,,https://www.snoc.ae/our-business/upstream/,SNOC将其列为新发现田；持续逐田产量未披露。,[]
阿联酋,Saleh,单一油气田,,,undisclosed,,,无本资产数值；不可按零处理,,停产／终止,无本资产指标，未用目录参考数值填充实产,2024-11-05／复核2026-09-28,高,Saleh—Ras al-Khaimah输气管线海上起点（近似）,True,55.71,26.14,,https://www.rakgas.ae/en/who-we-are/our-story,RAKGAS历史页面记载从哈伊马角近海Saleh田开采和处理，未披露当前逐田流量。,[]
阿联酋,Umm Al Quwain,单一油气田,,,undisclosed,,,无本资产数值；不可按零处理,,待核实,无本资产指标，未用目录参考数值填充实产,状态待核；各来源观察期不同，详见状态冲突表,低,公开资产数据库近似点（WGS84）,False,55.4466,25.5639,Umm Al Qaiwain (UAQ) Gas Field (United Arab Emirates),https://www.rakgas.ae/en/who-we-are/our-story,RAKGAS历史页面记载2006—2008年处理该田来气；当前生产状态和逐田数值待核。,[]
伊拉克,Rumaila,单一油气田,,"1,370",actual_output,千桶/日,2025年平均,保留原观察期；未证实为2026-09-30最新实产，目标／产能不代表已达产,2026-09-30,在产,原来源历史数值及口径核对；没有确认更新的同范围实产,2023—2026年最后可核实公开时点／再次复核2026-09-28,中,近似中心点,False,47.43,30.08,Rumaila Oil Field (Iraq),https://rumaila.iq/english/about-us/history-2/,运营组织直报2025全年日均137万桶；不是当前瞬时日产量。,[]
伊拉克,West Qurna-1,单一油气田,,600,actual_output,千桶/日,2025-11-20,保留原观察期；未证实为2026-09-30最新实产，目标／产能不代表已达产,2026-09-30,在产,原来源历史数值及口径核对；没有确认更新的同范围实产,2023—2026年最后可核实公开时点／再次复核2026-09-28,中,近似中心点,False,47.25,30.77,Qurna West 1 Oil and Gas Field (Iraq),https://www.iraqinews.com/iraq/iraq-to-raise-west-qurna-1s-output-to-670000-bpd-in-2026/,报道引用油田管理方称当日产量为600千桶/日；旧750千桶/日记录是产能，2026年实际日产量未核实。,[]
伊拉克,West Qurna-2,单一油气田,,400.1,derived_daily_average,千桶/日,2021年推算日均,保留原观察期；未证实为2026-09-30最新实产，目标／产能不代表已达产,2026-09-30,在产,原来源历史数值及口径核对；没有确认更新的同范围实产,2023—2026年最后可核实公开时点／再次复核2026-09-28,中,近似中心点,False,47.31,30.96,Qurna West 2 Oil Field (Iraq),https://eiti.org/sites/default/files/2024-01/Iraq%202021%20EITI%20Report.pdf,"EITI 2021 表58（PCLD）年产146,022,515桶÷365日=400.1千桶/日（四舍五入）；历史均值，非当前日产量。",[]
伊拉克,Zubair,单一油气田,,470.6,derived_daily_average,千桶/日,2021年推算日均,保留原观察期；未证实为2026-09-30最新实产，目标／产能不代表已达产,2026-09-30,在产,原来源历史数值及口径核对；没有确认更新的同范围实产,2023—2026年最后可核实公开时点／再次复核2026-09-28,中,近似中心点,False,47.82,30.2,Zubair Oil and Gas Field (Iraq),https://eiti.org/sites/default/files/2024-01/Iraq%202021%20EITI%20Report.pdf,"EITI 2021 表58（PCLD）年产171,760,022桶÷365日=470.6千桶/日（四舍五入）；历史均值，非当前日产量。",[]
伊拉克,Majnoon,单一油气田,,176.0,derived_daily_average,千桶/日,2021年推算日均,保留原观察期；未证实为2026-09-30最新实产，目标／产能不代表已达产,2026-09-30,在产,原来源历史数值及口径核对；没有确认更新的同范围实产,2023—2026年最后可核实公开时点／再次复核2026-09-28,中,近似中心点,False,47.72,31.05,Majnoon Oil and Gas Field (Iraq),https://eiti.org/sites/default/files/2024-01/Iraq%202021%20EITI%20Report.pdf,"EITI 2021 表58（PCLD）年产64,240,000桶÷365日=176.0千桶/日（四舍五入）；历史均值，非当前日产量。",[]
伊拉克,Halfaya,单一油气田,,389.6,derived_daily_average,千桶/日,2021年推算日均,保留原观察期；未证实为2026-09-30最新实产，目标／产能不代表已达产,2026-09-30,在产,原来源历史数值及口径核对；没有确认更新的同范围实产,2023—2026年最后可核实公开时点／再次复核2026-09-28,中,近似中心点,False,47.3,31.58,Halfaya Oil and Gas Field (Iraq),https://eiti.org/sites/default/files/2024-01/Iraq%202021%20EITI%20Report.pdf,"EITI 2021 表58（PCLD）年产142,213,694桶÷365日=389.6千桶/日（四舍五入）；历史均值，非当前日产量。",[]
伊拉克,Gharraf,单一油气田,,130,actual_output,千桶/日,截至2022-04-20的运营资料,保留原观察期；未证实为2026-09-30最新实产，目标／产能不代表已达产,2026-09-30,在产,原来源历史数值及口径核对；没有确认更新的同范围实产,2023—2026年最后可核实公开时点／再次复核2026-09-28,中,近似中心点,False,46.78,31.45,Al Gharaf Oil and Gas Field (Iraq),https://www.petronas.com/partner-us/pcihbv-contract-plan,PETRONAS资料称该田平均约13万桶/日；网页给出2022-04-20累计出口基准日，属于历史资料。,[]
伊拉克,Badra,单一油气田,,35.2,derived_daily_average,千桶/日,2021年推算日均,历史均值；本轮已核对原表，最新逐田产量仍缺失,2026-09-30,在产,已核对来源及本次修订口径,2023—2026年最后可核实公开时点／再次复核2026-09-28,中,近似中心点,False,45.03,33.03,Badra Oil Field (Iraq),https://eiti.org/sites/default/files/2024-01/Iraq%202021%20EITI%20Report.pdf,"EITI 2021表58（PCLD）年产12,857,981桶÷365日=35.2千桶/日，四舍五入。这是2021历史日均，非当前产量。",[]
伊拉克,Ahdab,单一油气田,,49.2,derived_daily_average,千桶/日,2021年推算日均,保留原观察期；未证实为2026-09-30最新实产，目标／产能不代表已达产,2026-09-30,在产,原来源历史数值及口径核对；没有确认更新的同范围实产,2023—2026年最后可核实公开时点／再次复核2026-09-28,中,近似中心点,False,44.63,32.99,Ahdab Oil and Gas Field (Iraq),https://eiti.org/sites/default/files/2024-01/Iraq%202021%20EITI%20Report.pdf,"EITI 2021 表58（PCLD）年产17,956,867桶÷365日=49.2千桶/日（四舍五入）；历史均值，非当前日产量。",[]
伊拉克,East Baghdad,单一油气田,,18.2,derived_daily_average,千桶/日,2021年推算日均,历史均值；本轮已核对原表，最新逐田产量仍缺失,2026-09-30,在产,已核对来源及本次修订口径,2023—2026年最后可核实公开时点／再次复核2026-09-28,中,近似中心点,False,44.6,33.45,East Baghdad Oil Field (Iraq);East Baghdad Expansion Oil and Gas Field (Iraq),https://eiti.org/sites/default/files/2024-01/Iraq%202021%20EITI%20Report.pdf,"EITI 2021表58（PCLD）年产6,630,000桶÷365日=18.2千桶/日，四舍五入。这是2021历史日均，非当前产量。",[]
伊拉克,Nahr Umar,单一油气田,,,undisclosed,,,未发现可确认的本资产最新实产；留空，不能按零处理,2026-09-30,在产,撤回：所引资料不支持原数值,2023—2026年最后可核实公开时点／再次复核2026-09-28,中,近似中心点,False,47.72,30.4,Nahr Bin Umar Oil and Gas Field (Iraq),https://eiti.org/sites/default/files/2024-01/Iraq%202021%20EITI%20Report.pdf,撤回此前引用EITI 2021表58的日均值；原表无此行／数量。没有已核实的本田替代产量，保留为空；未将公司合计或邻近田产量分配到本田。,[]
伊拉克,Artawi,单一油气田,,16.7,derived_daily_average,千桶/日,2016年推算日均,保留原观察期；未证实为2026-09-30最新实产，目标／产能不代表已达产,2026-09-30,在产,原来源历史数值及口径核对；没有确认更新的同范围实产,2025年度报告（2026-03发布）,高,近似中心点,False,47.91,30.42,Ratawi Oil and Gas Field (Iraq),https://eiti.org/sites/default/files/attachments/iraq_2016_eiti_report.pdf,"2016年年产6,123,726桶÷366日=16.7千桶/日为历史均值。Artawi又名Ratawi；TotalEnergies FY2025报告确认该田现有生产及扩建计划，不能据旧EITI状态认定目前未生产；当前逐田产量仍未核实。",[]
伊拉克,Nassiriya,单一油气田,,,undisclosed,,,未发现可确认的本资产最新实产；留空，不能按零处理,2026-09-30,在产,撤回：所引资料不支持原数值,2023—2026年最后可核实公开时点／再次复核2026-09-28,中,近似中心点,False,46.27,31.12,Nasiriyah Oil and Gas Field (Iraq),https://eiti.org/sites/default/files/2024-01/Iraq%202021%20EITI%20Report.pdf,撤回此前引用EITI 2021表58的日均值；原表无此行／数量。没有已核实的本田替代产量，保留为空；未将公司合计或邻近田产量分配到本田。,[]
伊拉克,Kirkuk,单一油气田,,,undisclosed,,,无本资产数值；不可按零处理,,在产,无本资产指标，未用目录参考数值填充实产,2023—2026年最后可核实公开时点／再次复核2026-09-28,中,近似中心点,False,44.39,35.47,Kirkuk Oil Field (Iraq);Baba Oil and Gas Field (Iraq),https://www.eia.gov/international/analysis/country/irq,,[]
伊拉克,Bai Hassan,单一油气田,,133.3,derived_daily_average,千桶/日,2021年推算日均,保留原观察期；未证实为2026-09-30最新实产，目标／产能不代表已达产,2026-09-30,在产,原来源历史数值及口径核对；没有确认更新的同范围实产,2023—2026年最后可核实公开时点／再次复核2026-09-28,中,近似中心点,False,44.4,35.61,Bai Hassan Oil Field (Iraq),https://eiti.org/sites/default/files/2024-01/Iraq%202021%20EITI%20Report.pdf,"EITI 2021 表57（North Oil Company）；年产48,672,087桶÷365日=133.3千桶/日（四舍五入）；历史均值，非当前日产量。",[]
伊拉克,Jambur,单一油气田,,38.4,derived_daily_average,千桶/日,2021年推算日均,保留原观察期；未证实为2026-09-30最新实产，目标／产能不代表已达产,2026-09-30,在产,原来源历史数值及口径核对；没有确认更新的同范围实产,2023—2026年最后可核实公开时点／再次复核2026-09-28,中,近似中心点,False,44.48,35.31,Jambur Oil Field (Iraq),https://eiti.org/sites/default/files/2024-01/Iraq%202021%20EITI%20Report.pdf,"EITI 2021 表57（North Oil Company）；年产14,008,692桶÷365日=38.4千桶/日（四舍五入）；历史均值，非当前日产量。",[]
伊拉克,Khabbaz,单一油气田,,25.0,derived_daily_average,千桶/日,2021年推算日均,保留原观察期；未证实为2026-09-30最新实产，目标／产能不代表已达产,2026-09-30,在产,原来源历史数值及口径核对；没有确认更新的同范围实产,2023—2026年最后可核实公开时点／再次复核2026-09-28,中,近似中心点,False,44.21,35.52,Khabbaz Oil Field (Iraq),https://eiti.org/sites/default/files/2024-01/Iraq%202021%20EITI%20Report.pdf,"EITI 2021 表57（North Oil Company）；年产9,139,429桶÷365日=25.0千桶/日（四舍五入）；历史均值，非当前日产量。",[]
伊拉克,Qayyarah,单一油气田,,5.0,derived_daily_average,千桶/日,2021年推算日均,原表可复算的历史值；当前逐田值未披露,2026-09-30,在产,本次修订的来源与口径已核对,2023—2026年最后可核实公开时点／再次复核2026-09-28,中,近似中心点,False,43.31,35.8,Qaiyarah Oil and Gas Field (Iraq);Qayara Oil Field (Iraq),https://eiti.org/sites/default/files/2024-01/Iraq%202021%20EITI%20Report.pdf,"EITI 2021表57原表年产1,821,143桶÷365日=5.0千桶/日；为2021历史日均，非当前实产。 同报告PCLD表58另报1,775,463桶，存在来源差异；本值采用直属NOC表57，不做平均或抹平。",[]
伊拉克,Najma,单一油气田,,,undisclosed,,,未发现可确认的本资产最新实产；留空，不能按零处理,2026-09-30,待核实,撤回：所引资料不支持原数值,状态待核；各来源观察期不同，详见状态冲突表,低,近似中心点,False,43.2,35.91,Najmah Oil Field (Iraq),https://eiti.org/sites/default/files/2024-01/Iraq%202021%20EITI%20Report.pdf,撤回此前引用EITI 2021表58的日均值；原表无此行／数量。没有已核实的本田替代产量，保留为空；未将公司合计或邻近田产量分配到本田。,[]
伊拉克,Tawke,单一油气田,,0.363,actual_output,千桶油当量/日（boe/d）,2026年第二季度平均（91天）,本轮查到的最新逐田季度披露；不能代表2026-09-30即时产量,2026-09-30,在产,已核对来源及本次修订口径,2026-08-13报告；复产日2026-06-28,高,近似中心点,False,43.27,37.02,Tawke Oil Field (Iraq),https://www.dno.no/media/ezuglbal/q2-2026-interim-results-report.pdf,DNO Q2 2026报告第4页直报全田季度平均363 boe/d；不是原油桶数或DNO权益量。报告确认Tawke于2026-06-28恢复生产，所以季度均值不能解释为当前流量。,[]
伊拉克,Peshkabir,单一油气田,,0,actual_output,千桶油当量/日（boe/d）,2026年第二季度平均（91天）,本轮查到的最新逐田季度披露；不能代表2026-09-30即时产量,2026-09-30,在产,已核对来源及本次修订口径,2026-08-13报告；复产日2026-07-11,高,近似中心点,False,43.47,37.13,Peshkabir Oil Field (Iraq),https://www.dno.no/media/ezuglbal/q2-2026-interim-results-report.pdf,DNO Q2 2026报告第4页直报全田季度平均0 boe/d；不是原油桶数或DNO权益量。报告确认Peshkabir于2026-07-11恢复生产，所以季度均值不能解释为当前流量。,[]
伊拉克,Taq Taq,单一油气田,,1.36,actual_output,千桶/日,2023年平均,保留原观察期；未证实为2026-09-30最新实产，目标／产能不代表已达产,2026-09-30,待核实,原来源历史数值及口径核对；没有确认更新的同范围实产,状态待核；各来源观察期不同，详见状态冲突表,低,近似中心点,False,44.62,35.91,Taq Taq Oil Field (Iraq),https://genelenergy.com/wp-content/uploads/Genel-2024-Q1-trading-update.pdf,"运营方直报2023年全田总产量1,360桶/日（含停产期的年度平均）；不是Genel权益产量，更非当前日产量。",[]
伊拉克,Sarta,单一油气田,,0.79,actual_output,千桶/日,2023年平均,保留原观察期；未证实为2026-09-30最新实产，目标／产能不代表已达产,2026-09-30,待核实,原来源历史数值及口径核对；没有确认更新的同范围实产,状态待核；各来源观察期不同，详见状态冲突表,低,公开资产数据库近似点（WGS84）,False,44.0002,36.377,Sarta Oil and Gas Field (Iraq),https://genelenergy.com/wp-content/uploads/Genel-2024-Q1-trading-update.pdf,Genel直报2023年全资产总产量790桶/日；合同随后终止，不能当作现时生产。未核验单田点位。,[]
伊拉克,Shaikan,单一油气田,,14.6,actual_output,千桶/日,2026年上半年平均,保留原观察期；未证实为2026-09-30最新实产，目标／产能不代表已达产,2026-09-30,在产,原来源历史数值及口径核对；没有确认更新的同范围实产,2023—2026年最后可核实公开时点／再次复核2026-09-28,中,近似中心点,False,43.33,36.7,Shaikan Oil Field (Iraq),https://www.gulfkeystone.com/2026-half-year-results-announcement/,GKP直报全田半年日均；期间有停产，8月恢复后流量与半年均值不同。,"[{""metric_type"": ""actual_output"", ""value"": ""接近40"", ""unit"": ""千桶/日"", ""data_date"": ""2026-08-25公告时点（复产后）"", ""source_url"": ""https://www.gulfkeystone.com/2026-half-year-results-announcement/"", ""scope"": ""Shaikan全田毛产量；公告近似表述，不是精确40或半年均值""}]"
伊拉克,Atrush,单一油气田,,1.2,actual_output,千桶/日,2026年第二季度平均,保留原观察期；未证实为2026-09-30最新实产，目标／产能不代表已达产,2026-09-30,在产,原来源历史数值及口径核对；没有确认更新的同范围实产,2023—2026年最后可核实公开时点／再次复核2026-09-28,中,近似中心点,False,44.29,37.08,Atrush Oil and Gas Field (Iraq),https://shamaranpetroleum.com/news/shamaran-reports-second-quarter-2026-results-122891/,全田100%口径；季度多数时间停产，7月再次停产，不能视作当前日产量。,[]
伊拉克,Sarsang,区块,,0.7,actual_output,千桶/日,2026年第二季度平均,保留原观察期；未证实为2026-09-30最新实产，目标／产能不代表已达产,2026-09-30,在产,原来源历史数值及口径核对；没有确认更新的同范围实产,2023—2026年最后可核实公开时点／再次复核2026-09-28,中,近似中心点,False,44.41,37.12,,https://shamaranpetroleum.com/news/shamaran-reports-second-quarter-2026-results-122891/,Sarsang区块全额口径，包含Swara Tika与East Swara Tika两田；季度多数时间停产，不能拆为单田或视作当前日产量。坐标为区块近似点。,[]
伊拉克,Swara Tika,单一油气田,Sarsang,,undisclosed,,,无本资产数值；不可按零处理,,在产,无本资产指标，未用目录参考数值填充实产,2023—2026年最后可核实公开时点／再次复核2026-09-28,中,上级资产代表点（Sarsang；近似，非本资产中心）,True,44.41,37.12,Swara Tika Oil Field (Iraq),https://www.hknenergy.com/,HKN称为Sarsang区块两座生产田之一；区块0.7千桶/日的历史季度均值不可拆分。,[]
伊拉克,East Swara Tika,单一油气田,Sarsang,,undisclosed,,,无本资产数值；不可按零处理,,在产,无本资产指标，未用目录参考数值填充实产,2023—2026年最后可核实公开时点／再次复核2026-09-28,中,上级资产代表点（Sarsang；近似，非本资产中心）,True,44.41,37.12,East Swara Tika Oil Field (Iraq),https://www.hknenergy.com/,HKN称为Sarsang区块两座生产田之一；区块0.7千桶/日的历史季度均值不可拆分。,[]
伊拉克,Khurmala,单一油气田,,,undisclosed,,,无本资产数值；不可按零处理,,在产,无本资产指标，未用目录参考数值填充实产,2023—2026年最后可核实公开时点／再次复核2026-09-28,中,公开地图油田设施点位（OpenStreetMap；近似）,False,43.76306,35.97778,,https://presidency.gov.krd/en/statement-from-the-presidency-of-the-kurdistan-region-5/,库区政府2025年通告明确称其为油田；未找到同田公开日均实产，坐标不臆定。,[]
伊拉克,Baeshiqa,区块,,,undisclosed,,,无本资产数值；不可按零处理,,未生产,无本资产指标，未用目录参考数值填充实产,2023—2025年最后可核实公开时点,高,Baeshiqa许可证区同名城镇代表点（非油田中心）,True,43.34977,36.45046,,https://www.dno.no/en/operations/kurdistan-region-of-iraq/,DNO称2024年约5桶油当量/日来自井测试，2025年未生产；试井油当量不能填作持续区块原油日产量。,[]
伊拉克,Eridu (Block 10),单一油气田,,,undisclosed,,,无本资产数值；不可按零处理,,未生产,无本资产指标，未用目录参考数值填充实产,2023—2025年最后可核实公开时点,高,公开资产数据库近似点（WGS84）,False,45.99,30.73,,https://eiti.org/documents/iraq-2023-eiti-report,EITI 2023报告表16将Eridu（Block 10）列在Dhi Qar非生产油田栏；未披露可核验商业持续日产量。,[]
伊拉克,Faihaa,单一油气田,,>100,actual_output,千桶/日,2025-09-25（报告下限）,保留原观察期；未证实为2026-09-30最新实产，目标／产能不代表已达产,2026-09-30,在产,原来源历史数值及口径核对；没有确认更新的同范围实产,2023—2026年最后可核实公开时点／再次复核2026-09-28,中,近似中心点,False,47.7629,30.7253,Faihaa Oil and Gas Field (Iraq),https://shafaq.com/en/Economy/Iraq-expands-oil-production-starts-drilling-in-border-region,伊拉克石油部长称该田当日产量超过10万桶；该数为公开下限，不是精确值，也不代表当前日产量。,[]
伊拉克,Fakkah,单一油气田,,,undisclosed,,,无本资产数值；不可按零处理,,在产,无本资产指标，未用目录参考数值填充实产,2023—2026年最后可核实公开时点／再次复核2026-09-28,中,近似中心点,False,47.52,32.135,Fakkah Oil Field (Iraq),https://www.gem.wiki/Fakkah_Oil_Field_(Iraq),GEM列为运营油田，亦称Fauqi；未找到可核验的单田日产量。,[]
伊拉克,Bazerkan,单一油气田,,,undisclosed,,,无本资产数值；不可按零处理,,在产,无本资产指标，未用目录参考数值填充实产,2023—2026年最后可核实公开时点／再次复核2026-09-28,中,近似中心点,False,47.372,31.936,Bazerkan Oil Field (Iraq),https://www.gem.wiki/Bazerkan_Oil_Field_(Iraq),GEM列为运营油田，亦称Buzurgan；未找到可核验的单田日产量。,[]
伊拉克,Abu Gharb,单一油气田,,,undisclosed,,,无本资产数值；不可按零处理,,在产,无本资产指标，未用目录参考数值填充实产,2023—2026年最后可核实公开时点／再次复核2026-09-28,中,近似中心点,False,47.306,32.365,Abu Gharb Oil Field (Iraq),https://www.gem.wiki/Abu_Gharb_Oil_Field_(Iraq),原列年度数值的原始引文未证实是该年度实际产油总量；撤回据此换算的推算日均。逐田实产待核。,[]
伊拉克,Luhais,单一油气田,,89.2,derived_daily_average,千桶/日,2016年推算日均,保留原观察期；未证实为2026-09-30最新实产，目标／产能不代表已达产,2026-09-30,在产,原来源历史数值及口径核对；没有确认更新的同范围实产,2023—2026年最后可核实公开时点／再次复核2026-09-28,中,近似中心点,False,46.952,29.904,Luhais Oil Field (Iraq),https://eiti.org/sites/default/files/attachments/iraq_2016_eiti_report.pdf,"EITI 2016报告第75页Basra Oil Company逐田年产32,631,608桶÷366日=89.2千桶/日（四舍五入）；EITI 2023表17列为生产田，但未给该田2023实产。",[]
伊拉克,Subba,单一油气田,,,undisclosed,,,未发现可确认的本资产最新实产；留空，不能按零处理,2026-09-30,在产,撤回：所引资料不支持原数值,2023—2026年最后可核实公开时点／再次复核2026-09-28,中,近似中心点,False,46.829,30.258,Subba Oil Field (Iraq),https://eiti.org/sites/default/files/2024-01/Iraq%202021%20EITI%20Report.pdf,撤回此前引用EITI 2021表58的日均值；原表无此行／数量。没有已核实的本田替代产量，保留为空；未将公司合计或邻近田产量分配到本田。,[]
伊拉克,Tuba,单一油气田,,36.2,derived_daily_average,千桶/日,2016年推算日均,保留原观察期；未证实为2026-09-30最新实产，目标／产能不代表已达产,2026-09-30,在产,原来源历史数值及口径核对；没有确认更新的同范围实产,2023—2026年最后可核实公开时点／再次复核2026-09-28,中,近似中心点,False,47.4977,30.4036,Tuba Oil and Gas Field (Iraq),https://eiti.org/sites/default/files/attachments/iraq_2016_eiti_report.pdf,"EITI 2016报告第75页Basra Oil Company逐田年产13,262,897桶÷366日=36.2千桶/日（四舍五入）；EITI 2023表17列为生产田但未给该田实产。",[]
伊拉克,Ajil,单一油气田,,5.9,derived_daily_average,千桶/日,2021年推算日均,原表可复算的历史值；当前逐田值未披露,2026-09-30,在产,本次修订的来源与口径已核对,2023—2026年最后可核实公开时点／再次复核2026-09-28,中,公开资产数据库精确点位（WGS84）,False,43.744,35.019,Ajeel Oil and Gas Field (Iraq),https://eiti.org/sites/default/files/2024-01/Iraq%202021%20EITI%20Report.pdf,"EITI 2021表57原表年产2,167,278桶÷365日=5.9千桶/日；为2021历史日均，非当前实产。",[]
伊拉克,Ain Zalah,单一油气田,,3.9,derived_daily_average,千桶/日,2021年推算日均,原表可复算的历史值；当前逐田值未披露,2026-09-30,在产,本次修订的来源与口径已核对,2022-03-30,中,公开地名数据库油田点位（WGS84）,False,42.6,36.71667,,https://eiti.org/sites/default/files/2024-01/Iraq%202021%20EITI%20Report.pdf,"EITI 2021表57原表年产1,412,999桶÷365日=3.9千桶/日；为2021历史日均，非当前实产。",[]
伊拉克,Batmah,单一油气田,,0.7,derived_daily_average,千桶/日,2021年推算日均,原表可复算的历史值；当前逐田值未披露,2026-09-30,在产,本次修订的来源与口径已核对,2022-03-30,中,公开地名数据库油田点位（WGS84）,False,42.78333,36.66667,,https://eiti.org/sites/default/files/2024-01/Iraq%202021%20EITI%20Report.pdf,"EITI 2021表57原表年产247,597桶÷365日=0.7千桶/日；为2021历史日均，非当前实产。",[]
伊拉克,Hamrin,单一油气田,,,undisclosed,,,无本资产数值；不可按零处理,,在产,无本资产指标，未用目录参考数值填充实产,2023—2026年最后可核实公开时点／再次复核2026-09-28,中,公开地名数据库油田点位（WGS84）,False,43.84327,34.93545,,https://eiti.org/sites/default/files/2024-01/Iraq%202021%20EITI%20Report.pdf,EITI 2021表58列为产油田；逐田当期日产量未披露。,[]
伊拉克,Naft Khana,单一油气田,,,undisclosed,,,无本资产数值；不可按零处理,,在产,无本资产指标，未用目录参考数值填充实产,2023—2026年最后可核实公开时点／再次复核2026-09-28,中,跨境油田项目公开近似点（WGS84）,False,45.4085,34.1814,,https://eiti.org/documents/iraq-2023-eiti-report,EITI 2023报告表14列为Midland Oil Company生产田；报告的公司产量不可分配到该田。,[]
伊拉克,Amara,单一油气田,,,undisclosed,,,无本资产数值；不可按零处理,,在产,无本资产指标，未用目录参考数值填充实产,2023—2026年最后可核实公开时点／再次复核2026-09-28,中,公开资产数据库近似点（WGS84）,False,47.0614,31.7468,Amara Oil and Gas Field (Iraq),https://eiti.org/documents/iraq-2023-eiti-report,EITI 2023报告表15列为Maysan Oil Company生产田；公司合计量不可分配到该田。,[]
伊拉克,Noor,单一油气田,,,undisclosed,,,无本资产数值；不可按零处理,,在产,无本资产指标，未用目录参考数值填充实产,2023—2026年最后可核实公开时点／再次复核2026-09-28,中,公开资产数据库精确点位（WGS84）,False,47.287,31.796,Noor Oil and Gas Field (Iraq),https://eiti.org/documents/iraq-2023-eiti-report,EITI 2023报告表15列为Maysan Oil Company生产田；公司合计量不可分配到该田。,[]
伊拉克,Safiya,单一油气田,,,undisclosed,,,无本资产数值；不可按零处理,,在产,无本资产指标，未用目录参考数值填充实产,2023—2026年最后可核实公开时点／再次复核2026-09-28,中,同名油田设施公开点（近似，非油田中心）,True,42.24094,36.9216,,https://eiti.org/documents/iraq-2023-eiti-report,EITI 2023报告表13列为North Oil Company生产田；无可核验逐田日产量。,[]
伊朗,Ahvaz,单一油气田,,,undisclosed,,,无本资产数值；不可按零处理,,在产,无本资产指标，未用目录参考数值填充实产,2024—2026年最后可核实公开时点,中,近似中心点,False,48.68,31.32,Ahvaz-Asmari Oil Field (Iran);Ahvaz-Bangestan Oil Field (Iran),https://www.eia.gov/international/content/analysis/countries_long/Iran/pdf/Iran%20CAB%202024.pdf,,[]
伊朗,Marun,单一油气田,,,undisclosed,,,无本资产数值；不可按零处理,,在产,无本资产指标，未用目录参考数值填充实产,2024—2026年最后可核实公开时点,中,近似中心点,False,49.08,31.19,Marun Oil Field (Iran),https://www.gem.wiki/Marun_Oil_Field_(Iran),原列年度数值的原始引文未证实是该年度实际产油总量；撤回据此换算的推算日均。逐田实产待核。,[]
伊朗,Aghajari,单一油气田,,,undisclosed,,,无本资产数值；不可按零处理,,在产,无本资产指标，未用目录参考数值填充实产,2024—2026年最后可核实公开时点,中,近似中心点,False,49.83,30.7,Aghajari Oil Field (Iran),https://www.gem.wiki/Aghajari_Oil_Field_(Iran),原列年度数值的原始引文未证实是该年度实际产油总量；撤回据此换算的推算日均。逐田实产待核。,[]
伊朗,Gachsaran,单一油气田,,,undisclosed,,,无本资产数值；不可按零处理,,在产,无本资产指标，未用目录参考数值填充实产,2024—2026年最后可核实公开时点,中,近似中心点,False,50.8,30.36,Gachsaran Oil and Gas Field (Iran),https://www.gem.wiki/Gachsaran_Oil_and_Gas_Field_(Iran),原列年度数值的原始引文未证实是该年度实际产油总量；撤回据此换算的推算日均。逐田实产待核。,[]
伊朗,Reg-e-Safid,单一油气田,,,undisclosed,,,无本资产数值；不可按零处理,,在产,无本资产指标，未用目录参考数值填充实产,2024—2026年最后可核实公开时点,中,近似中心点,False,49.31,31.03,Rag Sefid Oil Field (Iran),https://www.eia.gov/international/content/analysis/countries_long/Iran/pdf/Iran%20CAB%202024.pdf,,[]
伊朗,South Azadegan,单一油气田,,,undisclosed,,,无本资产数值；不可按零处理,,在产,无本资产指标，未用目录参考数值填充实产,2024—2026年最后可核实公开时点,中,近似中心点,False,48.23,30.06,Azadegan South Oil Field (Iran),https://www.gem.wiki/Azadegan_South_Oil_Field_(Iran),原列年度数值的原始引文未证实是该年度实际产油总量；撤回据此换算的推算日均。逐田实产待核。,[]
伊朗,North Azadegan,单一油气田,,75,actual_output,千桶/日,2019-11-25,保留原观察期；未证实为2026-09-30最新实产，目标／产能不代表已达产,2026-09-30,在产,原来源历史数值及口径核对；没有确认更新的同范围实产,2024—2026年最后可核实公开时点,中,近似中心点,False,48.25,30.27,Azadegan North Oil Field (Iran),https://www.trend.az/iran/business/3153217.html,Trend报道引用伊朗方面消息称日产量75千桶；这是2019年现场产量快照，不代表当前产量。,[]
伊朗,Yadavaran,单一油气田,,,undisclosed,,,无本资产数值；不可按零处理,,在产,无本资产指标，未用目录参考数值填充实产,2024—2026年最后可核实公开时点,中,近似中心点,False,48.16,31.03,"Yadavaran Oil Field (Iran, Iraq)",https://www.eia.gov/international/content/analysis/countries_long/Iran/pdf/Iran%20CAB%202024.pdf,,[]
伊朗,North Yaran,单一油气田,,,undisclosed,,,无本资产数值；不可按零处理,,在产,无本资产指标，未用目录参考数值填充实产,2024—2026年最后可核实公开时点,中,近似中心点,False,48.14,30.81,Yaran North Oil Field (Iran),https://www.eia.gov/international/content/analysis/countries_long/Iran/pdf/Iran%20CAB%202024.pdf,,[]
伊朗,South Yaran,单一油气田,,,undisclosed,,,无本资产数值；不可按零处理,,在产,无本资产指标，未用目录参考数值填充实产,2024—2026年最后可核实公开时点,中,近似中心点,False,48.13,30.68,Yaran South Oil Field (Iran),https://www.eia.gov/international/content/analysis/countries_long/Iran/pdf/Iran%20CAB%202024.pdf,,[]
伊朗,Azar,单一油气田,,,undisclosed,,,无本资产数值；不可按零处理,,在产,无本资产指标，未用目录参考数值填充实产,2024—2026年最后可核实公开时点,中,近似中心点,False,46.29,33.08,Azar Oil Field (Iran),https://www.eia.gov/international/content/analysis/countries_long/Iran/pdf/Iran%20CAB%202024.pdf,,[]
伊朗,Darkhovin,单一油气田,,,undisclosed,,,未核实当前逐田实产,,在产,无本资产指标，未用目录参考数值填充实产,2024—2026年最后可核实公开时点,中,GEM近似点（别名Darquain；非独立油田）,False,48.2934,30.7289,Darquain Oil Field (Iran),https://www.eia.gov/international/content/analysis/countries_long/Iran/pdf/Iran%20CAB%202024.pdf,Darkhovin又名Darquain／Darquin；目录只保留一项，不能算成两个油田。GEM所列数字的产能／产量口径存在混杂，本轮不采用。,[]
伊朗,Hendijan,单一油气田,,,undisclosed,,,无本资产数值；不可按零处理,,在产,无本资产指标，未用目录参考数值填充实产,2024—2026年最后可核实公开时点,中,近似中心点,False,49.7,30.24,,https://www.eia.gov/international/content/analysis/countries_long/Iran/pdf/Iran%20CAB%202024.pdf,,[]
伊朗,Doroud,单一油气田,,,undisclosed,,,无本资产数值；不可按零处理,,在产,无本资产指标，未用目录参考数值填充实产,2024—2026年最后可核实公开时点,中,近似中心点,False,53.04,26.06,Doroud Oil and Gas Field (Iran),https://www.eia.gov/international/content/analysis/countries_long/Iran/pdf/Iran%20CAB%202024.pdf,,[]
伊朗,Foroozan,单一油气田,,,undisclosed,,,无本资产数值；不可按零处理,,在产,无本资产指标，未用目录参考数值填充实产,2024—2026年最后可核实公开时点,中,近似中心点,False,52.45,26.02,"Foroozan Oil and Gas Field (Iran, Iran)",https://www.eia.gov/international/content/analysis/countries_long/Iran/pdf/Iran%20CAB%202024.pdf,,[]
伊朗,Soroush,单一油气田,,,undisclosed,,,无本资产数值；不可按零处理,,在产,无本资产指标，未用目录参考数值填充实产,2024—2026年最后可核实公开时点,中,近似中心点,False,50.12,29.7,Soroosh Oil Field (Iran),https://www.eia.gov/international/content/analysis/countries_long/Iran/pdf/Iran%20CAB%202024.pdf,,[]
伊朗,Nowruz,单一油气田,,,undisclosed,,,无本资产数值；不可按零处理,,在产,无本资产指标，未用目录参考数值填充实产,2024—2026年最后可核实公开时点,中,近似中心点,False,50.2,29.35,Nowruz Oil Field (Iran),https://www.eia.gov/international/content/analysis/countries_long/Iran/pdf/Iran%20CAB%202024.pdf,,[]
伊朗,Salman,单一油气田,,,undisclosed,,,无本资产数值；不可按零处理,,在产,无本资产指标，未用目录参考数值填充实产,2024—2026年最后可核实公开时点,中,近似中心点,False,53.39,25.52,Salman Oil and Gas Field (Iran),https://www.eia.gov/international/content/analysis/countries_long/Iran/pdf/Iran%20CAB%202024.pdf,,[]
伊朗,Bibi Hakimeh,单一油气田,,,undisclosed,,,无本资产数值；不可按零处理,,在产,无本资产指标，未用目录参考数值填充实产,2024—2026年最后可核实公开时点,中,近似中心点,False,50.46,29.91,Bibi Hakimeh Oil Field (Iran),https://www.gem.wiki/Bibi_Hakimeh_Oil_Field_(Iran),原列年度数值的原始引文未证实是该年度实际产油总量；撤回据此换算的推算日均。逐田实产待核。,[]
伊朗,Karanj,单一油气田,,,undisclosed,,,无本资产数值；不可按零处理,,在产,无本资产指标，未用目录参考数值填充实产,2024—2026年最后可核实公开时点,中,近似中心点,False,49.8602,30.9902,Karanj Oil Field (Iran),https://www.gem.wiki/Karanj_Oil_Field_(Iran),原列年度数值的原始引文未证实是该年度实际产油总量；撤回据此换算的推算日均。逐田实产待核。,[]
伊朗,Abuzar,单一油气田,,,undisclosed,,,无本资产数值；不可按零处理,,在产,无本资产指标，未用目录参考数值填充实产,2024—2026年最后可核实公开时点,中,近似中心点,False,49.532,29.292,Abuzar Oil Field (Iran),https://www.gem.wiki/Abuzar_Oil_Field_(Iran),原列年度数值的原始引文未证实是该年度实际产油总量；撤回据此换算的推算日均。逐田实产待核。,[]
伊朗,Mansouri,单一油气田,,,undisclosed,,,无本资产数值；不可按零处理,,在产,无本资产指标，未用目录参考数值填充实产,2024—2026年最后可核实公开时点,中,近似中心点,False,48.828,30.9289,Mansouri Oil Field (Iran),https://www.gem.wiki/Mansouri_Oil_Field_(Iran),原列年度数值的原始引文未证实是该年度实际产油总量；撤回据此换算的推算日均。逐田实产待核。,[]
伊朗,Sepehr-Jufair,开发项目,,,undisclosed,,,无本资产数值；不可按零处理,,在产,无本资产指标，未用目录参考数值填充实产,2024—2026年最后可核实公开时点,中,近似中心点,False,48.059,31.298,Sepehr-Jufair Oil Field (Iran),https://www.gem.wiki/Sepehr-Jufair_Oil_Field_(Iran),原列年度数值的原始引文未证实是该年度实际产油总量；撤回据此换算的推算日均。逐田实产待核。,[]
伊朗,Parsi,单一油气田,,,undisclosed,,,无本资产数值；不可按零处理,,在产,无本资产指标，未用目录参考数值填充实产,2024—2026年最后可核实公开时点,中,近似中心点,False,49.9237,31.0718,Parsi Oil Field (Iran),https://www.gem.wiki/Parsi_Oil_Field_(Iran),GEM列为运营油田，属于Parsi-Paranj开发项目；项目合计量未分配给单一油田，故单田日产量留空。,[]
伊朗,Bahregansar,单一油气田,,,undisclosed,,,无本资产数值；不可按零处理,,在产,无本资产指标，未用目录参考数值填充实产,2024—2026年最后可核实公开时点,中,近似中心点,False,49.7,29.916667,Bahregansar Oil Field (Iran),https://www.gem.wiki/Bahregansar_Oil_Field_(Iran),"GEM列为运营海上油田但未给坐标；地图点位取NGA地名数据库油田点（29.916667, 49.7）作近似位置。未找到可核验的单田日产量。",[]
伊朗,Sirri E,单一油气田,,,undisclosed,,,无本资产数值；不可按零处理,,在产,无本资产指标，未用目录参考数值填充实产,2024—2026年最后可核实公开时点,中,近似中心点,False,54.632,25.751,Sirri E Oil and Gas Field (Iran),https://www.gem.wiki/Sirri_E_Oil_and_Gas_Field_(Iran),原列年度数值的原始引文未证实是该年度实际产油总量；撤回据此换算的推算日均。逐田实产待核。,[]
伊朗,Masjed Soleyman,单一油气田,,,undisclosed,,,无本资产数值；不可按零处理,,在产,无本资产指标，未用目录参考数值填充实产,2024—2026年最后可核实公开时点,中,近似中心点,False,49.3105,31.9325,Masjed Soleyman Oil Field (Iran),https://www.gem.wiki/Masjed_Soleyman_Oil_Field_(Iran),原列年度数值的原始引文未证实是该年度实际产油总量；撤回据此换算的推算日均。逐田实产待核。,[]
伊朗,Pazanan,单一油气田,,,undisclosed,,,无本资产数值；不可按零处理,,在产,无本资产指标，未用目录参考数值填充实产,2024—2026年最后可核实公开时点,中,近似中心点,False,50.1354,30.4532,Pazanan Oil and Gas Field (Iran),https://www.gem.wiki/Pazanan_Oil_Field_(Iran),公开资产名录；逐田持续日产量未核验。,[]
伊朗,Kupal,单一油气田,,,undisclosed,,,无本资产数值；不可按零处理,,在产,无本资产指标，未用目录参考数值填充实产,2024—2026年最后可核实公开时点,中,近似中心点,False,49.3203,31.3118,Kupal Oil Field (Iran),https://www.gem.wiki/Kupal_Oil_Field_(Iran),公开资产名录；逐田持续日产量未核验。,[]
伊朗,Dehloran,单一油气田,,,undisclosed,,,无本资产数值；不可按零处理,,在产,无本资产指标，未用目录参考数值填充实产,2024—2026年最后可核实公开时点,中,近似中心点,False,47.1077,32.5516,Dehloran Oil Field (Iran),https://www.gem.wiki/Dehloran_Oil_Field_(Iran),公开资产名录；逐田持续日产量未核验。,[]
伊朗,Paranj,单一油气田,,,undisclosed,,,无本资产数值；不可按零处理,,在产,无本资产指标，未用目录参考数值填充实产,2024—2026年最后可核实公开时点,中,近似中心点,False,49.85,30.95,Paranj Oil Field (Iran),https://www.gem.wiki/Paranj_Oil_Field_(Iran),与Parsi同属开发项目；不拆分项目合计产量。,[]
伊朗,Nargesi,单一油气田,,,undisclosed,,,无本资产数值；不可按零处理,,在产,无本资产指标，未用目录参考数值填充实产,2024—2026年最后可核实公开时点,中,近似中心点,False,51.2602,29.4742,Nargesi Oil Field (Iran),https://www.gem.wiki/Nargesi_Oil_Field_(Iran),公开资产名录；逐田持续日产量未核验。,[]
伊朗,Hengam,单一油气田,,7,actual_output,千桶/日,2010-08-24,保留原观察期；未证实为2026-09-30最新实产，目标／产能不代表已达产,2026-09-30,在产,原来源历史数值及口径核对；没有确认更新的同范围实产,2025年资产状态／复核2026-09-28,中,公开资产数据库精确点位（WGS84）,False,55.9659,26.4214,,https://www.shana.ir/news/156860/,"伊朗石油部新闻报道称该日伊朗侧产量达到7,000桶/日；极旧历史快照，非2026年或伊朗—阿曼全田产量。阿曼侧与West Bukha相关。",[]
伊朗,Band-e-Karkheh,单一油气田,,,undisclosed,,,无本资产数值；不可按零处理,,开发／建设中,无本资产指标，未用目录参考数值填充实产,2026-02-21,高,公开区域图估读／Ahvaz西北约20公里（近似）,True,48.52,31.44,,https://www.eia.gov/international/content/analysis/countries_long/Iran/pdf/Iran%20CAB%202024.pdf,EIA报告表2将其列为NGL 3200拟收集伴生气的油田；未披露该田原油日产量。,[]
伊朗,West Paydar,单一油气田,,,undisclosed,,,无本资产数值；不可按零处理,,在产,无本资产指标，未用目录参考数值填充实产,2026年资产报告,高,公开资产数据库精确点位（WGS84）,False,47.5814,32.1693,"Paydar West Oil and Gas Field (Iran, Iraq)",https://www.eia.gov/international/content/analysis/countries_long/Iran/pdf/Iran%20CAB%202024.pdf,EIA报告表2列为NGL 3100拟接收伴生气的油田；非逐田原油数据。,[]
伊朗,Chehsmeh-Khosh,单一油气田,,,undisclosed,,,无本资产数值；不可按零处理,,在产,无本资产指标，未用目录参考数值填充实产,2026-07-18,高,公开资产数据库精确点位（WGS84）,False,47.7746,32.2969,Cheshmeh-Khosh Oil Field (Iran),https://www.eia.gov/international/content/analysis/countries_long/Iran/pdf/Iran%20CAB%202024.pdf,按EIA报告表2英文拼法登记；伴生气处理计划不是该田原油日产量。,[]
伊朗,Danan,单一油气田,,,undisclosed,,,无本资产数值；不可按零处理,,在产,无本资产指标，未用目录参考数值填充实产,2025-03-04,中,公开资产数据库精确点位（WGS84）,False,47.5312,32.614,Danan Oil Field (Iran),https://www.eia.gov/international/content/analysis/countries_long/Iran/pdf/Iran%20CAB%202024.pdf,EIA报告表2列名；未披露该田原油日产量。,[]
伊朗,Paydar,单一油气田,,,undisclosed,,,无本资产数值；不可按零处理,,待核实,无本资产指标，未用目录参考数值填充实产,2024-10-10／再次复核2026-09-28,中,East Paydar公开区域图估读（近似，非井位）,True,47.72,32.02,,https://www.eia.gov/international/content/analysis/countries_long/Iran/pdf/Iran%20CAB%202024.pdf,EIA报告表2与West Paydar分别列名；无可靠逐田日产量。,[]
伊朗,Changuleh,单一油气田,,,undisclosed,,,无本资产数值；不可按零处理,,开发／建设中,无本资产指标，未用目录参考数值填充实产,2026-09-28,高,公开资产数据库近似点（WGS84）,False,46.47,32.98,Changuleh Oil Field (Iran),https://www.eia.gov/international/content/analysis/countries_long/Iran/pdf/Iran%20CAB%202024.pdf,EIA报告表2列名；不把伴生气收集设施容量当作原油产量。,[]
伊朗,Dalpari,单一油气田,,,undisclosed,,,无本资产数值；不可按零处理,,在产,无本资产指标，未用目录参考数值填充实产,2026-07-18,高,公开资产数据库精确点位（WGS84）,False,47.8673,32.5293,Dalpari Oil Field (Iran),https://www.eia.gov/international/content/analysis/countries_long/Iran/pdf/Iran%20CAB%202024.pdf,EIA报告表2列名；逐田原油日产量未核实。,[]
伊朗,South Pars,单一油气田,,,undisclosed,,,无本资产数值；不可按零处理,,在产,无本资产指标，未用目录参考数值填充实产,2024—2026年最后可核实公开时点,中,南帕尔斯／北方气田整体公开中心点（WGS84；近似）,False,52.067964,26.619125,South Pars (Phase 6-8) Gas Phase (Iran);South Pars (Phase 2-3) Gas Phase (Iran);South Pars (Phase 9-10) Gas Phase (Iran);South Pars (Phase 4-5) Gas Phase (Iran);South Pars (Phase 12) Gas Phase (Iran);South Pars (Phase 15-16) Gas Phase (Iran);South Pars (Phase 1) Gas Phase (Iran);South Pars (Phase 11) Gas Phase (Iran);South Pars (Phase 19) Gas Phase (Iran);South Pars (Phase 20-21) Gas Phase (Iran);South Pars (Phase 17-18) Gas Phase (Iran);South Pars (Phase 22-24) Gas Phase (Iran);South Pars (Phase 14) Gas Phase (Iran);South Pars (Phase 13) Gas Phase (Iran),https://www.eia.gov/international/content/analysis/countries_long/Iran/pdf/Iran%20CAB%202024.pdf,EIA称为伊朗最大非伴生气田；与卡塔尔North Field同一跨境地质构造的伊朗侧，天然气和凝析油数据不作为原油实产。,[]
科威特,Burgan,单一油气田,,,undisclosed,,,无本资产数值；不可按零处理,,在产,无本资产指标，未用目录参考数值填充实产,FY2024/25—2026年最后可核实公开时点,中,近似中心点,False,47.91,29.05,Burgan Oil and Gas Field (Kuwait),https://www.kockw.com/sites/EN/Pages/Profile/whoAreWe/KOC-History.aspx,,[]
科威特,Magwa,单一油气田,,,undisclosed,,,无本资产数值；不可按零处理,,在产,无本资产指标，未用目录参考数值填充实产,FY2024/25—2026年最后可核实公开时点,中,近似中心点,False,47.92,29.17,Magwa Oil and Gas Field (Kuwait),https://www.kockw.com/sites/EN/Pages/Profile/whoAreWe/KOC-History.aspx,,[]
科威特,Ahmadi,单一油气田,,,undisclosed,,,无本资产数值；不可按零处理,,在产,无本资产指标，未用目录参考数值填充实产,FY2024/25—2026年最后可核实公开时点,中,近似中心点,False,48.08,28.99,,https://www.kockw.com/sites/EN/Pages/Profile/whoAreWe/KOC-History.aspx,,[]
科威特,Raudhatain,单一油气田,,,undisclosed,,,无本资产数值；不可按零处理,,在产,无本资产指标，未用目录参考数值填充实产,FY2024/25—2026年最后可核实公开时点,中,近似中心点,False,47.66,30.2,Raudhatain Oil Field (Kuwait),https://www.kockw.com/sites/EN/Pages/Profile/whoAreWe/KOC-History.aspx,,[]
科威特,Sabriya,单一油气田,,,undisclosed,,,无本资产数值；不可按零处理,,在产,无本资产指标，未用目录参考数值填充实产,FY2024/25—2026年最后可核实公开时点,中,近似中心点,False,47.74,30.28,Sabriya Oil Field (Kuwait),https://www.kockw.com/sites/EN/Pages/Profile/whoAreWe/KOC-History.aspx,,[]
科威特,Bahra,单一油气田,,,undisclosed,,,无本资产数值；不可按零处理,,在产,无本资产指标，未用目录参考数值填充实产,FY2024/25—2026年最后可核实公开时点,中,近似中心点,False,47.46,29.95,Bahrah Oil Field (Kuwait),https://www.kockw.com/sites/EN/Pages/Profile/whoAreWe/KOC-History.aspx,,[]
科威特,Ratqa,单一油气田,,,undisclosed,,,无本资产数值；不可按零处理,,在产,无本资产指标，未用目录参考数值填充实产,FY2024/25—2026年最后可核实公开时点,中,近似中心点,False,47.59,30.13,,https://www.kockw.com/sites/EN/Pages/Profile/whoAreWe/KOC-History.aspx,,[]
科威特,Umm Niqa,单一油气田,,22.14,actual_output,千桶/日,FY2023/24（日点未注明）,未确认最新；完整原文访问受限，数值待进一步核验,2026-09-30,在产,部分核验：完整原文访问受限，保留原历史引用待复核,FY2024/25—2026年最后可核实公开时点,中,近似中心点,False,47.68,30.1,Umm Niqa Oil Field (Kuwait),https://www.kockw.com/sites/EN/Annual%20Reports/2023%20-%202024%20English.pdf,"KOC年报称FY2023/24在Umm Niqa实现22,140桶/日；报告未将其定义为全年平均。",[]
科威特,South Ratqa,单一油气田,,,undisclosed,,,无本资产数值；不可按零处理,,在产,无本资产指标，未用目录参考数值填充实产,FY2024/25—2026年最后可核实公开时点,中,近似中心点,False,47.7,30.02,,https://www.kockw.com/sites/EN/Pages/Profile/whoAreWe/KOC-History.aspx,,[]
科威特,Minagish,单一油气田,,,undisclosed,,,无本资产数值；不可按零处理,,在产,无本资产指标，未用目录参考数值填充实产,FY2024/25—2026年最后可核实公开时点,中,近似中心点,False,46.38,29.0,Minagish Oil and Gas Field (Kuwait),https://www.kockw.com/sites/EN/Pages/Profile/whoAreWe/KOC-History.aspx,,[]
科威特,Umm Gudair,单一油气田,,,undisclosed,,,无本资产数值；不可按零处理,,在产,无本资产指标，未用目录参考数值填充实产,FY2024/25—2026年最后可核实公开时点,中,近似中心点,False,46.52,28.7,Umm Gudair Oil Field (Kuwait),https://www.kockw.com/sites/EN/Pages/Profile/whoAreWe/KOC-History.aspx,,[]
科威特,Abdali,单一油气田,,,undisclosed,,,无本资产数值；不可按零处理,,在产,无本资产指标，未用目录参考数值填充实产,FY2024/25—2026年最后可核实公开时点,中,近似中心点,False,47.93,30.03,Abdalli Oil Field (Kuwait),https://www.kockw.com/sites/EN/Pages/Profile/whoAreWe/KOC-History.aspx,,[]
科威特,Wafra,单一油气田,,,undisclosed,,,无本资产数值；不可按零处理,,在产,无本资产指标，未用目录参考数值填充实产,FY2024/25—2026年最后可核实公开时点,中,近似中心点,False,47.9,28.72,"Wafra Oil Field (Kuwait, Saudi Arabia)",https://www.kockw.com/sites/EN/Pages/Profile/whoAreWe/KOC-History.aspx,沙特—科威特中立区共享资产。,[]
科威特,Khafji,单一油气田,,,undisclosed,,,无本资产数值；不可按零处理,,在产,无本资产指标，未用目录参考数值填充实产,FY2024/25—2026年最后可核实公开时点,中,近似中心点,False,48.42,28.52,"Khafji Oil Field (Kuwait, Saudi Arabia)",https://www.kockw.com/sites/EN/Pages/Profile/whoAreWe/KOC-History.aspx,沙特—科威特中立区共享资产。,[]
科威特,Nokhetha,单一油气田,,,undisclosed,,,无本资产数值；不可按零处理,,已发现／待商业化,无本资产指标，未用目录参考数值填充实产,FY2024/25,高,公开资产数据库近似点（WGS84）,False,48.7026,29.4162,Nokhatha Oil and Gas Field (Kuwait),https://www.kockw.com/sites/EN/Annual%20Reports/2024-2025%20English.pdf,"KOC年报的2,800桶/日是Nokhetha-1勘探井测试流量，不能填作全田持续日产量。",[]
科威特,Julaiah,单一油气田,,,undisclosed,,,无本资产数值；不可按零处理,,已发现／待商业化,无本资产指标，未用目录参考数值填充实产,FY2024/25,高,公开资产数据库近似点（WGS84）,False,48.6894,28.824,Julaiah Oil and Gas Field (Kuwait),https://www.kockw.com/sites/EN/Annual%20Reports/2024-2025%20English.pdf,KOC年报仅披露勘探井测试与资源量，未披露全田持续日产量。,[]
科威特,Mutriba,单一油气田,,,undisclosed,,,无本资产数值；不可按零处理,,在产,无本资产指标，未用目录参考数值填充实产,FY2024/25—2026年最后可核实公开时点,中,官方地震勘探区中心坐标（WGS84；区域代表点）,True,47.224222,29.763444,,https://www.kockw.com/sites/EN/EMagazine/Pages/Events/1032.aspx,KOC确认轻质油商业生产；公开报道未给可核验的全田持续日产量，井测试量不作替代。,[]
科威特,Shaham,单一油气田,,,undisclosed,,,无本资产数值；不可按零处理,,已发现／待商业化,无本资产指标，未用目录参考数值填充实产,FY2024/25,高,北科威特同名地理要素代表点（非油田中心）,True,47.666667,29.916667,,https://www.kockw.com/sites/EN/Annual%20Reports/2024-2025%20English.pdf,KOC年报第30—31页称北科威特Shaham勘探田发现Zubair砂岩油藏；未给商业持续产量。,[]
科威特,Kra-al-Maru,单一油气田,,,undisclosed,,,无本资产数值；不可按零处理,,在产,无本资产指标，未用目录参考数值填充实产,FY2024/25—2026年最后可核实公开时点,中,西科威特同名地理要素代表点（近似）,True,47.327778,29.435833,,https://www.kockw.com/sites/EN/Annual%20Reports/2024-2025%20English.pdf,KOC年报第30—31页称在既有Kra-al-Maru油田发现Marrat储层；该发现不是全田日产量。,[]
卡塔尔,Al Shaheen,单一油气田,,280.1,actual_output,千桶/日,2024年平均,保留原观察期；未证实为2026-09-30最新实产，目标／产能不代表已达产,2026-09-30,在产,原来源历史数值及口径核对；没有确认更新的同范围实产,2024年平均／协议期至2027年,高,近似中心点,False,51.92,26.51,Al Shaheen Oil and Gas Field (Qatar),https://www.qatarenergy.qa/en/MediaCenter/Publications/QatarEnergy_Investors_Presentation_November_2025.pdf,QatarEnergy官方投资者演示文稿列示的2024年平均原油产量；来源直报。,[]
卡塔尔,Dukhan,单一油气田,,176.4,actual_output,千桶/日,2024年平均,保留原观察期；未证实为2026-09-30最新实产，目标／产能不代表已达产,2026-09-30,在产,原来源历史数值及口径核对；没有确认更新的同范围实产,2024年平均／协议期至2027年,高,近似中心点,False,50.79,25.42,Dukhan Oil and Gas Field (Qatar),https://www.qatarenergy.qa/en/MediaCenter/Publications/QatarEnergy_Investors_Presentation_November_2025.pdf,QatarEnergy官方投资者演示文稿列示的2024年平均原油产量；来源直报。,[]
卡塔尔,Al-Rayyan,单一油气田,,3.6,actual_output,千桶/日,2024年平均,保留原观察期；未证实为2026-09-30最新实产，目标／产能不代表已达产,2026-09-30,在产,原来源历史数值及口径核对；没有确认更新的同范围实产,2024年平均／协议期至2027年,高,公开资产数据库精确点位（WGS84）,False,51.5725,26.6591,Al Rayyan Oil and Gas Field (Qatar),https://www.qatarenergy.qa/en/MediaCenter/Publications/QatarEnergy_Investors_Presentation_November_2025.pdf,QatarEnergy官方投资者演示文稿列示的2024年平均原油产量；来源直报。,[]
卡塔尔,Al-Khaleej,单一油气田,,23.4,actual_output,千桶/日,2024年平均,保留原观察期；未证实为2026-09-30最新实产，目标／产能不代表已达产,2026-09-30,在产,原来源历史数值及口径核对；没有确认更新的同范围实产,2024年平均／协议期至2027年,高,近似中心点,False,51.48,25.7,Al Khalij Oil and Gas Field (Qatar),https://www.qatarenergy.qa/en/MediaCenter/Publications/QatarEnergy_Investors_Presentation_November_2025.pdf,QatarEnergy官方投资者演示文稿列示的2024年平均原油产量；来源直报。,[]
卡塔尔,Idd El-Sharqi,油田群／综合体,,54.4,actual_output,千桶/日,2024年平均,保留原观察期；未证实为2026-09-30最新实产，目标／产能不代表已达产,2026-09-30,在产,原来源历史数值及口径核对；没有确认更新的同范围实产,2024年平均／协议期至2027年,高,近似中心点,False,51.31,25.59,,https://www.qatarenergy.qa/en/MediaCenter/Publications/QatarEnergy_Investors_Presentation_November_2025.pdf,QatarEnergy 2025-11演示文稿第13页Idd El Shargi的2024年平均油产54.4千桶/日；原表未细分North/South Dome，父级保留原表范围，组成田不分配或重复计入。,[]
卡塔尔,Karkara,单一油气田,,,undisclosed,,,无本资产数值；不可按零处理,,在产,无本资产指标，未用目录参考数值填充实产,2024年平均／协议期至2027年,高,近似中心点,False,51.33,25.46,,https://www.qatarenergy.qa/en/MediaCenter/Publications/QatarEnergy_Investors_Presentation_November_2025.pdf,,[]
卡塔尔,Maydan Mahzam,单一油气田,,16.2,actual_output,千桶/日,2024年平均,保留原观察期；未证实为2026-09-30最新实产，目标／产能不代表已达产,2026-09-30,在产,原来源历史数值及口径核对；没有确认更新的同范围实产,2024年平均／协议期至2027年,高,近似中心点,False,51.2,25.2,Maydan Mahzam Oil and Gas Field (Qatar),https://www.qatarenergy.qa/en/MediaCenter/Publications/QatarEnergy_Investors_Presentation_November_2025.pdf,QatarEnergy官方投资者演示文稿列示的2024年平均原油产量；来源直报。,[]
卡塔尔,Bul Hanine,单一油气田,,35.1,actual_output,千桶/日,2024年平均,保留原观察期；未证实为2026-09-30最新实产，目标／产能不代表已达产,2026-09-30,在产,原来源历史数值及口径核对；没有确认更新的同范围实产,2024年平均／协议期至2027年,高,近似中心点,False,51.14,25.06,Bul Hanine Oil and Gas Field (Qatar),https://www.qatarenergy.qa/en/MediaCenter/Publications/QatarEnergy_Investors_Presentation_November_2025.pdf,QatarEnergy官方投资者演示文稿列示的2024年平均原油产量；来源直报。,[]
卡塔尔,Al-Murjan,单一油气田,,,undisclosed,,,无本资产数值；不可按零处理,,在产,无本资产指标，未用目录参考数值填充实产,2024年平均／协议期至2027年,高,Al-Rayyan生产平台代表点（Al-Murjan经该平台生产）,True,51.5725,26.6591,,https://www.qatarenergy.qa/en/Whatwedo/Pages/ExplorationandProduction.aspx,卡塔尔能源称该田通过Al-Rayyan平台生产；没有单田产量，不把Al-Rayyan平台数值分摊。,[]
卡塔尔,North Field,单一油气田,,,undisclosed,,,无本资产数值；不可按零处理,,在产,无本资产指标，未用目录参考数值填充实产,2024年平均／协议期至2027年,高,近似中心点,False,51.45,26.62,North Field Bravo Oil and Gas Field (Qatar);North Field Alpha Oil and Gas Field (Qatar);North Field East Gas Field (Qatar);North Field South Gas Field (Qatar);North Field West Gas Field (Qatar),https://www.qatarenergy.qa/en/MediaCenter/Publications/QatarEnergy_Investors_Presentation_November_2025.pdf,气田，不与原油日产量比较。,[]
卡塔尔,A-Structures (A-North / A-South),油田群／综合体,,,undisclosed,,,无本资产数值；不可按零处理,,在产,无本资产指标，未用目录参考数值填充实产,2024年平均／协议期至2027年,高,Al-Karkara／A-Structures项目公开近似点（WGS84）,False,52.4847,25.0811,,https://qna.org.qa/en/news/news-details?date=23%2F12%2F2022&id=0056-qatarenergy-signs-agreement-with-qpd-to-continue-al-karkara%2C-a-structures-offshore-fields-development-and-production,"QNA称A-North和A-South于1971年发现，A-Structures与Al-Karkara自2006年3月投产；报道的3,350万桶是三田合计累计原油，不能分配给A-Structures。单田产量及坐标未披露。",[]
卡塔尔,A-North,单一油气田,A-Structures (A-North / A-South),,undisclosed,,,无本资产数值；不可按零处理,,在产,无本资产指标，未用目录参考数值填充实产,2024年平均／协议期至2027年,高,上级资产代表点（A-Structures (A-North / A-South)；近似，非本资产中心）,True,52.4847,25.0811,,https://qna.org.qa/en/news/news-details?date=23%2F12%2F2022&id=0056-qatarenergy-signs-agreement-with-qpd-to-continue-al-karkara%2C-a-structures-offshore-fields-development-and-production,QNA明确列为A-Structures两座小油田之一；油田群与Al-Karkara的累计产量不能分配给该田。,[]
卡塔尔,A-South,单一油气田,A-Structures (A-North / A-South),,undisclosed,,,无本资产数值；不可按零处理,,在产,无本资产指标，未用目录参考数值填充实产,2024年平均／协议期至2027年,高,上级资产代表点（A-Structures (A-North / A-South)；近似，非本资产中心）,True,52.4847,25.0811,,https://qna.org.qa/en/news/news-details?date=23%2F12%2F2022&id=0056-qatarenergy-signs-agreement-with-qpd-to-continue-al-karkara%2C-a-structures-offshore-fields-development-and-production,QNA明确列为A-Structures两座小油田之一；油田群与Al-Karkara的累计产量不能分配给该田。,[]
阿曼,Mukhaizna,单一油气田,,,undisclosed,,,无本资产数值；不可按零处理,,在产,无本资产指标，未用目录参考数值填充实产,2024—2026年最后可核实公开时点／再次复核2026-09-28,中,近似中心点,False,56.47,19.34,Mukhaizna Oil Field (Oman),https://www.oxy.com/operations/performance-production/,运营商确认油田运营及累计产量，但未找到可核验的2023年单田8万桶/日实产；撤回该值。,[]
阿曼,Yibal,单一油气田,,,undisclosed,,,无本资产数值；不可按零处理,,在产,无本资产指标，未用目录参考数值填充实产,2024—2026年最后可核实公开时点／再次复核2026-09-28,中,近似中心点,False,56.15,22.26,Yibal Oil and Gas Field (Oman),https://www.gem.wiki/Yibal_Oil_and_Gas_Field_(Oman),原列年度数值的原始引文未证实是该年度实际产油总量；撤回据此换算的推算日均。逐田实产待核。,[]
阿曼,Natih,单一油气田,,,undisclosed,,,无本资产数值；不可按零处理,,在产,无本资产指标，未用目录参考数值填充实产,2024—2026年最后可核实公开时点／再次复核2026-09-28,中,近似中心点,False,56.33,22.48,,https://www.pdo.co.om/en/Pages/WhoWeAre/OurJourney.aspx,,[]
阿曼,Fahud,单一油气田,,,undisclosed,,,无本资产数值；不可按零处理,,在产,无本资产指标，未用目录参考数值填充实产,2024—2026年最后可核实公开时点／再次复核2026-09-28,中,近似中心点,False,56.5,22.35,Fahud Oil and Gas Field (Oman),https://www.pdo.co.om/en/Pages/WhoWeAre/OurJourney.aspx,,[]
阿曼,Qarn Alam,单一油气田,,,undisclosed,,,无本资产数值；不可按零处理,,在产,无本资产指标，未用目录参考数值填充实产,2024—2026年最后可核实公开时点／再次复核2026-09-28,中,近似中心点,False,57.07,22.55,Qarn Alam Oil and Gas Field (Oman),https://www.pdo.co.om/en/Pages/WhoWeAre/OurJourney.aspx,,[]
阿曼,Marmul,单一油气田,,,undisclosed,,,无本资产数值；不可按零处理,,在产,无本资产指标，未用目录参考数值填充实产,2024—2026年最后可核实公开时点／再次复核2026-09-28,中,近似中心点,False,55.22,18.12,Marmul Oil Field (Oman),https://www.pdo.co.om/en/Pages/WhoWeAre/OurJourney.aspx,,[]
阿曼,Nimr,单一油气田,,,undisclosed,,,无本资产数值；不可按零处理,,在产,无本资产指标，未用目录参考数值填充实产,2024—2026年最后可核实公开时点／再次复核2026-09-28,中,近似中心点,False,55.74,18.76,,https://www.pdo.co.om/en/Pages/WhoWeAre/OurJourney.aspx,,[]
阿曼,Lekhwair,单一油气田,,,undisclosed,,,无本资产数值；不可按零处理,,在产,无本资产指标，未用目录参考数值填充实产,2024—2026年最后可核实公开时点／再次复核2026-09-28,中,近似中心点,False,57.14,20.59,Lekhwair Oil and Gas Field (Oman),https://www.pdo.co.om/en/Pages/WhoWeAre/OurJourney.aspx,,[]
阿曼,Bahja,单一油气田,,,undisclosed,,,无本资产数值；不可按零处理,,在产,无本资产指标，未用目录参考数值填充实产,2024—2026年最后可核实公开时点／再次复核2026-09-28,中,近似中心点,False,56.8,20.96,,https://www.pdo.co.om/en/Pages/WhoWeAre/OurJourney.aspx,,[]
阿曼,Harweel,油田群／综合体,,,undisclosed,,,无本资产数值；不可按零处理,,在产,无本资产指标，未用目录参考数值填充实产,2024—2026年最后可核实公开时点／再次复核2026-09-28,中,近似中心点,False,55.62,18.08,,https://www.pdo.co.om/en/Pages/WhoWeAre/OurJourney.aspx,,[]
阿曼,Amal,单一油气田,,,undisclosed,,,无本资产数值；不可按零处理,,在产,无本资产指标，未用目录参考数值填充实产,2024—2026年最后可核实公开时点／再次复核2026-09-28,中,近似中心点,False,55.72,18.48,,https://www.pdo.co.om/en/Pages/WhoWeAre/OurJourney.aspx,,[]
阿曼,Zalzala,单一油气田,Harweel,,undisclosed,,,无本资产数值；不可按零处理,,在产,无本资产指标，未用目录参考数值填充实产,2024—2026年最后可核实公开时点／再次复核2026-09-28,中,上级资产代表点（Harweel；近似，非本资产中心）,True,55.62,18.08,Zalzala Oil Field (Oman),https://www.pdo.co.om/en/PDOSERVICES/Sustainability%20Report%202024%20English.pdf,PDO报告第60页列Harweel 2AB项目位于Zalzala田；注气与增采累计量不是全田日均原油。,[]
阿曼,Haima West,单一油气田,Marmul,,undisclosed,,,无本资产数值；不可按零处理,,在产,无本资产指标，未用目录参考数值填充实产,2024—2026年最后可核实公开时点／再次复核2026-09-28,中,上级资产代表点（Marmul；近似，非本资产中心）,True,55.22,18.12,,https://www.pdo.co.om/en/PDOSERVICES/Sustainability%20Report%202024%20English.pdf,PDO报告第60页列名；聚合物驱项目预期增采量不能转换为现时单田日产量。,[]
阿曼,Al Noor,单一油气田,Nimr,,undisclosed,,,无本资产数值；不可按零处理,,在产,无本资产指标，未用目录参考数值填充实产,2024—2026年最后可核实公开时点／再次复核2026-09-28,中,上级资产代表点（Nimr；近似，非本资产中心）,True,55.74,18.76,,https://www.pdo.co.om/en/PDOSERVICES/Sustainability%20Report%202024%20English.pdf,PDO报告列Al Noor三期项目；项目增采资源量不是单田实产。,[]
阿曼,Nimr-A,单一油气田,Nimr,,undisclosed,,,无本资产数值；不可按零处理,,在产,无本资产指标，未用目录参考数值填充实产,2024—2026年最后可核实公开时点／再次复核2026-09-28,中,上级资产代表点（Nimr；近似，非本资产中心）,True,55.74,18.76,,https://www.pdo.co.om/en/PDOSERVICES/Sustainability%20Report%202024%20English.pdf,PDO明确称Nimr-A油田；2024年聚合物驱投资决定的预期增采量不是已实现日产量。,[]
阿曼,Nimr-E,单一油气田,Nimr,,undisclosed,,,无本资产数值；不可按零处理,,在产,无本资产指标，未用目录参考数值填充实产,2024—2026年最后可核实公开时点／再次复核2026-09-28,中,上级资产代表点（Nimr；近似，非本资产中心）,True,55.74,18.76,,https://www.pdo.co.om/en/PDOSERVICES/Sustainability%20Report%202024%20English.pdf,PDO明确称Nimr-E油田；不把Nimr资产合计量分配给该田。,[]
阿曼,Budour Northeast,单一油气田,,,undisclosed,,,无本资产数值；不可按零处理,,已发现／待商业化,无本资产指标，未用目录参考数值填充实产,2024—2026年最后可核实公开时点,中,Birba作业区公开油田点（Budour Northeast区域代表点）,True,55.10261,18.31856,,https://www.pdo.co.om/en/Pages/WhoWeAre/OurJourney.aspx,PDO历史页面确认发现，尚无可核验的持续逐田日产量。,[]
阿曼,Block 50 (Masirah),区块,,,undisclosed,,,无本资产数值；不可按零处理,,在产,无本资产指标，未用目录参考数值填充实产,2026年3月,高,组成资产近似中心（1/1个有坐标）,True,58.546,19.9841,,https://www.masirahoil.om/post/production-update-march-2026,区块层级日产量未单独披露；Yumna单田数据不反推为整个区块产量。,[]
阿曼,Yumna,单一油气田,Block 50 (Masirah),742,actual_output,桶/日,2026年3月平均（31天生产期）,保留原观察期；未证实为2026-09-30最新实产，目标／产能不代表已达产,2026-09-30,在产,原来源历史数值及口径核对；没有确认更新的同范围实产,2026年3月,高,近似中心点,False,58.546,19.9841,Yumna Oil Field (Oman),https://www.masirahoil.om/post/production-update-march-2026,运营方公告称31天生产期内全田总产量日均742桶；Block 50运营方持有100%权益。,[]
阿曼,Bisat,单一油气田,Block 60 (Oman),,undisclosed,,,无本资产数值；不可按零处理,,在产,无本资产指标，未用目录参考数值填充实产,2025-12-31,高,近似中心点,False,55.8542,21.178,Bisat Oil Field (Oman),https://oq.com/en/news-and-media/newsroom/20230126-oq-celebrates-inauguration-of-bisat-oil-field,OQ于2023年公告比萨特油田原油处理设施投产；GEM列为运营油田，逐田日产量未披露。坐标为公开地图资料的近似点。,[]
阿曼,Block 5 (Daleel),区块,,50,actual_output,千桶/日,运营商网页未注明观察期（2026-09-28核对）,保留原观察期；未证实为2026-09-30最新实产，目标／产能不代表已达产,2026-09-30,在产,原来源历史数值及口径核对；没有确认更新的同范围实产,2024—2026年最后可核实公开时点／再次复核2026-09-28,中,组成资产近似中心（1/6个有坐标）,True,55.976,22.7241,,https://daleelpetroleum.com/operational-excellence/production,运营商称Block 5日均产量已从2002年的约5千桶/日提高至50千桶/日；这是区块多田合计，不能分配给Daleel、Shadi、Bushra、Mazoon、Furat或Thahab。,[]
阿曼,Daleel,单一油气田,Block 5 (Daleel),,undisclosed,,,无本资产数值；不可按零处理,,在产,无本资产指标，未用目录参考数值填充实产,2024—2026年最后可核实公开时点／再次复核2026-09-28,中,近似中心点,False,55.976,22.7241,Daleel Oil Field (Oman),https://daleelpetroleum.com/operational-excellence/production,运营商披露Block 5共有五个主要油田；区块约5万桶/日不能分配给单田。,[]
阿曼,Shadi,单一油气田,Block 5 (Daleel),,undisclosed,,,无本资产数值；不可按零处理,,在产,无本资产指标，未用目录参考数值填充实产,2024—2026年最后可核实公开时点／再次复核2026-09-28,中,上级资产代表点（Block 5 (Daleel)；近似，非本资产中心）,True,55.976,22.7241,,https://daleelpetroleum.com/operational-excellence/production,Block 5油田；仅有区块合计产量，单田和坐标未核验。,[]
阿曼,Bushra,单一油气田,Block 5 (Daleel),,undisclosed,,,无本资产数值；不可按零处理,,在产,无本资产指标，未用目录参考数值填充实产,2024—2026年最后可核实公开时点／再次复核2026-09-28,中,上级资产代表点（Block 5 (Daleel)；近似，非本资产中心）,True,55.976,22.7241,,https://daleelpetroleum.com/operational-excellence/production,Block 5油田；仅有区块合计产量，单田和坐标未核验。,[]
阿曼,Mazoon,单一油气田,Block 5 (Daleel),,undisclosed,,,无本资产数值；不可按零处理,,在产,无本资产指标，未用目录参考数值填充实产,2024—2026年最后可核实公开时点／再次复核2026-09-28,中,上级资产代表点（Block 5 (Daleel)；近似，非本资产中心）,True,55.976,22.7241,,https://daleelpetroleum.com/operational-excellence/production,Block 5油田；仅有区块合计产量，单田和坐标未核验。,[]
阿曼,Furat,单一油气田,Block 5 (Daleel),,undisclosed,,,无本资产数值；不可按零处理,,在产,无本资产指标，未用目录参考数值填充实产,2024—2026年最后可核实公开时点／再次复核2026-09-28,中,上级资产代表点（Block 5 (Daleel)；近似，非本资产中心）,True,55.976,22.7241,,https://daleelpetroleum.com/operational-excellence/production,Block 5油田；仅有区块合计产量，单田和坐标未核验。,[]
阿曼,Thahab,单一油气田,Block 5 (Daleel),,undisclosed,,,无本资产数值；不可按零处理,,在产,无本资产指标，未用目录参考数值填充实产,2024—2026年最后可核实公开时点／再次复核2026-09-28,中,上级资产代表点（Block 5 (Daleel)；近似，非本资产中心）,True,55.976,22.7241,,https://daleelpetroleum.com/media/news/2023/daleel-petroleum-a-journey-of-excellence,Daleel称近年开采Thahab；其约5万桶/日为Block 5多田总量，不分摊。,[]
阿曼,Block 9 (Oman),区块,,,undisclosed,,,无本资产数值；不可按零处理,,在产,无本资产指标，未用目录参考数值填充实产,2024—2026年最后可核实公开时点／再次复核2026-09-28,中,Safah／Wadi Latham组成田公开近似点（WGS84）,False,55.4485,23.1614,,https://www.oxy.com/operations/performance-production/,包含Safah和Wadi Latham等资产；没有用公司或区块组合数据估算单田产量。,[]
阿曼,Block 27 (Oman),区块,,,undisclosed,,,无本资产数值；不可按零处理,,在产,无本资产指标，未用目录参考数值填充实产,2024—2026年最后可核实公开时点／再次复核2026-09-28,中,Khamilah组成田公开近似点（WGS84）,False,56.5162,22.7117,,https://www.oxy.com/operations/performance-production/,Khamilah所属区块；未披露可核验区块或单田日产量。,[]
阿曼,Safah,单一油气田,Block 9 (Oman),,undisclosed,,,无本资产数值；不可按零处理,,在产,无本资产指标，未用目录参考数值填充实产,2024—2026年最后可核实公开时点／再次复核2026-09-28,中,Safah／Wadi Latham联合公开近似点（WGS84）,False,55.4485,23.1614,,https://www.oxy.com/operations/performance-production/,Occidental披露Block 9的主要油田；未披露可核验单田日产量。,[]
阿曼,Wadi Latham,单一油气田,Block 9 (Oman),,undisclosed,,,无本资产数值；不可按零处理,,在产,无本资产指标，未用目录参考数值填充实产,2024—2026年最后可核实公开时点／再次复核2026-09-28,中,Safah／Wadi Latham联合公开近似点（WGS84）,False,55.4485,23.1614,,https://www.oxy.com/operations/performance-production/,Occidental披露Block 9的主要油田；未披露可核验单田日产量。,[]
阿曼,Khamilah,单一油气田,Block 27 (Oman),,undisclosed,,,无本资产数值；不可按零处理,,在产,无本资产指标，未用目录参考数值填充实产,2024—2026年最后可核实公开时点／再次复核2026-09-28,中,公开资产数据库近似点（WGS84）,False,56.5162,22.7117,Khamilah Oil Field (Oman),https://www.oxy.com/operations/performance-production/,Occidental披露Block 27油田；未披露可核验单田日产量。,[]
阿曼,Wadi Aswad North,单一油气田,,,undisclosed,,,无本资产数值；不可按零处理,,已发现／待商业化,无本资产指标，未用目录参考数值填充实产,2024—2026年最后可核实公开时点,中,Wadi Aswad同名地理区域代表点（非发现井坐标）,True,55.74842,21.93501,,https://www.oxy.com/operations/performance-production/,Occidental列为阿曼北部发现油田；未披露可核验持续逐田日产量。,[]
阿曼,Safah North B,单一油气田,,,undisclosed,,,无本资产数值；不可按零处理,,已发现／待商业化,无本资产指标，未用目录参考数值填充实产,2024—2026年最后可核实公开时点,中,Safah油田公开点（北部发现区域代表点；非井位）,True,55.471184,23.196323,,https://www.oxy.com/operations/performance-production/,Occidental列为阿曼北部发现油田；不同于Safah，未披露单田日产量。,[]
阿曼,Block 8 (Oman),区块,,,undisclosed,,,无本资产数值；不可按零处理,,在产,无本资产指标，未用目录参考数值填充实产,2024—2026年最后可核实公开时点／再次复核2026-09-28,中,跨境West Bukha／Hengam油田代表点（WGS84；近似）,False,55.9659,26.4214,,https://www.oqep.om/operation,包含West Bukha与Bukha；公开区块合计不拆给单田。,[]
阿曼,Block 7 (Oman),区块,,,undisclosed,,,无本资产数值；不可按零处理,,在产,无本资产指标，未用目录参考数值填充实产,2024—2026年最后可核实公开时点／再次复核2026-09-28,中,Sahma组成油田公开点位（WGS84；区块代表点）,False,56.24374,20.40786,,https://www.oqep.om/operation,Sahma所属区块；未披露可核验区块日产量。,[]
阿曼,Block 60 (Oman),区块,,>70,actual_output,千桶油当量/日（boe/d）,2025年末产量水平（非全年均值）,最新查到的区块年末披露；当前日值未披露,2026-09-30,在产,本次修订的来源与口径已核对,2025-12-31,高,Bisat／Abu Butabul区块公开近似点（WGS84）,False,55.8542,21.178,,https://oqep.om/UploadsAll/IRFiles/1781008603725OQEP_2025_Annual_Report.pdf,"OQEP 2025年报披露Block 60年末总产量超过70,000 boe/d；95,000 bbl/d为处理能力，不能替代产量。本数仅为区块毛口径下限，不能归到Bisat单田。",[]
阿曼,Block 61 (Oman),区块,,,undisclosed,,,无本资产数值；不可按零处理,,在产,无本资产指标，未用目录参考数值填充实产,2024—2026年最后可核实公开时点／再次复核2026-09-28,中,Khazzan／Ghazeer项目公开近似点（WGS84）,False,56.4643,21.705,,https://www.oqep.om/operation,包含Khazzan与Ghazeer阶段；天然气或油当量指标不作为原油日产量。,[]
阿曼,West Bukha,单一油气田,Block 8 (Oman),,undisclosed,,,无本资产数值；不可按零处理,,在产,无本资产指标，未用目录参考数值填充实产,2024—2026年最后可核实公开时点／再次复核2026-09-28,中,跨境West Bukha／Hengam油田代表点（WGS84；近似）,False,55.9659,26.4214,,https://www.oqep.om/operation,OQEP列为Block 8两座生产田之一；与伊朗Hengam同属跨境地质结构，未将区块合计拆为单田产量。,[]
阿曼,Bukha,单一油气田,Block 8 (Oman),,undisclosed,,,无本资产数值；不可按零处理,,在产,无本资产指标，未用目录参考数值填充实产,2024—2026年最后可核实公开时点／再次复核2026-09-28,中,上级资产代表点（Block 8 (Oman)；近似，非本资产中心）,True,55.9659,26.4214,,https://www.oqep.om/operation,OQEP列为Block 8两座生产田之一；不将区块或天然气量充作单田原油日产量。,[]
阿曼,Sahma,单一油气田,Block 7 (Oman),,undisclosed,,,无本资产数值；不可按零处理,,在产,无本资产指标，未用目录参考数值填充实产,2024—2026年最后可核实公开时点／再次复核2026-09-28,中,公开地名数据库油田点位（WGS84）,False,56.24374,20.40786,,https://www.oqep.om/operation,OQEP Block 48说明列为相邻Block 7生产油田；未披露单田产量。,[]
阿曼,Abu Butabul,单一油气田,Block 60 (Oman),,undisclosed,,,无本资产数值；不可按零处理,,在产,无本资产指标，未用目录参考数值填充实产,2024—2026年最后可核实公开时点／再次复核2026-09-28,中,Block 60公开近似点（WGS84）,False,55.8542,21.178,Abu Butabul Oil and Gas Field (Oman);Abu Butabu North Oil and Gas Field (Oman),https://www.oqep.om/operation,OQEP确认Block 60油气田名称；不把Block 60油当量合计归给该田。,[]
阿曼,Khazzan,单一油气田,Block 61 (Oman),,undisclosed,,,无本资产数值；不可按零处理,,在产,无本资产指标，未用目录参考数值填充实产,2024—2026年最后可核实公开时点／再次复核2026-09-28,中,Khazzan／Ghazeer项目公开近似点（WGS84）,False,56.4643,21.705,Khazzan Phase 1 Oil and Gas Field (Oman),https://www.oqep.om/operation,OQEP称为Block 61阶段之一；逐田原油日产量不适用。,[]
阿曼,Ghazeer,单一油气田,Block 61 (Oman),,undisclosed,,,无本资产数值；不可按零处理,,在产,无本资产指标，未用目录参考数值填充实产,2024—2026年最后可核实公开时点／再次复核2026-09-28,中,Khazzan／Ghazeer项目公开近似点（WGS84）,False,56.4643,21.705,,https://www.oqep.om/operation,OQEP称为Block 61阶段之一；逐田原油日产量不适用。,[]
巴林,Bahrain Field (Awali),单一油气田,,39.5,actual_output,千桶/日,2022年平均,保留原观察期；未证实为2026-09-30最新实产，目标／产能不代表已达产,2026-09-30,在产,原来源历史数值及口径核对；没有确认更新的同范围实产,2025年运营资料／2026-09-28审计,中,近似中心点,False,50.55,26.07,,https://unfccc.int/sites/default/files/resource/30112025_Bahrain%27s_BTR1_2024_to_the_UNFCCC_vSubmitted.pdf,UNFCCC BTR列示2022年原油与凝析油年均产量39.5千桶/日。,[]
巴林,Abu Safah,单一油气田,,300,capacity,千桶/日,网页未注明基准日（2026-09-27核对）,保留原观察期；未证实为2026-09-30最新实产，目标／产能不代表已达产,2026-09-30,在产,原来源历史数值及口径核对；没有确认更新的同范围实产,2025年运营资料／2026-09-28审计,中,近似中心点,False,50.61,26.02,"Abu Sa`fah Oil Field (Saudi Arabia, Bahrain)",https://www.bapco.net/en/page/crude-and-petroleum-products,Bapco明确为全油田30万桶/日产能，非实产；巴林与沙特权益各50%，不可按权益数推断实际日产量。,[]
也门,Block 14 (Masila),区块,,,undisclosed,,,无本资产数值；不可按零处理,,暂停生产,无本资产指标，未用目录参考数值填充实产,2025-12-01／复核至2026-09-28,中,近似中心点,False,49.54,14.47,,https://mom-ye.com/site-en/,按生产区块记录；冲突环境下缺少可靠连续区块日产量，不能作为单一油田统计。,[]
也门,Block 10 (East Shabwa),区块,,,undisclosed,,,无本资产数值；不可按零处理,,暂停生产,无本资产指标，未用目录参考数值填充实产,2025-12-01／复核至2026-09-28,中,近似中心点,False,47.54,14.55,,https://mom-ye.com/site-en/,按生产区块记录；不是单一油田。,[]
也门,Block 32 (Hawareem),区块,,,undisclosed,,,无本资产数值；不可按零处理,,未生产,无本资产指标，未用目录参考数值填充实产,2015-03-31／复核至2026-09-28,中,近似中心点,False,48.96,14.32,,https://mom-ye.com/site-en/,按生产区块记录；PEPA计划列Tasour与Godah为区块内油田。,[]
也门,Tasour,单一油气田,Block 32 (Hawareem),,undisclosed,,,无本资产数值；不可按零处理,,未生产,无本资产指标，未用目录参考数值填充实产,2015-03-31／复核至2026-09-28,中,上级资产代表点（Block 32 (Hawareem)；近似，非本资产中心）,True,48.96,14.32,,https://pepaye.com/production/plan,PEPA计划提及该田生产优化；没有可核验单田日产量。,[]
也门,Godah,单一油气田,Block 32 (Hawareem),,undisclosed,,,无本资产数值；不可按零处理,,未生产,无本资产指标，未用目录参考数值填充实产,2015-03-31／复核至2026-09-28,中,上级资产代表点（Block 32 (Hawareem)；近似，非本资产中心）,True,48.96,14.32,,https://pepaye.com/production/plan,PEPA计划提及该田生产优化；没有可核验单田日产量。,[]
也门,Block 18 (Marib),区块,,,undisclosed,,,无本资产数值；不可按零处理,,在产,无本资产指标，未用目录参考数值填充实产,运营商网页复核2026-09-28,高,组成资产近似中心（1/1个有坐标）,True,45.05,15.35,,https://www.eia.gov/international/content/analysis/countries_long/Yemen/yemen.pdf,区块层级状态；不能下推为区块内每一油田的当期产量。,[]
也门,Alif,单一油气田,Block 18 (Marib),,undisclosed,,,无本资产数值；不可按零处理,,待核实,无本资产指标，未用目录参考数值填充实产,状态待核；各来源观察期不同，详见状态冲突表,低,近似中心点,False,45.05,15.35,Alif Oil Field (Yemen),https://mom-ye.com/site-en/,Block 18组成油田；区块层级数据不分配给该田。,[]
也门,Block 5 (Jannah),区块,,50,actual_output,千桶/日,截至2007-01的历史平均,保留原观察期；未证实为2026-09-30最新实产，目标／产能不代表已达产,2026-09-30,在产,原来源历史数值及口径核对；没有确认更新的同范围实产,运营商网页复核2026-09-28,高,近似中心点,False,45.16,15.24,,https://www.pepaye.com/page/67,PEPA称该区块含5个油田，历史平均产量50千桶/日；这是旧区块合计，不能视为当前产量或分配给区块内单田。,[]
也门,Block S2 (Uqlah),区块,,,undisclosed,,,无本资产数值；不可按零处理,,暂停生产,无本资产指标，未用目录参考数值填充实产,2023年中／报告更新至2025-11,高,Habban组成油田设施公开点位（OpenStreetMap；近似）,False,46.77715,15.3053,,https://pepaye.com/production/plan,Habban所属区块；未取得可靠的当前区块日产量。,[]
也门,Habban,单一油气田,Block S2 (Uqlah),,undisclosed,,,无本资产数值；不可按零处理,,暂停生产,无本资产指标，未用目录参考数值填充实产,2023年中／报告更新至2025-11,高,公开油田设施点位（OpenStreetMap；近似）,False,46.77715,15.3053,,https://www.eia.gov/international/content/analysis/countries_long/Yemen/yemen.pdf,EIA记载OMV在2018年从S2区块Habban田出口原油；PEPA计划提及Habban CPF。历史出口记录不代表当前持续日产量。,[]
也门,Block 9 (Malik),区块,,,undisclosed,,,无本资产数值；不可按零处理,,在产,无本资产指标，未用目录参考数值填充实产,运营商网页复核2026-09-28,中,组成资产近似中心（2/3个有坐标）,True,48.03049,15.64275,,https://www.eia.gov/international/content/analysis/countries_long/Yemen/yemen.pdf,区块级生产恢复信息；不能据此认定区块内每一田当期均在产或将区块产量分配给单田。,[]
也门,Hiswah (Haswa),单一油气田,Block 9 (Malik),,undisclosed,,,无本资产数值；不可按零处理,,在产,无本资产指标，未用目录参考数值填充实产,运营商网页复核2026-09-28,中,公开油田设施点位（OpenStreetMap；近似）,False,47.96781,15.70337,,https://pepaye.com/production/plan,PEPA 2012计划提到Hiswah田CPU建设，评估清单又作Haswa；按同一田名变体合并登记。区块重启不等于该田有已核实的单田产量。,[]
也门,Alroidhat (Al-Rowedhat),单一油气田,Block 9 (Malik),,undisclosed,,,无本资产数值；不可按零处理,,在产,无本资产指标，未用目录参考数值填充实产,运营商网页复核2026-09-28,中,公开油田设施点位（OpenStreetMap；近似）,False,48.09317,15.58213,,https://pepaye.com/production/plan,PEPA 2012计划提到Alroidhat输油管线建设，评估清单作AL-rowedhat；保留原拼法变体，未取得单田产量。,[]
也门,Qarn Qeamah,单一油气田,Block 9 (Malik),,undisclosed,,,无本资产数值；不可按零处理,,已发现／待商业化,无本资产指标，未用目录参考数值填充实产,运营商网页复核2026-09-28,中,上级资产代表点（Block 9 (Malik)；近似，非本资产中心）,True,48.03049,15.64275,,https://pepaye.com/production/plan,PEPA计划列入Block 9地质评估研究；名称已公开，但这不足以证明当前商业生产或单田产量。,[]
叙利亚,Rmeilan Sector One,油田群／综合体,,70–80,actual_output,千桶/日,2026-02-11采访时点,保留原观察期；未证实为2026-09-30最新实产，目标／产能不代表已达产,2026-09-30,在产,原来源历史数值及口径核对；没有确认更新的同范围实产,2026-02-11／2026-02-22,高,组成资产近似中心（2/8个有坐标）,True,41.980000000000004,37.055,,https://www.rudaw.net/english/categories/syria/933427,负责人称Sector One含Rmeilan、Suwaydiya、Qarachok、Hamza、Alyan、Sazabeh、Ode和Tigris八田；70–80千桶/日为作业区合计，不能分配给单田。另称产能110千桶/日。,[]
叙利亚,Al-Omar,单一油气田,,15,actual_output,千桶/日,2026-02-22,未确认最新；完整原文访问受限，数值待进一步核验,2026-09-30,在产,部分核验：完整原文访问受限，保留原历史引用待复核,2026-02-11／2026-02-22,高,近似中心点,False,40.6,35.07,al-Omar Oil Field (Syria),https://www.lemonde.fr/en/economy/article/2026/02/22/the-syrian-oil-sector-s-year-zero_6750756_19.html,记者实地采访运营主任称日产1.5万桶；2026-01-19较早报道约5千桶/日，修复期波动很大。,[]
叙利亚,Al-Tanak,单一油气田,,,undisclosed,,,无本资产数值；不可按零处理,,在产,无本资产指标，未用目录参考数值填充实产,2026-01-25,高,近似中心点,False,40.34,35.1,al-Tanak Oil Field (Syria),https://www.reuters.com/business/energy/shell-seeks-exit-syrias-al-omar-oilfield-official-says-2026-01-19/,,[]
叙利亚,Al-Jafra,单一油气田,,,undisclosed,,,无本资产数值；不可按零处理,,待核实,无本资产指标，未用目录参考数值填充实产,状态待核；各来源观察期不同，详见状态冲突表,低,近似中心点,False,40.47,35.05,Jafra Oil Field (Syria),https://www.reuters.com/business/energy/shell-seeks-exit-syrias-al-omar-oilfield-official-says-2026-01-19/,,[]
叙利亚,Al-Ward,单一油气田,,,undisclosed,,,无本资产数值；不可按零处理,,在产,无本资产指标，未用目录参考数值填充实产,2026年资产状态,中,近似中心点,False,40.55,35.2,Ward Oil Field (Syria),https://www.reuters.com/business/energy/shell-seeks-exit-syrias-al-omar-oilfield-official-says-2026-01-19/,,[]
叙利亚,Al-Taym,单一油气田,,,undisclosed,,,无本资产数值；不可按零处理,,在产,无本资产指标，未用目录参考数值填充实产,2026-01-26,高,近似中心点,False,40.26,35.23,,https://www.reuters.com/business/energy/shell-seeks-exit-syrias-al-omar-oilfield-official-says-2026-01-19/,,[]
叙利亚,Rmeilan,单一油气田,Rmeilan Sector One,,undisclosed,,,无本资产数值；不可按零处理,,在产,无本资产指标，未用目录参考数值填充实产,2026-03-04,高,近似中心点,False,42.03,37.04,,https://www.reuters.com/business/energy/shell-seeks-exit-syrias-al-omar-oilfield-official-says-2026-01-19/,,[]
叙利亚,Suwaydiya,单一油气田,Rmeilan Sector One,,undisclosed,,,无本资产数值；不可按零处理,,在产,无本资产指标，未用目录参考数值填充实产,2026-03-04,高,近似中心点,False,41.93,37.07,,https://www.reuters.com/business/energy/shell-seeks-exit-syrias-al-omar-oilfield-official-says-2026-01-19/,,[]
叙利亚,Qarachok,单一油气田,Rmeilan Sector One,,undisclosed,,,无本资产数值；不可按零处理,,开发／建设中,无本资产指标，未用目录参考数值填充实产,2026-08-04／复核2026-09-28,中,上级资产代表点（Rmeilan Sector One；近似，非本资产中心）,True,41.980000000000004,37.055,,https://www.rudaw.net/english/categories/syria/933427,Rudaw列为鲁迈兰Sector One八个油田之一；报道中的区域日产量与产能是全区合计，不拆给单田。,[]
叙利亚,Hamza,单一油气田,Rmeilan Sector One,,undisclosed,,,无本资产数值；不可按零处理,,开发／建设中,无本资产指标，未用目录参考数值填充实产,2026-08-04／复核2026-09-28,中,上级资产代表点（Rmeilan Sector One；近似，非本资产中心）,True,41.980000000000004,37.055,,https://www.rudaw.net/english/categories/syria/933427,Rudaw列为鲁迈兰Sector One油田；报道中的区域总产能及当期产量不能分配给单田。,[]
叙利亚,Alyan,单一油气田,Rmeilan Sector One,,undisclosed,,,无本资产数值；不可按零处理,,开发／建设中,无本资产指标，未用目录参考数值填充实产,2026-08-04／复核2026-09-28,中,上级资产代表点（Rmeilan Sector One；近似，非本资产中心）,True,41.980000000000004,37.055,,https://www.rudaw.net/english/categories/syria/933427,Rudaw列为鲁迈兰Sector One油田；报道中的区域总产能及当期产量不能分配给单田。,[]
叙利亚,Sazabeh,单一油气田,Rmeilan Sector One,,undisclosed,,,无本资产数值；不可按零处理,,开发／建设中,无本资产指标，未用目录参考数值填充实产,2026-08-04／复核2026-09-28,中,上级资产代表点（Rmeilan Sector One；近似，非本资产中心）,True,41.980000000000004,37.055,,https://www.rudaw.net/english/categories/syria/933427,Rudaw列为鲁迈兰Sector One油田；报道中的区域总产能及当期产量不能分配给单田。,[]
叙利亚,Ode,单一油气田,Rmeilan Sector One,,undisclosed,,,无本资产数值；不可按零处理,,开发／建设中,无本资产指标，未用目录参考数值填充实产,2026-08-04／复核2026-09-28,中,上级资产代表点（Rmeilan Sector One；近似，非本资产中心）,True,41.980000000000004,37.055,,https://www.rudaw.net/english/categories/syria/933427,Rudaw列为鲁迈兰Sector One油田；报道中的区域总产能及当期产量不能分配给单田。,[]
叙利亚,Tigris,单一油气田,Rmeilan Sector One,,undisclosed,,,无本资产数值；不可按零处理,,在产,无本资产指标，未用目录参考数值填充实产,2026-04-09,中,上级资产代表点（Rmeilan Sector One；近似，非本资产中心）,True,41.980000000000004,37.055,,https://www.rudaw.net/english/categories/syria/933427,Rudaw列为鲁迈兰Sector One油田；报道中的区域总产能及当期产量不能分配给单田。,[]
以色列,Heletz,单一油气田,,,undisclosed,,,无本资产数值；不可按零处理,,在产,无本资产指标，未用目录参考数值填充实产,2022年研究／2026-09-28审计,中,近似中心点,False,34.62,31.57,,https://prime.energy.gov.il/en/prime.html,当前实际产量和停产状态未获可靠公开确认。,[]
以色列,Meged,单一油气田,,,undisclosed,,,无本资产数值；不可按零处理,,在产,无本资产指标，未用目录参考数值填充实产,运营商网页审计2026-09-28,中,近似中心点,False,35.03,32.28,,https://prime.energy.gov.il/en/prime.html,,[]
以色列,Leviathan,单一油气田,,,undisclosed,,,2026 Q2销售及能力可核实；实际开采量仍未核清，主产量栏留空,,在产,无本资产指标，未用目录参考数值填充实产,2026-07-06,高,近似中心点,False,34.78,32.58,Leviathan Gas Field (Israel),https://newmedenergy.com/wp-content/uploads/2026/08/FS330062026ACCESSIBLE.pdf,气田。,"[{""metric_type"": ""actual_gas_sales"", ""value"": ""约2.68"", ""unit"": ""十亿立方米（季度合计）"", ""data_date"": ""2026年第二季度"", ""source_url"": ""https://newmedenergy.com/wp-content/uploads/2026/08/FS330062026ACCESSIBLE.pdf"", ""scope"": ""Leviathan 100%毛口径季度售气量，非权益量；销售量不替代开采产量""}, {""metric_type"": ""capacity"", ""value"": ""1,530"", ""unit"": ""百万标准立方英尺/日（MMscf/d）"", ""data_date"": ""2026-08-13演示文稿"", ""source_url"": ""https://newmedenergy.com/wp-content/uploads/2026/08/2Q-2026-Financial-Results-Presentation.pdf"", ""scope"": ""Leviathan最大产能，非当期实产""}]"
以色列,Tamar,单一油气田,,,undisclosed,,,无本资产数值；不可按零处理,,在产,无本资产指标，未用目录参考数值填充实产,2026-07-06,高,近似中心点,False,34.33,31.99,Tamar Oil and Gas Field (Israel),https://prime.energy.gov.il/en/prime.html,气田。,[]
以色列,Karish,单一油气田,,,undisclosed,,,无本资产数值；不可按零处理,,在产,无本资产指标，未用目录参考数值填充实产,2026-09-09,高,近似中心点,False,33.94,32.62,Karish Oil and Gas Field (Israel),https://prime.energy.gov.il/en/prime.html,气田。,[]
以色列,Tanin,单一油气田,,,undisclosed,,,无本资产数值；不可按零处理,,待核实,无本资产指标，未用目录参考数值填充实产,状态待核；各来源观察期不同，详见状态冲突表,低,近似中心点,False,34.1,32.73,Tanin Oil and Gas Field (Israel),https://prime.energy.gov.il/en/prime.html,气田。,[]
土耳其,Raman,单一油气田,,,undisclosed,,,无本资产数值；不可按零处理,,在产,无本资产指标，未用目录参考数值填充实产,2025—2026年最后可核实公开时点,中,近似中心点,False,41.16,37.86,Raman Oil Field (Türkiye),https://www.tpao.gov.tr/,,[]
土耳其,Batı Raman,单一油气田,,,undisclosed,,,无本资产数值；不可按零处理,,在产,无本资产指标，未用目录参考数值填充实产,2025—2026年最后可核实公开时点,中,近似中心点,False,41.05,37.88,Bati-Raman Oil Field (Türkiye),https://www.tpao.gov.tr/,,[]
土耳其,Garzan,单一油气田,,,undisclosed,,,无本资产数值；不可按零处理,,在产,无本资产指标，未用目录参考数值填充实产,2025—2026年最后可核实公开时点,中,近似中心点,False,41.45,37.75,,https://www.tpao.gov.tr/,,[]
土耳其,Şelmo,单一油气田,,,undisclosed,,,无本资产数值；不可按零处理,,在产,无本资产指标，未用目录参考数值填充实产,2025—2026年最后可核实公开时点,中,近似中心点,False,41.69,37.77,,https://www.tpao.gov.tr/,,[]
土耳其,Gabar,油田群／综合体,,约76.6,estimated_daily_average,千桶/日,2026年上半年估算日均（181天）,官方2026-08披露所支持的H1估算，非精确单田直报或当前流量,2026-09-30,在产,本次修订的来源与口径已核对,2025—2026年最后可核实公开时点,中,近似中心点,False,42.45,37.4,,https://enerji.gov.tr/haber-detay?id=31903,"全国H1油产23.1百万桶×Gabar约60%÷181天÷1,000=76.6千桶/日。来源为2026-08-16官方公告，总量与百分比均有舍入；将百分比解释为全国总量占比，不是权益产量。仅估算期间均值，不能证明当期每日或当前流量。",[]
埃及,Belayim,油田群／综合体,,105,actual_output,千桶/日,2013年,保留原观察期；未证实为2026-09-30最新实产，目标／产能不代表已达产,2026-09-30,在产,原来源历史数值及口径核对；没有确认更新的同范围实产,2026年资产状态,高,组成资产近似中心（2/2个有坐标）,True,33.2318,28.62685,,https://report.eni.com/factbook-2013/en/business-segments/exploration-production/activity-areas/north-africa.html,Eni 2013报告Belayim区域合计105千桶/日（净额56），非Belayim Marine单田。Marine、Land分列组成资产且不分摊父级历史量。,[]
埃及,Shukheir Offshore (Shukheir Bay),单一油气田,,,undisclosed,,,无本资产数值；不可按零处理,,在产,无本资产指标，未用目录参考数值填充实产,FY2025/26／复核2026-09-28,中,埃及官方特许权地图估读（Shukheir代表点）,True,33.31,28.12,,https://eug.petroleum.gov.eg/dp/jsp/assets/docs/EGPC/2023%20EGPC%20Brownfields%20Overview.pdf,EGPC图示资产面积5平方公里；面积不是储量或产量。,[]
埃及,Shukheir Offshore (Gamma),单一油气田,,,undisclosed,,,无本资产数值；不可按零处理,,在产,无本资产指标，未用目录参考数值填充实产,FY2025/26／复核2026-09-28,中,埃及官方特许权地图估读（Shukheir特许区代表点）,True,33.31,28.12,,https://eug.petroleum.gov.eg/dp/jsp/assets/docs/EGPC/2023%20EGPC%20Brownfields%20Overview.pdf,EGPC图示资产面积23.7平方公里；面积不是储量或产量。,[]
埃及,Gazwarina,单一油气田,,,undisclosed,,,无本资产数值；不可按零处理,,在产,无本资产指标，未用目录参考数值填充实产,FY2025/26／复核2026-09-28,中,埃及官方特许权地图估读（近似）,True,33.64,27.63,,https://eug.petroleum.gov.eg/dp/jsp/assets/docs/EGPC/2023%20EGPC%20Brownfields%20Overview.pdf,EGPC图示资产面积2.5平方公里；面积不是储量或产量。,[]
埃及,Ras El Ush,单一油气田,,,undisclosed,,,无本资产数值；不可按零处理,,在产,无本资产指标，未用目录参考数值填充实产,FY2025/26／复核2026-09-28,中,公开地学论文所列Ras El Ush井区坐标（近似）,True,33.516667,27.866667,,https://eug.petroleum.gov.eg/dp/jsp/assets/docs/EGPC/2023%20EGPC%20Brownfields%20Overview.pdf,EGPC图示资产面积9平方公里；面积不是储量或产量。,[]
埃及,Zeit Bay,单一油气田,,,undisclosed,,,无本资产数值；不可按零处理,,在产,无本资产指标，未用目录参考数值填充实产,FY2025/26,高,公开资产数据库精确点位（WGS84）,False,33.2409,27.7182,Zeit Bay Oil and Gas Field (Egypt),https://eug.petroleum.gov.eg/dp/jsp/assets/docs/EGPC/2023%20EGPC%20Brownfields%20Overview.pdf,EGPC图示资产面积38平方公里；面积不是储量或产量。,[]
埃及,Ras Budran,单一油气田,,,undisclosed,,,无本资产数值；不可按零处理,,在产,无本资产指标，未用目录参考数值填充实产,FY2025/26,高,公开资产数据库精确点位（WGS84）,False,33.2409,28.934,Ras Budran Oil and Gas Field (Egypt),https://eug.petroleum.gov.eg/dp/jsp/assets/docs/EGPC/2023%20EGPC%20Brownfields%20Overview.pdf,EGPC图示资产面积15平方公里；面积不是储量或产量。,[]
埃及,East Zeit (E. Zeit),单一油气田,,,undisclosed,,,无本资产数值；不可按零处理,,在产,无本资产指标，未用目录参考数值填充实产,FY2025/26／复核2026-09-28,中,埃及官方特许权地图估读（近似）,True,33.62,27.84,,https://eug.petroleum.gov.eg/dp/jsp/assets/docs/EGPC/2023%20EGPC%20Brownfields%20Overview.pdf,EGPC图示资产面积27平方公里；面积不是储量或产量。,[]
埃及,Ashrafi,单一油气田,,,undisclosed,,,无本资产数值；不可按零处理,,在产,无本资产指标，未用目录参考数值填充实产,FY2025/26／复核2026-09-28,中,埃及官方特许权地图估读（近似）,True,33.59,27.78,,https://eug.petroleum.gov.eg/dp/jsp/assets/docs/EGPC/2023%20EGPC%20Brownfields%20Overview.pdf,EGPC图示资产面积35平方公里；面积不是储量或产量。,[]
埃及,Wadi El Sahl Development Area,开发区,,,undisclosed,,,无本资产数值；不可按零处理,,开发／建设中,无本资产指标，未用目录参考数值填充实产,2025-11-25,高,开发区同名地理要素近似点（WGS84；非边界中心）,False,33.77484,27.17584,,https://eug.petroleum.gov.eg/dp/jsp/assets/docs/EGPC/2023%20EGPC%20Brownfields%20Overview.pdf,原资料称Development Area并列面积31平方公里，目录按开发区记录，不将其强行当作单一油田；EGPC包件的剩余储量／增产潜力不拆给单个资产。,[]
卡塔尔,Qatargas 2,单一油气田,,,undisclosed,,,无本资产数值；不可按零处理,,在产,无本资产指标，未用目录参考数值填充实产,2026-03版名录（不是逐田实测日期）,中,GEM exact（2026-03版；未独立测绘）,False,51.9223,26.3028,Qatargas 2 Gas Field (Qatar),https://www.gem.wiki/Qatargas_2_Gas_Field_(Qatar),按公开名录补入。原始产量字段未逐条核清口径，因此不移植为日产量；状态仅截至该版名录，不能证明2026-09-30仍在产。,[]
卡塔尔,Dolphin,单一油气田,,,undisclosed,,,无本资产数值；不可按零处理,,在产,无本资产指标，未用目录参考数值填充实产,2026-03版名录（不是逐田实测日期）,中,GEM exact（2026-03版；未独立测绘）,False,52.0041,26.1938,Dolphin Oil and Gas Field (Qatar),https://www.gem.wiki/Dolphin_Oil_and_Gas_Field_(Qatar),按公开名录补入。原始产量字段未逐条核清口径，因此不移植为日产量；状态仅截至该版名录，不能证明2026-09-30仍在产。,[]
埃及,Morgan,单一油气田,,,undisclosed,,,无本资产数值；不可按零处理,,在产,无本资产指标，未用目录参考数值填充实产,2026-03版名录（不是逐田实测日期）,中,GEM exact（2026-03版；未独立测绘）,False,33.447,28.214,Morgan Oil and Gas Field (Egypt),https://www.gem.wiki/Morgan_Oil_and_Gas_Field_(Egypt),按公开名录补入。原始产量字段未逐条核清口径，因此不移植为日产量；状态仅截至该版名录，不能证明2026-09-30仍在产。,[]
伊朗,Kangan,单一油气田,,,undisclosed,,,无本资产数值；不可按零处理,,在产,无本资产指标，未用目录参考数值填充实产,2026-03版名录（不是逐田实测日期）,中,GEM exact（2026-03版；未独立测绘）,False,52.0119,27.9656,Kangan Gas Field (Iran),https://www.gem.wiki/Kangan_Gas_Field_(Iran),按公开名录补入。原始产量字段未逐条核清口径，因此不移植为日产量；状态仅截至该版名录，不能证明2026-09-30仍在产。,[]
卡塔尔,Al-Khaleej Gas Project 2 Gas Phase,开发项目,,,undisclosed,,,无本资产数值；不可按零处理,,在产,无本资产指标，未用目录参考数值填充实产,2026-03版名录（不是逐田实测日期）,中,GEM approximate（2026-03版；未独立测绘）,False,51.8521,26.5712,Al-Khaleej Gas Project 2 Gas Phase (Qatar),https://www.gem.wiki/Al-Khaleej_Gas_Project_2_Gas_Phase_(Qatar),按公开名录补入。原始产量字段未逐条核清口径，因此不移植为日产量；状态仅截至该版名录，不能证明2026-09-30仍在产。,[]
卡塔尔,Qatargas 4,单一油气田,,,undisclosed,,,无本资产数值；不可按零处理,,在产,无本资产指标，未用目录参考数值填充实产,2026-03版名录（不是逐田实测日期）,中,GEM approximate（2026-03版；未独立测绘）,False,51.8521,26.5712,Qatargas 4 Gas Field (Qatar),https://www.gem.wiki/Qatargas_4_Gas_Field_(Qatar),按公开名录补入。原始产量字段未逐条核清口径，因此不移植为日产量；状态仅截至该版名录，不能证明2026-09-30仍在产。,[]
卡塔尔,Qatargas 3,单一油气田,,,undisclosed,,,无本资产数值；不可按零处理,,在产,无本资产指标，未用目录参考数值填充实产,2026-03版名录（不是逐田实测日期）,中,GEM approximate（2026-03版；未独立测绘）,False,51.8521,26.5712,Qatargas 3 Gas Field (Qatar),https://www.gem.wiki/Qatargas_3_Gas_Field_(Qatar),按公开名录补入。原始产量字段未逐条核清口径，因此不移植为日产量；状态仅截至该版名录，不能证明2026-09-30仍在产。,[]
伊朗,Tabnak,单一油气田,,,undisclosed,,,无本资产数值；不可按零处理,,在产,无本资产指标，未用目录参考数值填充实产,2026-03版名录（不是逐田实测日期）,中,GEM exact（2026-03版；未独立测绘）,False,53.0917,27.3044,Tabnak Oil and Gas Field (Iran),https://www.gem.wiki/Tabnak_Oil_and_Gas_Field_(Iran),按公开名录补入。原始产量字段未逐条核清口径，因此不移植为日产量；状态仅截至该版名录，不能证明2026-09-30仍在产。,[]
埃及,Zohr,单一油气田,,,undisclosed,,,无本资产数值；不可按零处理,,在产,无本资产指标，未用目录参考数值填充实产,2026-03版名录（不是逐田实测日期）,中,GEM exact（2026-03版；未独立测绘）,False,32.864,32.364,Zohr Gas Field (Egypt),https://www.gem.wiki/Zohr_Gas_Field_(Egypt),按公开名录补入。原始产量字段未逐条核清口径，因此不移植为日产量；状态仅截至该版名录，不能证明2026-09-30仍在产。,[]
埃及,Nooros,单一油气田,,,undisclosed,,,无本资产数值；不可按零处理,,在产,无本资产指标，未用目录参考数值填充实产,2026-03版名录（不是逐田实测日期）,中,GEM exact（2026-03版；未独立测绘）,False,30.985,31.709,Nooros Gas Field (Egypt),https://www.gem.wiki/Nooros_Gas_Field_(Egypt),按公开名录补入。原始产量字段未逐条核清口径，因此不移植为日产量；状态仅截至该版名录，不能证明2026-09-30仍在产。,[]
埃及,Rosetta,单一油气田,,,undisclosed,,,无本资产数值；不可按零处理,,暂停生产,无本资产指标，未用目录参考数值填充实产,2026-03版名录（不是逐田实测日期）,中,GEM approximate（2026-03版；未独立测绘）,False,30.5914,32.2485,Rosetta Oil and Gas Field (Egypt),https://www.gem.wiki/Rosetta_Oil_and_Gas_Field_(Egypt),按公开名录补入。原始产量字段未逐条核清口径，因此不移植为日产量；状态仅截至该版名录，不能证明2026-09-30仍在产。,[]
卡塔尔,RasGas Alpha,单一油气田,,,undisclosed,,,无本资产数值；不可按零处理,,在产,无本资产指标，未用目录参考数值填充实产,2026-03版名录（不是逐田实测日期）,中,GEM approximate（2026-03版；未独立测绘）,False,51.8521,26.5712,RasGas Alpha Oil and Gas Field (Qatar),https://www.gem.wiki/RasGas_Alpha_Oil_and_Gas_Field_(Qatar),按公开名录补入。原始产量字段未逐条核清口径，因此不移植为日产量；状态仅截至该版名录，不能证明2026-09-30仍在产。,[]
伊朗,Aghar,单一油气田,,,undisclosed,,,无本资产数值；不可按零处理,,在产,无本资产指标，未用目录参考数值填充实产,2026-03版名录（不是逐田实测日期）,中,GEM exact（2026-03版；未独立测绘）,False,52.7953,28.5949,Aghar Gas Field (Iran),https://www.gem.wiki/Aghar_Gas_Field_(Iran),按公开名录补入。原始产量字段未逐条核清口径，因此不移植为日产量；状态仅截至该版名录，不能证明2026-09-30仍在产。,[]
巴林,Khuff,单一油气田,,,undisclosed,,,无本资产数值；不可按零处理,,在产,无本资产指标，未用目录参考数值填充实产,2026-03版名录（不是逐田实测日期）,中,GEM exact（2026-03版；未独立测绘）,False,50.539,26.038,Khuff Gas Field (Bahrain),https://www.gem.wiki/Khuff_Gas_Field_(Bahrain),按公开名录补入。原始产量字段未逐条核清口径，因此不移植为日产量；状态仅截至该版名录，不能证明2026-09-30仍在产。,[]
埃及,Ramadan,单一油气田,,,undisclosed,,,无本资产数值；不可按零处理,,在产,无本资产指标，未用目录参考数值填充实产,2026-03版名录（不是逐田实测日期）,中,GEM exact（2026-03版；未独立测绘）,False,33.167,28.588,Ramadan Oil and Gas Field (Egypt),https://www.gem.wiki/Ramadan_Oil_and_Gas_Field_(Egypt),按公开名录补入。原始产量字段未逐条核清口径，因此不移植为日产量；状态仅截至该版名录，不能证明2026-09-30仍在产。,[]
埃及,Taurus and Libra,单一油气田,,,undisclosed,,,无本资产数值；不可按零处理,,在产,无本资产指标，未用目录参考数值填充实产,2026-03版名录（不是逐田实测日期）,中,国家级定位，禁止将国家中心作为油田坐标,False,,,Taurus and Libra Oil and Gas Field (Egypt),https://www.gem.wiki/Taurus_and_Libra_Oil_and_Gas_Field_(Egypt),按公开名录补入。原始产量字段未逐条核清口径，因此不移植为日产量；状态仅截至该版名录，不能证明2026-09-30仍在产。,[]
埃及,Qasr,单一油气田,,,undisclosed,,,无本资产数值；不可按零处理,,在产,无本资产指标，未用目录参考数值填充实产,2026-03版名录（不是逐田实测日期）,中,GEM exact（2026-03版；未独立测绘）,False,26.6,30.5667,Qasr Oil and Gas Field (Egypt),https://www.gem.wiki/Qasr_Oil_and_Gas_Field_(Egypt),按公开名录补入。原始产量字段未逐条核清口径，因此不移植为日产量；状态仅截至该版名录，不能证明2026-09-30仍在产。,[]
伊朗,Kish,单一油气田,,,undisclosed,,,无本资产数值；不可按零处理,,在产,无本资产指标，未用目录参考数值填充实产,2026-03版名录（不是逐田实测日期）,中,GEM exact（2026-03版；未独立测绘）,False,53.9434,26.5293,Kish Oil and Gas Field (Iran),https://www.gem.wiki/Kish_Oil_and_Gas_Field_(Iran),按公开名录补入。原始产量字段未逐条核清口径，因此不移植为日产量；状态仅截至该版名录，不能证明2026-09-30仍在产。,[]
阿曼,Safah/Wadi Latham,单一油气田,,,undisclosed,,,无本资产数值；不可按零处理,,在产,无本资产指标，未用目录参考数值填充实产,2026-03版名录（不是逐田实测日期）,中,GEM approximate（2026-03版；未独立测绘）,False,55.4485,23.1614,Safah/Wadi Latham Oil and Gas Field (Oman),https://www.gem.wiki/Safah/Wadi_Latham_Oil_and_Gas_Field_(Oman),按公开名录补入。原始产量字段未逐条核清口径，因此不移植为日产量；状态仅截至该版名录，不能证明2026-09-30仍在产。,[]
伊拉克,Khor Mor,单一油气田,,>700,actual_output,百万标准立方英尺/日（MMscf/d）,2026年1月产量水平（非全年均值）,最新查到的逐田气量点值；不是当前日流量,2026-09-30,在产,本次修订的来源与口径已核对,2026-08-07公告,高,GEM approximate（2026-03版；未独立测绘）,False,44.851,35.75,Khor Mor Oil and Gas Field (Iraq),https://www.danagas.com/media/press-releases/,Dana Gas 2026-01-19公告称Khor Mor天然气产量超过700 MMscf/d；750 MMscf/d为扩建后的处理能力，单列在附加观测中，不能混为实产。8月公告仍报告运营，但未给同日全田气量。,"[{""metric_type"": ""capacity"", ""value"": ""750"", ""unit"": ""百万标准立方英尺/日（MMscf/d）"", ""data_date"": ""2025-10扩建完成；2026-08-04公告再次确认"", ""source_url"": ""https://www.danagas.com/media/press-releases/"", ""scope"": ""Khor Mor气处理设施产能；非油田实际产量""}]"
伊朗,Khangiran,单一油气田,,,undisclosed,,,无本资产数值；不可按零处理,,在产,无本资产指标，未用目录参考数值填充实产,2026-03版名录（不是逐田实测日期）,中,GEM exact（2026-03版；未独立测绘）,False,60.7667,36.5667,Khangiran Gas Field (Iran),https://www.gem.wiki/Khangiran_Gas_Field_(Iran),按公开名录补入。原始产量字段未逐条核清口径，因此不移植为日产量；状态仅截至该版名录，不能证明2026-09-30仍在产。,[]
埃及,Raven,单一油气田,,,undisclosed,,,无本资产数值；不可按零处理,,在产,无本资产指标，未用目录参考数值填充实产,2026-03版名录（不是逐田实测日期）,中,GEM exact（2026-03版；未独立测绘）,False,29.951,31.743,Raven Oil and Gas Field (Egypt),https://www.gem.wiki/Raven_Oil_and_Gas_Field_(Egypt),按公开名录补入。原始产量字段未逐条核清口径，因此不移植为日产量；状态仅截至该版名录，不能证明2026-09-30仍在产。,[]
阿曼,Ghazeer (Khazzan Phase 2),开发项目,,,undisclosed,,,无本资产数值；不可按零处理,,在产,无本资产指标，未用目录参考数值填充实产,2026-03版名录（不是逐田实测日期）,中,GEM approximate（2026-03版；未独立测绘）,False,56.4643,21.705,Ghazeer (Khazzan Phase 2) Oil and Gas Field (Oman),https://www.gem.wiki/Ghazeer_(Khazzan_Phase_2)_Oil_and_Gas_Field_(Oman),按公开名录补入。原始产量字段未逐条核清口径，因此不移植为日产量；状态仅截至该版名录，不能证明2026-09-30仍在产。,[]
阿曼,Mabrouk Northeast,单一油气田,,,undisclosed,,,无本资产数值；不可按零处理,,在产,无本资产指标，未用目录参考数值填充实产,2026-03版名录（不是逐田实测日期）,中,GEM approximate（2026-03版；未独立测绘）,False,56.0697,20.3293,Mabrouk Northeast Oil and Gas Field (Oman),https://www.gem.wiki/Mabrouk_Northeast_Oil_and_Gas_Field_(Oman),按公开名录补入。原始产量字段未逐条核清口径，因此不移植为日产量；状态仅截至该版名录，不能证明2026-09-30仍在产。,[]
阿曼,Bahja (North and South),单一油气田,,,undisclosed,,,无本资产数值；不可按零处理,,在产,无本资产指标，未用目录参考数值填充实产,2026-03版名录（不是逐田实测日期）,中,GEM exact（2026-03版；未独立测绘）,False,56.1126,19.9236,Bahja (North and South) Oil and Gas Field (Oman),https://www.gem.wiki/Bahja_(North_and_South)_Oil_and_Gas_Field_(Oman),按公开名录补入。原始产量字段未逐条核清口径，因此不移植为日产量；状态仅截至该版名录，不能证明2026-09-30仍在产。,[]
埃及,October,单一油气田,,,undisclosed,,,无本资产数值；不可按零处理,,在产,无本资产指标，未用目录参考数值填充实产,2026-03版名录（不是逐田实测日期）,中,GEM exact（2026-03版；未独立测绘）,False,33.06,28.816,October Oil and Gas Field (Egypt),https://www.gem.wiki/October_Oil_and_Gas_Field_(Egypt),按公开名录补入。原始产量字段未逐条核清口径，因此不移植为日产量；状态仅截至该版名录，不能证明2026-09-30仍在产。,[]
伊朗,Homa,单一油气田,,,undisclosed,,,无本资产数值；不可按零处理,,在产,无本资产指标，未用目录参考数值填充实产,2026-03版名录（不是逐田实测日期）,中,GEM exact（2026-03版；未独立测绘）,False,52.8006,27.8533,Homa Gas Field (Iran),https://www.gem.wiki/Homa_Gas_Field_(Iran),按公开名录补入。原始产量字段未逐条核清口径，因此不移植为日产量；状态仅截至该版名录，不能证明2026-09-30仍在产。,[]
伊朗,Ramshir,单一油气田,,,undisclosed,,,无本资产数值；不可按零处理,,在产,无本资产指标，未用目录参考数值填充实产,2026-03版名录（不是逐田实测日期）,中,GEM exact（2026-03版；未独立测绘）,False,49.5373,30.6993,Ramshir Oil Field (Iran),https://www.gem.wiki/Ramshir_Oil_Field_(Iran),按公开名录补入。原始产量字段未逐条核清口径，因此不移植为日产量；状态仅截至该版名录，不能证明2026-09-30仍在产。,[]
伊朗,Shadegan,单一油气田,,,undisclosed,,,无本资产数值；不可按零处理,,在产,无本资产指标，未用目录参考数值填充实产,2026-03版名录（不是逐田实测日期）,中,GEM exact（2026-03版；未独立测绘）,False,49.2515,30.9062,Shadegan Oil Field (Iran),https://www.gem.wiki/Shadegan_Oil_Field_(Iran),按公开名录补入。原始产量字段未逐条核清口径，因此不移植为日产量；状态仅截至该版名录，不能证明2026-09-30仍在产。,[]
卡塔尔,Al-Khaleej Gas Project 1 Gas Phase,开发项目,,,undisclosed,,,无本资产数值；不可按零处理,,在产,无本资产指标，未用目录参考数值填充实产,2026-03版名录（不是逐田实测日期）,中,GEM approximate（2026-03版；未独立测绘）,False,51.8521,26.5712,Al-Khaleej Gas Project 1 Gas Phase (Qatar),https://www.gem.wiki/Al-Khaleej_Gas_Project_1_Gas_Phase_(Qatar),按公开名录补入。原始产量字段未逐条核清口径，因此不移植为日产量；状态仅截至该版名录，不能证明2026-09-30仍在产。,[]
卡塔尔,Idd El Shargi North Dome (ISND),单一油气田,Idd El-Sharqi,,undisclosed,,,无本资产数值；不可按零处理,,在产,无本资产指标，未用目录参考数值填充实产,2026-03版名录（不是逐田实测日期）,中,GEM exact（2026-03版；未独立测绘）,False,52.3739,25.4679,Idd El Shargi North Dome (ISND) Oil and Gas Field (Qatar),https://www.gem.wiki/Idd_El_Shargi_North_Dome_(ISND)_Oil_and_Gas_Field_(Qatar),按公开名录补入。原始产量字段未逐条核清口径，因此不移植为日产量；状态仅截至该版名录，不能证明2026-09-30仍在产。,[]
伊朗,Varavi,单一油气田,,,undisclosed,,,无本资产数值；不可按零处理,,在产,无本资产指标，未用目录参考数值填充实产,2026-03版名录（不是逐田实测日期）,中,GEM exact（2026-03版；未独立测绘）,False,53.0494,27.5111,Varavi Gas Field (Iran),https://www.gem.wiki/Varavi_Gas_Field_(Iran),按公开名录补入。原始产量字段未逐条核清口径，因此不移植为日产量；状态仅截至该版名录，不能证明2026-09-30仍在产。,[]
埃及,Baltim South West,单一油气田,,,undisclosed,,,无本资产数值；不可按零处理,,在产,无本资产指标，未用目录参考数值填充实产,2026-03版名录（不是逐田实测日期）,中,GEM exact（2026-03版；未独立测绘）,False,31.05,32.102,Baltim South West Oil and Gas Field (Egypt),https://www.gem.wiki/Baltim_South_West_Oil_and_Gas_Field_(Egypt),按公开名录补入。原始产量字段未逐条核清口径，因此不移植为日产量；状态仅截至该版名录，不能证明2026-09-30仍在产。,[]
埃及,Abu El Gharadig,单一油气田,,,undisclosed,,,无本资产数值；不可按零处理,,在产,无本资产指标，未用目录参考数值填充实产,2026-03版名录（不是逐田实测日期）,中,GEM exact（2026-03版；未独立测绘）,False,28.5337,29.6723,Abu El Gharadig Oil and Gas Field (Egypt),https://www.gem.wiki/Abu_El_Gharadig_Oil_and_Gas_Field_(Egypt),按公开名录补入。原始产量字段未逐条核清口径，因此不移植为日产量；状态仅截至该版名录，不能证明2026-09-30仍在产。,[]
伊拉克,Safwan,单一油气田,,,undisclosed,,,无本资产数值；不可按零处理,,在产,无本资产指标，未用目录参考数值填充实产,2026-03版名录（不是逐田实测日期）,中,GEM approximate（2026-03版；未独立测绘）,False,47.7264,30.124,Safwan Oil Field (Iraq),https://www.gem.wiki/Safwan_Oil_Field_(Iraq),按公开名录补入。原始产量字段未逐条核清口径，因此不移植为日产量；状态仅截至该版名录，不能证明2026-09-30仍在产。,[]
埃及,Atoll,单一油气田,,,undisclosed,,,无本资产数值；不可按零处理,,在产,无本资产指标，未用目录参考数值填充实产,2026-03版名录（不是逐田实测日期）,中,GEM exact（2026-03版；未独立测绘）,False,31.8863,32.2257,Atoll Oil and Gas Field (Egypt);Atoll Phase 2 Oil and Gas Field (Egypt),https://www.gem.wiki/Atoll_Oil_and_Gas_Field_(Egypt),按公开名录补入。原始产量字段未逐条核清口径，因此不移植为日产量；状态仅截至该版名录，不能证明2026-09-30仍在产。,[]
阿曼,Kauther/Fakhr,单一油气田,,,undisclosed,,,无本资产数值；不可按零处理,,在产,无本资产指标，未用目录参考数值填充实产,2026-03版名录（不是逐田实测日期）,中,GEM approximate（2026-03版；未独立测绘）,False,57.3599,21.986,Kauther/Fakhr Oil and Gas Field (Oman),https://www.gem.wiki/Kauther/Fakhr_Oil_and_Gas_Field_(Oman),按公开名录补入。原始产量字段未逐条核清口径，因此不移植为日产量；状态仅截至该版名录，不能证明2026-09-30仍在产。,[]
伊朗,Abteymour,单一油气田,,,undisclosed,,,无本资产数值；不可按零处理,,在产,无本资产指标，未用目录参考数值填充实产,2026-03版名录（不是逐田实测日期）,中,GEM exact（2026-03版；未独立测绘）,False,48.5263,31.1738,Abteymour Oil Field (Iran),https://www.gem.wiki/Abteymour_Oil_Field_(Iran),按公开名录补入。原始产量字段未逐条核清口径，因此不移植为日产量；状态仅截至该版名录，不能证明2026-09-30仍在产。,[]
沙特阿拉伯,South Ghawar,单一油气田,,,undisclosed,,,无本资产数值；不可按零处理,,在产,无本资产指标，未用目录参考数值填充实产,2026-03版名录（不是逐田实测日期）,中,GEM approximate（2026-03版；未独立测绘）,False,48.5299,23.1897,South Ghawar Gas Field (Saudi Arabia),https://www.gem.wiki/South_Ghawar_Gas_Field_(Saudi_Arabia),按公开名录补入。原始产量字段未逐条核清口径，因此不移植为日产量；状态仅截至该版名录，不能证明2026-09-30仍在产。,[]
伊朗,Balal,单一油气田,,,undisclosed,,,无本资产数值；不可按零处理,,在产,无本资产指标，未用目录参考数值填充实产,2026-03版名录（不是逐田实测日期）,中,GEM exact（2026-03版；未独立测绘）,False,52.5359,26.3028,Balal Oil and Gas Field (Iran),https://www.gem.wiki/Balal_Oil_and_Gas_Field_(Iran),按公开名录补入。原始产量字段未逐条核清口径，因此不移植为日产量；状态仅截至该版名录，不能证明2026-09-30仍在产。,[]
伊朗,Lab-E-Safid,单一油气田,,,undisclosed,,,无本资产数值；不可按零处理,,在产,无本资产指标，未用目录参考数值填充实产,2026-03版名录（不是逐田实测日期）,中,GEM exact（2026-03版；未独立测绘）,False,48.7195,32.6787,Lab-E-Safid Oil Field (Iran),https://www.gem.wiki/Lab-E-Safid_Oil_Field_(Iran),按公开名录补入。原始产量字段未逐条核清口径，因此不移植为日产量；状态仅截至该版名录，不能证明2026-09-30仍在产。,[]
埃及,Burullus,单一油气田,,,undisclosed,,,无本资产数值；不可按零处理,,在产,无本资产指标，未用目录参考数值填充实产,2026-03版名录（不是逐田实测日期）,中,GEM approximate（2026-03版；未独立测绘）,False,30.2598,31.4652,Burullus Gas Field (Egypt),https://www.gem.wiki/Burullus_Gas_Field_(Egypt),按公开名录补入。原始产量字段未逐条核清口径，因此不移植为日产量；状态仅截至该版名录，不能证明2026-09-30仍在产。,[]
埃及,Belayim Land,单一油气田,Belayim,,undisclosed,,,无本资产数值；不可按零处理,,在产,无本资产指标，未用目录参考数值填充实产,2026-03版名录（不是逐田实测日期）,中,GEM exact（2026-03版；未独立测绘）,False,33.256,28.634,Belayim Land Oil and Gas Field (Egypt),https://www.gem.wiki/Belayim_Land_Oil_and_Gas_Field_(Egypt),按公开名录补入。原始产量字段未逐条核清口径，因此不移植为日产量；状态仅截至该版名录，不能证明2026-09-30仍在产。,[]
科威特,Ratqa/Lower Fars,油田群／综合体,,,undisclosed,,,无本资产数值；不可按零处理,,在产,无本资产指标，未用目录参考数值填充实产,2026-03版名录（不是逐田实测日期）,中,GEM exact（2026-03版；未独立测绘）,False,47.4224,29.8895,Ratqa/Lower Fars Oil Field (Kuwait),https://www.gem.wiki/Ratqa/Lower_Fars_Oil_Field_(Kuwait),按公开名录补入。原始产量字段未逐条核清口径，因此不移植为日产量；状态仅截至该版名录，不能证明2026-09-30仍在产。,[]
土耳其,Sehit Esma Cevik,单一油气田,Gabar,,undisclosed,,,无本资产数值；不可按零处理,,在产,无本资产指标，未用目录参考数值填充实产,2026-03版名录（不是逐田实测日期）,中,GEM exact（2026-03版；未独立测绘）,False,42.129,37.4375,Sehit Esma Cevik Oil Field (Türkiye),https://www.gem.wiki/Sehit_Esma_Cevik_Oil_Field_(Türkiye),按公开名录补入。原始产量字段未逐条核清口径，因此不移植为日产量；状态仅截至该版名录，不能证明2026-09-30仍在产。,[]
伊朗,Tang-E-Bijar,单一油气田,,,undisclosed,,,无本资产数值；不可按零处理,,在产,无本资产指标，未用目录参考数值填充实产,2026-03版名录（不是逐田实测日期）,中,GEM exact（2026-03版；未独立测绘）,False,45.9723,33.6402,Tang-E-Bijar Gas Field (Iran),https://www.gem.wiki/Tang-E-Bijar_Gas_Field_(Iran),按公开名录补入。原始产量字段未逐条核清口径，因此不移植为日产量；状态仅截至该版名录，不能证明2026-09-30仍在产。,[]
沙特阿拉伯,North Arabia,单一油气田,,,undisclosed,,,无本资产数值；不可按零处理,,在产,无本资产指标，未用目录参考数值填充实产,2026-03版名录（不是逐田实测日期）,中,GEM approximate（2026-03版；未独立测绘）,False,41.095,30.7872,North Arabia Gas Field (Saudi Arabia),https://www.gem.wiki/North_Arabia_Gas_Field_(Saudi_Arabia),按公开名录补入。原始产量字段未逐条核清口径，因此不移植为日产量；状态仅截至该版名录，不能证明2026-09-30仍在产。,[]
伊朗,Sirri C,单一油气田,,,undisclosed,,,无本资产数值；不可按零处理,,在产,无本资产指标，未用目录参考数值填充实产,2026-03版名录（不是逐田实测日期）,中,GEM exact（2026-03版；未独立测绘）,False,54.2086,25.7463,Sirri C Oil Field (Iran),https://www.gem.wiki/Sirri_C_Oil_Field_(Iran),按公开名录补入。原始产量字段未逐条核清口径，因此不移植为日产量；状态仅截至该版名录，不能证明2026-09-30仍在产。,[]
伊朗,Qaleh Nar,单一油气田,,,undisclosed,,,无本资产数值；不可按零处理,,在产,无本资产指标，未用目录参考数值填充实产,2026-03版名录（不是逐田实测日期）,中,GEM exact（2026-03版；未独立测绘）,False,48.3675,32.7076,Qaleh Nar Oil and Gas Field (Iran),https://www.gem.wiki/Qaleh_Nar_Oil_and_Gas_Field_(Iran),按公开名录补入。原始产量字段未逐条核清口径，因此不移植为日产量；状态仅截至该版名录，不能证明2026-09-30仍在产。,[]
阿曼,Farha South,单一油气田,,,undisclosed,,,无本资产数值；不可按零处理,,在产,无本资产指标，未用目录参考数值填充实产,2026-03版名录（不是逐田实测日期）,中,GEM approximate（2026-03版；未独立测绘）,False,58.0304,21.5511,Farha South Oil Field (Oman),https://www.gem.wiki/Farha_South_Oil_Field_(Oman),按公开名录补入。原始产量字段未逐条核清口径，因此不移植为日产量；状态仅截至该版名录，不能证明2026-09-30仍在产。,[]
埃及,Al Karam,单一油气田,,,undisclosed,,,无本资产数值；不可按零处理,,在产,无本资产指标，未用目录参考数值填充实产,2026-03版名录（不是逐田实测日期）,中,GEM exact（2026-03版；未独立测绘）,False,28.1791,29.7724,Al Karam Oil and Gas Field (Egypt),https://www.gem.wiki/Al_Karam_Oil_and_Gas_Field_(Egypt),按公开名录补入。原始产量字段未逐条核清口径，因此不移植为日产量；状态仅截至该版名录，不能证明2026-09-30仍在产。,[]
埃及,Karama,单一油气田,,,undisclosed,,,无本资产数值；不可按零处理,,在产,无本资产指标，未用目录参考数值填充实产,2026-03版名录（不是逐田实测日期）,中,GEM exact（2026-03版；未独立测绘）,False,29.4821,29.5365,Karama Oil Field (Egypt),https://www.gem.wiki/Karama_Oil_Field_(Egypt),按公开名录补入。原始产量字段未逐条核清口径，因此不移植为日产量；状态仅截至该版名录，不能证明2026-09-30仍在产。,[]
叙利亚,Khurbet East,单一油气田,,,undisclosed,,,无本资产数值；不可按零处理,,在产,无本资产指标，未用目录参考数值填充实产,2026-03版名录（不是逐田实测日期）,中,GEM exact（2026-03版；未独立测绘）,False,41.8825,36.9204,Khurbet East Oil Field (Syria),https://www.gem.wiki/Khurbet_East_Oil_Field_(Syria),按公开名录补入。原始产量字段未逐条核清口径，因此不移植为日产量；状态仅截至该版名录，不能证明2026-09-30仍在产。,[]
埃及,Abu Qir,单一油气田,,,undisclosed,,,无本资产数值；不可按零处理,,在产,无本资产指标，未用目录参考数值填充实产,2026-03版名录（不是逐田实测日期）,中,国家级定位，禁止将国家中心作为油田坐标,False,,,Abu Qir Gas Field (Egypt),https://www.gem.wiki/Abu_Qir_Gas_Field_(Egypt),按公开名录补入。原始产量字段未逐条核清口径，因此不移植为日产量；状态仅截至该版名录，不能证明2026-09-30仍在产。,[]
伊朗,Reshadat,单一油气田,,,undisclosed,,,无本资产数值；不可按零处理,,在产,无本资产指标，未用目录参考数值填充实产,2026-03版名录（不是逐田实测日期）,中,GEM exact（2026-03版；未独立测绘）,False,53.0,26.0,Reshadat Oil Field (Iran),https://www.gem.wiki/Reshadat_Oil_Field_(Iran),按公开名录补入。原始产量字段未逐条核清口径，因此不移植为日产量；状态仅截至该版名录，不能证明2026-09-30仍在产。,[]
埃及,Bashrush,单一油气田,,,undisclosed,,,无本资产数值；不可按零处理,,在产,无本资产指标，未用目录参考数值填充实产,2026-03版名录（不是逐田实测日期）,中,GEM approximate（2026-03版；未独立测绘）,False,31.1505,31.7596,Bashrush Gas Field (Egypt),https://www.gem.wiki/Bashrush_Gas_Field_(Egypt),按公开名录补入。原始产量字段未逐条核清口径，因此不移植为日产量；状态仅截至该版名录，不能证明2026-09-30仍在产。,[]
伊朗,Zeloi,单一油气田,,,undisclosed,,,无本资产数值；不可按零处理,,在产,无本资产指标，未用目录参考数值填充实产,2026-03版名录（不是逐田实测日期）,中,GEM exact（2026-03版；未独立测绘）,False,49.0424,32.1379,Zeloi Oil and Gas Field (Iran),https://www.gem.wiki/Zeloi_Oil_and_Gas_Field_(Iran),按公开名录补入。原始产量字段未逐条核清口径，因此不移植为日产量；状态仅截至该版名录，不能证明2026-09-30仍在产。,[]
伊朗,Dey,单一油气田,,,undisclosed,,,无本资产数值；不可按零处理,,在产,无本资产指标，未用目录参考数值填充实产,2026-03版名录（不是逐田实测日期）,中,GEM approximate（2026-03版；未独立测绘）,False,52.5,28.29,Dey Gas Field (Iran),https://www.gem.wiki/Dey_Gas_Field_(Iran),按公开名录补入。原始产量字段未逐条核清口径，因此不移植为日产量；状态仅截至该版名录，不能证明2026-09-30仍在产。,[]
埃及,Obaiyed,单一油气田,,,undisclosed,,,无本资产数值；不可按零处理,,在产,无本资产指标，未用目录参考数值填充实产,2026-03版名录（不是逐田实测日期）,中,GEM exact（2026-03版；未独立测绘）,False,26.568,31.249,Obaiyed Oil and Gas Field (Egypt),https://www.gem.wiki/Obaiyed_Oil_and_Gas_Field_(Egypt),按公开名录补入。原始产量字段未逐条核清口径，因此不移植为日产量；状态仅截至该版名录，不能证明2026-09-30仍在产。,[]
沙特阿拉伯,Midyan,单一油气田,,,undisclosed,,,无本资产数值；不可按零处理,,在产,无本资产指标，未用目录参考数值填充实产,2026-03版名录（不是逐田实测日期）,中,GEM exact（2026-03版；未独立测绘）,False,34.8673,28.1693,Midyan Oil and Gas Field (Saudi Arabia),https://www.gem.wiki/Midyan_Oil_and_Gas_Field_(Saudi_Arabia),按公开名录补入。原始产量字段未逐条核清口径，因此不移植为日产量；状态仅截至该版名录，不能证明2026-09-30仍在产。,[]
阿联酋,Nosrat,单一油气田,,,undisclosed,,,无本资产数值；不可按零处理,,在产,无本资产指标，未用目录参考数值填充实产,2026-03版名录（不是逐田实测日期）,中,GEM approximate（2026-03版；未独立测绘）,False,54.4871,25.7087,"Nosrat Oil Field (United Arab Emirates, Iran)","https://www.gem.wiki/Nosrat_Oil_Field_(United_Arab_Emirates,_Iran)",按公开名录补入。原始产量字段未逐条核清口径，因此不移植为日产量；状态仅截至该版名录，不能证明2026-09-30仍在产。,[]
伊朗,Resalat,单一油气田,,,undisclosed,,,无本资产数值；不可按零处理,,在产,无本资产指标，未用目录参考数值填充实产,2026-03版名录（不是逐田实测日期）,中,GEM exact（2026-03版；未独立测绘）,False,53.1499,25.9844,Resalat Oil Field (Iran),https://www.gem.wiki/Resalat_Oil_Field_(Iran),按公开名录补入。原始产量字段未逐条核清口径，因此不移植为日产量；状态仅截至该版名录，不能证明2026-09-30仍在产。,[]
伊朗,Binak,单一油气田,,,undisclosed,,,无本资产数值；不可按零处理,,在产,无本资产指标，未用目录参考数值填充实产,2026-03版名录（不是逐田实测日期）,中,GEM exact（2026-03版；未独立测绘）,False,50.3789,29.7618,Binak Oil and Gas Field (Iran),https://www.gem.wiki/Binak_Oil_and_Gas_Field_(Iran),按公开名录补入。原始产量字段未逐条核清口径，因此不移植为日产量；状态仅截至该版名录，不能证明2026-09-30仍在产。,[]
伊朗,Sarvestan,单一油气田,,,undisclosed,,,无本资产数值；不可按零处理,,在产,无本资产指标，未用目录参考数值填充实产,2026-03版名录（不是逐田实测日期）,中,GEM exact（2026-03版；未独立测绘）,False,53.224,29.128,Sarvestan Oil and Gas Field (Iran),https://www.gem.wiki/Sarvestan_Oil_and_Gas_Field_(Iran),按公开名录补入。原始产量字段未逐条核清口径，因此不移植为日产量；状态仅截至该版名录，不能证明2026-09-30仍在产。,[]
伊朗,Gulkhari,单一油气田,,,undisclosed,,,无本资产数值；不可按零处理,,在产,无本资产指标，未用目录参考数值填充实产,2026-03版名录（不是逐田实测日期）,中,GEM exact（2026-03版；未独立测绘）,False,50.7468,29.6905,Gulkhari Oil Field (Iran),https://www.gem.wiki/Gulkhari_Oil_Field_(Iran),按公开名录补入。原始产量字段未逐条核清口径，因此不移植为日产量；状态仅截至该版名录，不能证明2026-09-30仍在产。,[]
伊朗,Saadat Abad,单一油气田,,,undisclosed,,,无本资产数值；不可按零处理,,在产,无本资产指标，未用目录参考数值填充实产,2026-03版名录（不是逐田实测日期）,中,GEM exact（2026-03版；未独立测绘）,False,53.1235,29.2666,Saadat Abad Oil Field (Iran),https://www.gem.wiki/Saadat_Abad_Oil_Field_(Iran),按公开名录补入。原始产量字段未逐条核清口径，因此不移植为日产量；状态仅截至该版名录，不能证明2026-09-30仍在产。,[]
埃及,Bed-3,单一油气田,,,undisclosed,,,无本资产数值；不可按零处理,,在产,无本资产指标，未用目录参考数值填充实产,2026-03版名录（不是逐田实测日期）,中,GEM exact（2026-03版；未独立测绘）,False,27.878,29.76,Bed-3 Oil and Gas Field (Egypt),https://www.gem.wiki/Bed-3_Oil_and_Gas_Field_(Egypt),按公开名录补入。原始产量字段未逐条核清口径，因此不移植为日产量；状态仅截至该版名录，不能证明2026-09-30仍在产。,[]
阿曼,Hawqa,单一油气田,,,undisclosed,,,无本资产数值；不可按零处理,,在产,无本资产指标，未用目录参考数值填充实产,2026-03版名录（不是逐田实测日期）,中,GEM exact（2026-03版；未独立测绘）,False,55.7296,20.1953,Hawqa Oil and Gas Field (Oman),https://www.gem.wiki/Hawqa_Oil_and_Gas_Field_(Oman),按公开名录补入。原始产量字段未逐条核清口径，因此不移植为日产量；状态仅截至该版名录，不能证明2026-09-30仍在产。,[]
埃及,Temsah,单一油气田,,,undisclosed,,,无本资产数值；不可按零处理,,在产,无本资产指标，未用目录参考数值填充实产,2026-03版名录（不是逐田实测日期）,中,GEM exact（2026-03版；未独立测绘）,False,32.382,31.618,Temsah Oil and Gas Field (Egypt),https://www.gem.wiki/Temsah_Oil_and_Gas_Field_(Egypt),按公开名录补入。原始产量字段未逐条核清口径，因此不移植为日产量；状态仅截至该版名录，不能证明2026-09-30仍在产。,[]
科威特,Dharif,单一油气田,,,undisclosed,,,无本资产数值；不可按零处理,,在产,无本资产指标，未用目录参考数值填充实产,2026-03版名录（不是逐田实测日期）,中,GEM exact（2026-03版；未独立测绘）,False,47.7624,29.206,Dharif Oil Field (Kuwait),https://www.gem.wiki/Dharif_Oil_Field_(Kuwait),按公开名录补入。原始产量字段未逐条核清口径，因此不移植为日产量；状态仅截至该版名录，不能证明2026-09-30仍在产。,[]
埃及,Sitra,单一油气田,,,undisclosed,,,无本资产数值；不可按零处理,,在产,无本资产指标，未用目录参考数值填充实产,2026-03版名录（不是逐田实测日期）,中,国家级定位，禁止将国家中心作为油田坐标,False,,,Sitra Oil and Gas Field (Egypt),https://www.gem.wiki/Sitra_Oil_and_Gas_Field_(Egypt),按公开名录补入。原始产量字段未逐条核清口径，因此不移植为日产量；状态仅截至该版名录，不能证明2026-09-30仍在产。,[]
伊拉克,Simrit,单一油气田,,,undisclosed,,,无本资产数值；不可按零处理,,在产,无本资产指标，未用目录参考数值填充实产,2026-03版名录（不是逐田实测日期）,中,GEM approximate（2026-03版；未独立测绘）,False,43.3396,36.6987,Simrit Oil and Gas Field (Iraq),https://www.gem.wiki/Simrit_Oil_and_Gas_Field_(Iraq),按公开名录补入。原始产量字段未逐条核清口径，因此不移植为日产量；状态仅截至该版名录，不能证明2026-09-30仍在产。,[]
埃及,Ha'py,单一油气田,,,undisclosed,,,无本资产数值；不可按零处理,,在产,无本资产指标，未用目录参考数值填充实产,2026-03版名录（不是逐田实测日期）,中,GEM exact（2026-03版；未独立测绘）,False,31.997,31.575,Ha'py Oil and Gas Field (Egypt),https://www.gem.wiki/Ha'py_Oil_and_Gas_Field_(Egypt),按公开名录补入。原始产量字段未逐条核清口径，因此不移植为日产量；状态仅截至该版名录，不能证明2026-09-30仍在产。,[]
叙利亚,Gbeibe,单一油气田,,,undisclosed,,,无本资产数值；不可按零处理,,在产,无本资产指标，未用目录参考数值填充实产,2026-03版名录（不是逐田实测日期）,中,GEM exact（2026-03版；未独立测绘）,False,41.0452,36.1228,Gbeibe Oil Field (Syria),https://www.gem.wiki/Gbeibe_Oil_Field_(Syria),按公开名录补入。原始产量字段未逐条核清口径，因此不移植为日产量；状态仅截至该版名录，不能证明2026-09-30仍在产。,[]
埃及,Ras Fanar,单一油气田,,,undisclosed,,,无本资产数值；不可按零处理,,在产,无本资产指标，未用目录参考数值填充实产,2026-03版名录（不是逐田实测日期）,中,GEM exact（2026-03版；未独立测绘）,False,33.0801,28.4065,Ras Fanar Oil and Gas Field (Egypt),https://www.gem.wiki/Ras_Fanar_Oil_and_Gas_Field_(Egypt),按公开名录补入。原始产量字段未逐条核清口径，因此不移植为日产量；状态仅截至该版名录，不能证明2026-09-30仍在产。,[]
埃及,South West Melehia,单一油气田,,,undisclosed,,,无本资产数值；不可按零处理,,在产,无本资产指标，未用目录参考数值填充实产,2026-03版名录（不是逐田实测日期）,中,GEM approximate（2026-03版；未独立测绘）,False,27.2188,30.4327,South West Melehia Oil Field (Egypt),https://www.gem.wiki/South_West_Melehia_Oil_Field_(Egypt),按公开名录补入。原始产量字段未逐条核清口径，因此不移植为日产量；状态仅截至该版名录，不能证明2026-09-30仍在产。,[]
伊朗,Sarkhun,单一油气田,,,undisclosed,,,无本资产数值；不可按零处理,,在产,无本资产指标，未用目录参考数值填充实产,2026-03版名录（不是逐田实测日期）,中,GEM exact（2026-03版；未独立测绘）,False,56.3947,27.3326,Sarkhun Gas Field (Iran),https://www.gem.wiki/Sarkhun_Gas_Field_(Iran),按公开名录补入。原始产量字段未逐条核清口径，因此不移植为日产量；状态仅截至该版名录，不能证明2026-09-30仍在产。,[]
阿曼,Tayseer,单一油气田,,,undisclosed,,,无本资产数值；不可按零处理,,在产,无本资产指标，未用目录参考数值填充实产,2026-03版名录（不是逐田实测日期）,中,GEM approximate（2026-03版；未独立测绘）,False,56.0697,20.3293,Tayseer Oil and Gas Field (Oman),https://www.gem.wiki/Tayseer_Oil_and_Gas_Field_(Oman),按公开名录补入。原始产量字段未逐条核清口径，因此不移植为日产量；状态仅截至该版名录，不能证明2026-09-30仍在产。,[]
土耳其,Sehit Aybuke Yalcin,单一油气田,Gabar,,undisclosed,,,无本资产数值；不可按零处理,,在产,无本资产指标，未用目录参考数值填充实产,2026-03版名录（不是逐田实测日期）,中,GEM exact（2026-03版；未独立测绘）,False,42.1668,37.5152,Sehit Aybuke Yalcin Oil Field (Türkiye),https://www.gem.wiki/Sehit_Aybuke_Yalcin_Oil_Field_(Türkiye),按公开名录补入。原始产量字段未逐条核清口径，因此不移植为日产量；状态仅截至该版名录，不能证明2026-09-30仍在产。,[]
伊朗,Khesht,单一油气田,,,undisclosed,,,无本资产数值；不可按零处理,,在产,无本资产指标，未用目录参考数值填充实产,2026-03版名录（不是逐田实测日期）,中,GEM exact（2026-03版；未独立测绘）,False,51.4879,29.4327,Khesht Oil Field (Iran),https://www.gem.wiki/Khesht_Oil_Field_(Iran),按公开名录补入。原始产量字段未逐条核清口径，因此不移植为日产量；状态仅截至该版名录，不能证明2026-09-30仍在产。,[]
伊朗,Chillingar,单一油气田,,,undisclosed,,,无本资产数值；不可按零处理,,在产,无本资产指标，未用目录参考数值填充实产,2026-03版名录（不是逐田实测日期）,中,GEM exact（2026-03版；未独立测绘）,False,50.9532,30.0256,Chillingar Oil Field (Iran),https://www.gem.wiki/Chillingar_Oil_Field_(Iran),按公开名录补入。原始产量字段未逐条核清口径，因此不移植为日产量；状态仅截至该版名录，不能证明2026-09-30仍在产。,[]
伊拉克,Akkas,单一油气田,,,undisclosed,,,无本资产数值；不可按零处理,,在产,无本资产指标，未用目录参考数值填充实产,2026-03版名录（不是逐田实测日期）,中,GEM exact（2026-03版；未独立测绘）,False,41.18,34.115,Akkas Gas Field (Iraq);Akkas Redevelopment Gas Field (Iraq),https://www.gem.wiki/Akkas_Gas_Field_(Iraq),按公开名录补入。原始产量字段未逐条核清口径，因此不移植为日产量；状态仅截至该版名录，不能证明2026-09-30仍在产。,[]
埃及,Berenice,单一油气田,,,undisclosed,,,无本资产数值；不可按零处理,,在产,无本资产指标，未用目录参考数值填充实产,2026-03版名录（不是逐田实测日期）,中,GEM exact（2026-03版；未独立测绘）,False,26.021,30.547,Berenice Oil Field (Egypt),https://www.gem.wiki/Berenice_Oil_Field_(Egypt),按公开名录补入。原始产量字段未逐条核清口径，因此不移植为日产量；状态仅截至该版名录，不能证明2026-09-30仍在产。,[]
埃及,Amal Redevelop (A and B),开发项目,,,undisclosed,,,无本资产数值；不可按零处理,,在产,无本资产指标，未用目录参考数值填充实产,2026-03版名录（不是逐田实测日期）,中,GEM exact（2026-03版；未独立测绘）,False,33.5694,28.0728,Amal Redevelop (A and B) Oil and Gas Field (Egypt),https://www.gem.wiki/Amal_Redevelop_(A_and_B)_Oil_and_Gas_Field_(Egypt),按公开名录补入。原始产量字段未逐条核清口径，因此不移植为日产量；状态仅截至该版名录，不能证明2026-09-30仍在产。,[]
卡塔尔,Idd El Shargi South Dome (ISSD),单一油气田,Idd El-Sharqi,,undisclosed,,,无本资产数值；不可按零处理,,在产,无本资产指标，未用目录参考数值填充实产,2026-03版名录（不是逐田实测日期）,中,GEM exact（2026-03版；未独立测绘）,False,52.3637,25.3376,Idd El Shargi South Dome (ISSD) Oil and Gas Field (Qatar),https://www.gem.wiki/Idd_El_Shargi_South_Dome_(ISSD)_Oil_and_Gas_Field_(Qatar),按公开名录补入。原始产量字段未逐条核清口径，因此不移植为日产量；状态仅截至该版名录，不能证明2026-09-30仍在产。,[]
埃及,Zaafarana,单一油气田,,,undisclosed,,,无本资产数值；不可按零处理,,在产,无本资产指标，未用目录参考数值填充实产,2026-03版名录（不是逐田实测日期）,中,国家级定位，禁止将国家中心作为油田坐标,False,,,Zaafarana Oil Field (Egypt),https://www.gem.wiki/Zaafarana_Oil_Field_(Egypt),按公开名录补入。原始产量字段未逐条核清口径，因此不移植为日产量；状态仅截至该版名录，不能证明2026-09-30仍在产。,[]
埃及,Alamein,单一油气田,,,undisclosed,,,无本资产数值；不可按零处理,,在产,无本资产指标，未用目录参考数值填充实产,2026-03版名录（不是逐田实测日期）,中,国家级定位，禁止将国家中心作为油田坐标,False,,,Alamein Oil Field (Egypt),https://www.gem.wiki/Alamein_Oil_Field_(Egypt),按公开名录补入。原始产量字段未逐条核清口径，因此不移植为日产量；状态仅截至该版名录，不能证明2026-09-30仍在产。,[]
科威特,South Umm-Gudair,单一油气田,,,undisclosed,,,无本资产数值；不可按零处理,,在产,无本资产指标，未用目录参考数值填充实产,2026-03版名录（不是逐田实测日期）,中,GEM approximate（2026-03版；未独立测绘）,False,47.8621,28.4473,"South Umm-Gudair Oil and Gas Field (Kuwait, Saudi Arabia)","https://www.gem.wiki/South_Umm-Gudair_Oil_and_Gas_Field_(Kuwait,_Saudi_Arabia)",按公开名录补入。原始产量字段未逐条核清口径，因此不移植为日产量；状态仅截至该版名录，不能证明2026-09-30仍在产。,[]
埃及,Melehia West Deep,单一油气田,,,undisclosed,,,无本资产数值；不可按零处理,,在产,无本资产指标，未用目录参考数值填充实产,2026-03版名录（不是逐田实测日期）,中,GEM exact（2026-03版；未独立测绘）,False,27.0501,30.7596,Melehia West Deep Oil and Gas Field (Egypt),https://www.gem.wiki/Melehia_West_Deep_Oil_and_Gas_Field_(Egypt),按公开名录补入。原始产量字段未逐条核清口径，因此不移植为日产量；状态仅截至该版名录，不能证明2026-09-30仍在产。,[]
阿曼,Simsim,单一油气田,,,undisclosed,,,无本资产数值；不可按零处理,,在产,无本资产指标，未用目录参考数值填充实产,2026-03版名录（不是逐田实测日期）,中,GEM approximate（2026-03版；未独立测绘）,False,56.0697,20.3293,Simsim Oil and Gas Field (Oman),https://www.gem.wiki/Simsim_Oil_and_Gas_Field_(Oman),按公开名录补入。原始产量字段未逐条核清口径，因此不移植为日产量；状态仅截至该版名录，不能证明2026-09-30仍在产。,[]
伊朗,Mansurabad,单一油气田,,,undisclosed,,,无本资产数值；不可按零处理,,在产,无本资产指标，未用目录参考数值填充实产,2026-03版名录（不是逐田实测日期）,中,GEM approximate（2026-03版；未独立测绘）,False,50.33,30.66,Mansurabad Oil and Gas Field (Iran),https://www.gem.wiki/Mansurabad_Oil_and_Gas_Field_(Iran),按公开名录补入。原始产量字段未逐条核清口径，因此不移植为日产量；状态仅截至该版名录，不能证明2026-09-30仍在产。,[]
埃及,Abu Rudies-Sidri,单一油气田,,,undisclosed,,,无本资产数值；不可按零处理,,在产,无本资产指标，未用目录参考数值填充实产,2026-03版名录（不是逐田实测日期）,中,GEM exact（2026-03版；未独立测绘）,False,33.1671,28.864,Abu Rudies-Sidri Oil Field (Egypt),https://www.gem.wiki/Abu_Rudies-Sidri_Oil_Field_(Egypt),按公开名录补入。原始产量字段未逐条核清口径，因此不移植为日产量；状态仅截至该版名录，不能证明2026-09-30仍在产。,[]
伊拉克,Sarqala,单一油气田,,,undisclosed,,,无本资产数值；不可按零处理,,在产,无本资产指标，未用目录参考数值填充实产,2026-03版名录（不是逐田实测日期）,中,GEM approximate（2026-03版；未独立测绘）,False,43.8105,34.7161,Sarqala Oil Field (Iraq),https://www.gem.wiki/Sarqala_Oil_Field_(Iraq),按公开名录补入。原始产量字段未逐条核清口径，因此不移植为日产量；状态仅截至该版名录，不能证明2026-09-30仍在产。,[]
埃及,Geisum,单一油气田,,,undisclosed,,,无本资产数值；不可按零处理,,在产,无本资产指标，未用目录参考数值填充实产,2026-03版名录（不是逐田实测日期）,中,GEM exact（2026-03版；未独立测绘）,False,33.796,27.524,Geisum Oil Field (Egypt),https://www.gem.wiki/Geisum_Oil_Field_(Egypt),按公开名录补入。原始产量字段未逐条核清口径，因此不移植为日产量；状态仅截至该版名录，不能证明2026-09-30仍在产。,[]
埃及,Ptah,单一油气田,,,undisclosed,,,无本资产数值；不可按零处理,,在产,无本资产指标，未用目录参考数值填充实产,2026-03版名录（不是逐田实测日期）,中,国家级定位，禁止将国家中心作为油田坐标,False,,,Ptah Oil Field (Egypt),https://www.gem.wiki/Ptah_Oil_Field_(Egypt),按公开名录补入。原始产量字段未逐条核清口径，因此不移植为日产量；状态仅截至该版名录，不能证明2026-09-30仍在产。,[]
伊朗,Siah Makan,单一油气田,,,undisclosed,,,无本资产数值；不可按零处理,,在产,无本资产指标，未用目录参考数值填充实产,2026-03版名录（不是逐田实测日期）,中,GEM approximate（2026-03版；未独立测绘）,False,50.38,30.1,Siah Makan Oil and Gas Field (Iran),https://www.gem.wiki/Siah_Makan_Oil_and_Gas_Field_(Iran),按公开名录补入。原始产量字段未逐条核清口径，因此不移植为日产量；状态仅截至该版名录，不能证明2026-09-30仍在产。,[]
埃及,Wakar,单一油气田,,,undisclosed,,,无本资产数值；不可按零处理,,在产,无本资产指标，未用目录参考数值填充实产,2026-03版名录（不是逐田实测日期）,中,GEM exact（2026-03版；未独立测绘）,False,32.399,31.74,Wakar Oil and Gas Field (Egypt),https://www.gem.wiki/Wakar_Oil_and_Gas_Field_(Egypt),按公开名录补入。原始产量字段未逐条核清口径，因此不移植为日产量；状态仅截至该版名录，不能证明2026-09-30仍在产。,[]
伊拉克,Banan,单一油气田,,,undisclosed,,,无本资产数值；不可按零处理,,在产,无本资产指标，未用目录参考数值填充实产,2026-03版名录（不是逐田实测日期）,中,GEM approximate（2026-03版；未独立测绘）,False,43.716,36.2202,Banan Oil Field (Iraq),https://www.gem.wiki/Banan_Oil_Field_(Iraq),按公开名录补入。原始产量字段未逐条核清口径，因此不移植为日产量；状态仅截至该版名录，不能证明2026-09-30仍在产。,[]
伊拉克,Demir Dagh,单一油气田,,,undisclosed,,,无本资产数值；不可按零处理,,在产,无本资产指标，未用目录参考数值填充实产,2026-03版名录（不是逐田实测日期）,中,GEM approximate（2026-03版；未独立测绘）,False,43.716,36.2202,Demir Dagh Oil Field (Iraq),https://www.gem.wiki/Demir_Dagh_Oil_Field_(Iraq),按公开名录补入。原始产量字段未逐条核清口径，因此不移植为日产量；状态仅截至该版名录，不能证明2026-09-30仍在产。,[]
叙利亚,Al Jubaissah,单一油气田,,,undisclosed,,,无本资产数值；不可按零处理,,在产,无本资产指标，未用目录参考数值填充实产,2026-03版名录（不是逐田实测日期）,中,GEM approximate（2026-03版；未独立测绘）,False,40.6943,36.0439,Al Jubaissah Oil Field (Syria),https://www.gem.wiki/Al_Jubaissah_Oil_Field_(Syria),按公开名录补入。原始产量字段未逐条核清口径，因此不移植为日产量；状态仅截至该版名录，不能证明2026-09-30仍在产。,[]
伊朗,Ramin,单一油气田,,,undisclosed,,,无本资产数值；不可按零处理,,在产,无本资产指标，未用目录参考数值填充实产,2026-03版名录（不是逐田实测日期）,中,GEM approximate（2026-03版；未独立测绘）,False,48.93,31.62,Ramin Oil and Gas Field (Iran),https://www.gem.wiki/Ramin_Oil_and_Gas_Field_(Iran),按公开名录补入。原始产量字段未逐条核清口径，因此不移植为日产量；状态仅截至该版名录，不能证明2026-09-30仍在产。,[]
叙利亚,Margada,单一油气田,,,undisclosed,,,无本资产数值；不可按零处理,,在产,无本资产指标，未用目录参考数值填充实产,2026-03版名录（不是逐田实测日期）,中,GEM approximate（2026-03版；未独立测绘）,False,40.8322,36.4959,Margada Oil Field (Syria),https://www.gem.wiki/Margada_Oil_Field_(Syria),按公开名录补入。原始产量字段未逐条核清口径，因此不移植为日产量；状态仅截至该版名录，不能证明2026-09-30仍在产。,[]
伊朗,Naft Shahr,单一油气田,,,undisclosed,,,无本资产数值；不可按零处理,,开发／建设中,无本资产指标，未用目录参考数值填充实产,2026-03版名录（不是逐田实测日期）,中,GEM exact（2026-03版；未独立测绘）,False,45.4724,34.0455,Naft Shahr Oil Field (Iran),https://www.gem.wiki/Naft_Shahr_Oil_Field_(Iran),按公开名录补入。原始产量字段未逐条核清口径，因此不移植为日产量；状态仅截至该版名录，不能证明2026-09-30仍在产。,[]
伊朗,Maleh Kuh,单一油气田,,,undisclosed,,,无本资产数值；不可按零处理,,在产,无本资产指标，未用目录参考数值填充实产,2026-03版名录（不是逐田实测日期）,中,GEM exact（2026-03版；未独立测绘）,False,47.6291,33.2051,Maleh Kuh Oil and Gas Field (Iran),https://www.gem.wiki/Maleh_Kuh_Oil_and_Gas_Field_(Iran),按公开名录补入。原始产量字段未逐条核清口径，因此不移植为日产量；状态仅截至该版名录，不能证明2026-09-30仍在产。,[]
卡塔尔,Al-Karkara/A-Structure,单一油气田,,,undisclosed,,,无本资产数值；不可按零处理,,在产,无本资产指标，未用目录参考数值填充实产,2026-03版名录（不是逐田实测日期）,中,GEM approximate（2026-03版；未独立测绘）,False,52.4847,25.0811,Al-Karkara/A-Structure Oil and Gas Field (Qatar),https://www.gem.wiki/Al-Karkara/A-Structure_Oil_and_Gas_Field_(Qatar),按公开名录补入。原始产量字段未逐条核清口径，因此不移植为日产量；状态仅截至该版名录，不能证明2026-09-30仍在产。,[]
埃及,Abu Madi,单一油气田,,,undisclosed,,,无本资产数值；不可按零处理,,在产,无本资产指标，未用目录参考数值填充实产,2026-03版名录（不是逐田实测日期）,中,GEM approximate（2026-03版；未独立测绘）,False,31.1783,31.3612,Abu Madi Gas Field (Egypt),https://www.gem.wiki/Abu_Madi_Gas_Field_(Egypt),按公开名录补入。原始产量字段未逐条核清口径，因此不移植为日产量；状态仅截至该版名录，不能证明2026-09-30仍在产。,[]
叙利亚,Jazal-Heil,单一油气田,,,undisclosed,,,无本资产数值；不可按零处理,,在产,无本资产指标，未用目录参考数值填充实产,2026-03版名录（不是逐田实测日期）,中,GEM approximate（2026-03版；未独立测绘）,False,38.3349,34.3405,Jazal-Heil Oil Field (Syria),https://www.gem.wiki/Jazal-Heil_Oil_Field_(Syria),按公开名录补入。原始产量字段未逐条核清口径，因此不移植为日产量；状态仅截至该版名录，不能证明2026-09-30仍在产。,[]
埃及,Baltim East,单一油气田,,,undisclosed,,,无本资产数值；不可按零处理,,在产,无本资产指标，未用目录参考数值填充实产,2026-03版名录（不是逐田实测日期）,中,GEM approximate（2026-03版；未独立测绘）,False,31.163,32.03,Baltim East Oil Field (Egypt),https://www.gem.wiki/Baltim_East_Oil_Field_(Egypt),按公开名录补入。原始产量字段未逐条核清口径，因此不移植为日产量；状态仅截至该版名录，不能证明2026-09-30仍在产。,[]
叙利亚,Tishreen,单一油气田,,,undisclosed,,,无本资产数值；不可按零处理,,在产,无本资产指标，未用目录参考数值填充实产,2026-03版名录（不是逐田实测日期）,中,GEM exact（2026-03版；未独立测绘）,False,40.8497,36.4376,Tishreen Oil Field (Syria),https://www.gem.wiki/Tishreen_Oil_Field_(Syria),按公开名录补入。原始产量字段未逐条核清口径，因此不移植为日产量；状态仅截至该版名录，不能证明2026-09-30仍在产。,[]
伊朗,Sohrab,单一油气田,,,undisclosed,,,无本资产数值；不可按零处理,,在产,无本资产指标，未用目录参考数值填充实产,2026-03版名录（不是逐田实测日期）,中,GEM approximate（2026-03版；未独立测绘）,False,47.7821,32.017,Sohrab Oil Field (Iran),https://www.gem.wiki/Sohrab_Oil_Field_(Iran),按公开名录补入。原始产量字段未逐条核清口径，因此不移植为日产量；状态仅截至该版名录，不能证明2026-09-30仍在产。,[]
埃及,Assil,单一油气田,,,undisclosed,,,无本资产数值；不可按零处理,,在产,无本资产指标，未用目录参考数值填充实产,2026-03版名录（不是逐田实测日期）,中,国家级定位，禁止将国家中心作为油田坐标,False,,,Assil Oil and Gas Field (Egypt),https://www.gem.wiki/Assil_Oil_and_Gas_Field_(Egypt),按公开名录补入。原始产量字段未逐条核清口径，因此不移植为日产量；状态仅截至该版名录，不能证明2026-09-30仍在产。,[]
埃及,Bahga,单一油气田,,,undisclosed,,,无本资产数值；不可按零处理,,在产,无本资产指标，未用目录参考数值填充实产,2026-03版名录（不是逐田实测日期）,中,GEM exact（2026-03版；未独立测绘）,False,28.3712,29.2713,Bahga Oil and Gas Field (Egypt),https://www.gem.wiki/Bahga_Oil_and_Gas_Field_(Egypt),按公开名录补入。原始产量字段未逐条核清口径，因此不移植为日产量；状态仅截至该版名录，不能证明2026-09-30仍在产。,[]
埃及,Baltim North,单一油气田,,,undisclosed,,,无本资产数值；不可按零处理,,在产,无本资产指标，未用目录参考数值填充实产,2026-03版名录（不是逐田实测日期）,中,GEM approximate（2026-03版；未独立测绘）,False,31.163,32.03,Baltim North Oil Field (Egypt),https://www.gem.wiki/Baltim_North_Oil_Field_(Egypt),按公开名录补入。原始产量字段未逐条核清口径，因此不移植为日产量；状态仅截至该版名录，不能证明2026-09-30仍在产。,[]
伊拉克,Siba,单一油气田,,19.9,derived_daily_average,千桶/日（报告油产量；油品细分未披露）,2021年推算日均,原表可复算的历史值；当前逐田值未披露,2026-09-30,在产,本次修订的来源与口径已核对,2026-03版名录（不是逐田实测日期）,中,GEM exact（2026-03版；未独立测绘）,False,48.003,30.032,Siba Gas Field (Iraq),https://eiti.org/sites/default/files/2024-01/Iraq%202021%20EITI%20Report.pdf,"EITI 2021表58原表年产7,272,383桶÷365日=19.9千桶/日；为2021历史日均，非当前实产。 报告将此项列为油产量，未披露油品细分；不把它解释为天然气体积。",[]
叙利亚,Gouna,单一油气田,,,undisclosed,,,无本资产数值；不可按零处理,,在产,无本资产指标，未用目录参考数值填充实产,2026-03版名录（不是逐田实测日期）,中,GEM approximate（2026-03版；未独立测绘）,False,40.8322,36.4959,Gouna Oil Field (Syria),https://www.gem.wiki/Gouna_Oil_Field_(Syria),按公开名录补入。原始产量字段未逐条核清口径，因此不移植为日产量；状态仅截至该版名录，不能证明2026-09-30仍在产。,[]
伊朗,Sulabedar,单一油气田,,,undisclosed,,,无本资产数值；不可按零处理,,在产,无本资产指标，未用目录参考数值填充实产,2026-03版名录（不是逐田实测日期）,中,GEM exact（2026-03版；未独立测绘）,False,51.0115,29.8467,Sulabedar Oil Field (Iran),https://www.gem.wiki/Sulabedar_Oil_Field_(Iran),按公开名录补入。原始产量字段未逐条核清口径，因此不移植为日产量；状态仅截至该版名录，不能证明2026-09-30仍在产。,[]
阿联酋,Zora,单一油气田,,,undisclosed,,,无本资产数值；不可按零处理,,暂停生产,无本资产指标，未用目录参考数值填充实产,2026-03版名录（不是逐田实测日期）,中,国家级定位，禁止将国家中心作为油田坐标,False,,,Zora Gas Field (United Arab Emirates),https://www.gem.wiki/Zora_Gas_Field_(United_Arab_Emirates),按公开名录补入。原始产量字段未逐条核清口径，因此不移植为日产量；状态仅截至该版名录，不能证明2026-09-30仍在产。,[]
埃及,Magd,单一油气田,,,undisclosed,,,无本资产数值；不可按零处理,,在产,无本资产指标，未用目录参考数值填充实产,2026-03版名录（不是逐田实测日期）,中,GEM exact（2026-03版；未独立测绘）,False,28.4631,29.3372,Magd Oil and Gas Field (Egypt),https://www.gem.wiki/Magd_Oil_and_Gas_Field_(Egypt),按公开名录补入。原始产量字段未逐条核清口径，因此不移植为日产量；状态仅截至该版名录，不能证明2026-09-30仍在产。,[]
埃及,Barq,单一油气田,,,undisclosed,,,无本资产数值；不可按零处理,,在产,无本资产指标，未用目录参考数值填充实产,2026-03版名录（不是逐田实测日期）,中,GEM exact（2026-03版；未独立测绘）,False,28.4136,29.3042,Barq Oil and Gas Field (Egypt),https://www.gem.wiki/Barq_Oil_and_Gas_Field_(Egypt),按公开名录补入。原始产量字段未逐条核清口径，因此不移植为日产量；状态仅截至该版名录，不能证明2026-09-30仍在产。,[]
埃及,East Bahariya,单一油气田,,,undisclosed,,,无本资产数值；不可按零处理,,待核实,无本资产指标，未用目录参考数值填充实产,2026-03版名录（不是逐田实测日期）,低,国家级定位，禁止将国家中心作为油田坐标,False,,,East Bahariya Oil and Gas Field (Egypt),https://www.gem.wiki/East_Bahariya_Oil_and_Gas_Field_(Egypt),按公开名录补入。原始产量字段未逐条核清口径，因此不移植为日产量；状态仅截至该版名录，不能证明2026-09-30仍在产。,[]
土耳其,Çaycuma,单一油气田,,,undisclosed,,,无本资产数值；不可按零处理,,已发现／待商业化,无本资产指标，未用目录参考数值填充实产,2026-03版名录（不是逐田实测日期）,中,GEM exact（2026-03版；未独立测绘）,False,31.0271,43.0504,Çaycuma Gas Field (Türkiye),https://www.gem.wiki/Çaycuma_Gas_Field_(Türkiye),按公开名录补入。原始产量字段未逐条核清口径，因此不移植为日产量；状态仅截至该版名录，不能证明2026-09-30仍在产。,[]
叙利亚,Tayyani,单一油气田,,,undisclosed,,,无本资产数值；不可按零处理,,在产,无本资产指标，未用目录参考数值填充实产,2026-03版名录（不是逐田实测日期）,中,GEM approximate（2026-03版；未独立测绘）,False,40.3434,35.1366,Tayyani Oil Field (Syria),https://www.gem.wiki/Tayyani_Oil_Field_(Syria),按公开名录补入。原始产量字段未逐条核清口径，因此不移植为日产量；状态仅截至该版名录，不能证明2026-09-30仍在产。,[]
埃及,East Beni Suef,单一油气田,,,undisclosed,,,无本资产数值；不可按零处理,,待核实,无本资产指标，未用目录参考数值填充实产,2026-03版名录（不是逐田实测日期）,低,国家级定位，禁止将国家中心作为油田坐标,False,,,East Beni Suef Oil and Gas Field (Egypt),https://www.gem.wiki/East_Beni_Suef_Oil_and_Gas_Field_(Egypt),按公开名录补入。原始产量字段未逐条核清口径，因此不移植为日产量；状态仅截至该版名录，不能证明2026-09-30仍在产。,[]
埃及,Taurus,单一油气田,,,undisclosed,,,无本资产数值；不可按零处理,,在产,无本资产指标，未用目录参考数值填充实产,2026-03版名录（不是逐田实测日期）,中,GEM exact（2026-03版；未独立测绘）,False,30.097,31.917,Taurus Gas Field (Egypt),https://www.gem.wiki/Taurus_Gas_Field_(Egypt),按公开名录补入。原始产量字段未逐条核清口径，因此不移植为日产量；状态仅截至该版名录，不能证明2026-09-30仍在产。,[]
阿曼,Ulfa,单一油气田,,,undisclosed,,,无本资产数值；不可按零处理,,在产,无本资产指标，未用目录参考数值填充实产,2026-03版名录（不是逐田实测日期）,中,GEM approximate（2026-03版；未独立测绘）,False,57.4264,20.3835,Ulfa Oil Field (Oman),https://www.gem.wiki/Ulfa_Oil_Field_(Oman),按公开名录补入。原始产量字段未逐条核清口径，因此不移植为日产量；状态仅截至该版名录，不能证明2026-09-30仍在产。,[]
埃及,Denise,单一油气田,,,undisclosed,,,无本资产数值；不可按零处理,,在产,无本资产指标，未用目录参考数值填充实产,2026-03版名录（不是逐田实测日期）,中,GEM exact（2026-03版；未独立测绘）,False,32.284,31.717,Denise Gas Field (Egypt),https://www.gem.wiki/Denise_Gas_Field_(Egypt),按公开名录补入。原始产量字段未逐条核清口径，因此不移植为日产量；状态仅截至该版名录，不能证明2026-09-30仍在产。,[]
叙利亚,Deilla,单一油气田,,,undisclosed,,,无本资产数值；不可按零处理,,在产,无本资产指标，未用目录参考数值填充实产,2026-03版名录（不是逐田实测日期）,中,GEM approximate（2026-03版；未独立测绘）,False,38.9487,36.0494,Deilla Oil Field (Syria),https://www.gem.wiki/Deilla_Oil_Field_(Syria),按公开名录补入。原始产量字段未逐条核清口径，因此不移植为日产量；状态仅截至该版名录，不能证明2026-09-30仍在产。,[]
伊朗,Towsan,单一油气田,,,undisclosed,,,无本资产数值；不可按零处理,,停产／终止,无本资产指标，未用目录参考数值填充实产,2026-03版名录（不是逐田实测日期）,中,GEM approximate（2026-03版；未独立测绘）,False,55.1,26.4,Towsan Oil Field (Iran),https://www.gem.wiki/Towsan_Oil_Field_(Iran),按公开名录补入。原始产量字段未逐条核清口径，因此不移植为日产量；状态仅截至该版名录，不能证明2026-09-30仍在产。,[]
伊拉克,Topkhana,单一油气田,,,undisclosed,,,无本资产数值；不可按零处理,,开发／建设中,无本资产指标，未用目录参考数值填充实产,2026-03版名录（不是逐田实测日期）,中,GEM approximate（2026-03版；未独立测绘）,False,45.3054,35.1974,Topkhana Oil and Gas Field (Iraq),https://www.gem.wiki/Topkhana_Oil_and_Gas_Field_(Iraq),按公开名录补入。原始产量字段未逐条核清口径，因此不移植为日产量；状态仅截至该版名录，不能证明2026-09-30仍在产。,[]
伊朗,Toos,单一油气田,,,undisclosed,,,无本资产数值；不可按零处理,,在产,无本资产指标，未用目录参考数值填充实产,2026-03版名录（不是逐田实测日期）,中,GEM approximate（2026-03版；未独立测绘）,False,60.18,36.46,Toos Gas Field (Iran),https://www.gem.wiki/Toos_Gas_Field_(Iran),按公开名录补入。原始产量字段未逐条核清口径，因此不移植为日产量；状态仅截至该版名录，不能证明2026-09-30仍在产。,[]
以色列,Dalit,单一油气田,,,undisclosed,,,无本资产数值；不可按零处理,,已发现／待商业化,无本资产指标，未用目录参考数值填充实产,2026-03版名录（不是逐田实测日期）,中,GEM exact（2026-03版；未独立测绘）,False,34.2196,32.6623,Dalit Gas Field (Israel),https://www.gem.wiki/Dalit_Gas_Field_(Israel),按公开名录补入。原始产量字段未逐条核清口径，因此不移植为日产量；状态仅截至该版名录，不能证明2026-09-30仍在产。,[]
伊朗,Dalan,单一油气田,,,undisclosed,,,无本资产数值；不可按零处理,,在产,无本资产指标，未用目录参考数值填充实产,2026-03版名录（不是逐田实测日期）,中,GEM exact（2026-03版；未独立测绘）,False,52.0701,28.6042,Dalan Oil and Gas Field (Iran),https://www.gem.wiki/Dalan_Oil_and_Gas_Field_(Iran),按公开名录补入。原始产量字段未逐条核清口径，因此不移植为日产量；状态仅截至该版名录，不能证明2026-09-30仍在产。,[]
埃及,Tut,单一油气田,,,undisclosed,,,无本资产数值；不可按零处理,,在产,无本资产指标，未用目录参考数值填充实产,2026-03版名录（不是逐田实测日期）,中,GEM exact（2026-03版；未独立测绘）,False,26.975,30.755,Tut Oil and Gas Field (Egypt),https://www.gem.wiki/Tut_Oil_and_Gas_Field_(Egypt),按公开名录补入。原始产量字段未逐条核清口径，因此不移植为日产量；状态仅截至该版名录，不能证明2026-09-30仍在产。,[]
伊拉克,Tel Gazal,单一油气田,,,undisclosed,,,无本资产数值；不可按零处理,,暂停生产,无本资产指标，未用目录参考数值填充实产,2026-03版名录（不是逐田实测日期）,中,GEM exact（2026-03版；未独立测绘）,False,45.323,33.819,Tel Gazal Gas Field (Iraq),https://www.gem.wiki/Tel_Gazal_Gas_Field_(Iraq),按公开名录补入。原始产量字段未逐条核清口径，因此不移植为日产量；状态仅截至该版名录，不能证明2026-09-30仍在产。,[]
科威特,Dorra,单一油气田,,,undisclosed,,,无本资产数值；不可按零处理,,开发／建设中,无本资产指标，未用目录参考数值填充实产,2026-03版名录（不是逐田实测日期）,中,GEM exact（2026-03版；未独立测绘）,False,49.1122,28.9686,"Dorra Oil and Gas Field (Kuwait, Saudi Arabia, Iran)",https://www.gem.wiki/Dorra_Oil_and_Gas_Field_(Kuwait),按公开名录补入。原始产量字段未逐条核清口径，因此不移植为日产量；状态仅截至该版名录，不能证明2026-09-30仍在产。,[]
叙利亚,Al Khairat,单一油气田,,,undisclosed,,,无本资产数值；不可按零处理,,已发现／待商业化,无本资产指标，未用目录参考数值填充实产,2026-03版名录（不是逐田实测日期）,中,GEM exact（2026-03版；未独立测绘）,False,41.9288,36.9444,Al Khairat Oil and Gas Field (Syria),https://www.gem.wiki/Al_Khairat_Oil_and_Gas_Field_(Syria),按公开名录补入。原始产量字段未逐条核清口径，因此不移植为日产量；状态仅截至该版名录，不能证明2026-09-30仍在产。,[]
埃及,Amal C,单一油气田,,,undisclosed,,,无本资产数值；不可按零处理,,待核实,无本资产指标，未用目录参考数值填充实产,2026-03版名录（不是逐田实测日期）,低,GEM exact（2026-03版；未独立测绘）,False,33.5694,28.0728,Amal C Oil and Gas Field (Egypt),https://www.gem.wiki/Amal_C_Oil_and_Gas_Field_(Egypt),按公开名录补入。原始产量字段未逐条核清口径，因此不移植为日产量；状态仅截至该版名录，不能证明2026-09-30仍在产。,[]
埃及,Amal,单一油气田,,,undisclosed,,,无本资产数值；不可按零处理,,在产,无本资产指标，未用目录参考数值填充实产,2026-03版名录（不是逐田实测日期）,中,GEM approximate（2026-03版；未独立测绘）,False,33.5167,28.0667,Amal Oil Field (Egypt),https://www.gem.wiki/Amal_Oil_Field_(Egypt),按公开名录补入。原始产量字段未逐条核清口径，因此不移植为日产量；状态仅截至该版名录，不能证明2026-09-30仍在产。,[]
阿曼,Amal West,单一油气田,,,undisclosed,,,无本资产数值；不可按零处理,,在产,无本资产指标，未用目录参考数值填充实产,2026-03版名录（不是逐田实测日期）,中,GEM approximate（2026-03版；未独立测绘）,False,56.0697,20.3293,Amal West Oil Field (Oman),https://www.gem.wiki/Amal_West_Oil_Field_(Oman),按公开名录补入。原始产量字段未逐条核清口径，因此不移植为日产量；状态仅截至该版名录，不能证明2026-09-30仍在产。,[]
阿联酋,XF-002,单一油气田,,,undisclosed,,,无本资产数值；不可按零处理,,已发现／待商业化,无本资产指标，未用目录参考数值填充实产,2026-03版名录（不是逐田实测日期）,中,GEM approximate（2026-03版；未独立测绘）,False,54.0093,24.609,XF-002 Oil and Gas Field (United Arab Emirates),https://www.gem.wiki/XF-002_Oil_and_Gas_Field_(United_Arab_Emirates),按公开名录补入。原始产量字段未逐条核清口径，因此不移植为日产量；状态仅截至该版名录，不能证明2026-09-30仍在产。,[]
叙利亚,Akash,单一油气田,,,undisclosed,,,无本资产数值；不可按零处理,,在产,无本资产指标，未用目录参考数值填充实产,2026-03版名录（不是逐田实测日期）,中,GEM exact（2026-03版；未独立测绘）,False,40.737,34.4025,Akash Oil Field (Syria),https://www.gem.wiki/Akash_Oil_Field_(Syria),按公开名录补入。原始产量字段未逐条核清口径，因此不移植为日产量；状态仅截至该版名录，不能证明2026-09-30仍在产。,[]
叙利亚,Ahmer,单一油气田,,,undisclosed,,,无本资产数值；不可按零处理,,在产,无本资产指标，未用目录参考数值填充实产,2026-03版名录（不是逐田实测日期）,中,GEM exact（2026-03版；未独立测绘）,False,40.8437,34.54,Ahmer Oil Field (Syria),https://www.gem.wiki/Ahmer_Oil_Field_(Syria),按公开名录补入。原始产量字段未逐条核清口径，因此不移植为日产量；状态仅截至该版名录，不能证明2026-09-30仍在产。,[]
阿曼,Amin,单一油气田,,,undisclosed,,,无本资产数值；不可按零处理,,在产,无本资产指标，未用目录参考数值填充实产,2026-03版名录（不是逐田实测日期）,中,GEM exact（2026-03版；未独立测绘）,False,55.74,18.4363,Amin Oil Field (Oman),https://www.gem.wiki/Amin_Oil_Field_(Oman),按公开名录补入。原始产量字段未逐条核清口径，因此不移植为日产量；状态仅截至该版名录，不能证明2026-09-30仍在产。,[]
以色列,Athena,单一油气田,,,undisclosed,,,无本资产数值；不可按零处理,,开发／建设中,无本资产指标，未用目录参考数值填充实产,2026-03版名录（不是逐田实测日期）,中,GEM approximate（2026-03版；未独立测绘）,False,34.1926,33.192,Athena Gas Field (Israel),https://www.gem.wiki/Athena_Gas_Field_(Israel),按公开名录补入。原始产量字段未逐条核清口径，因此不移植为日产量；状态仅截至该版名录，不能证明2026-09-30仍在产。,[]
叙利亚,Azraq,单一油气田,,,undisclosed,,,无本资产数值；不可按零处理,,在产,无本资产指标，未用目录参考数值填充实产,2026-03版名录（不是逐田实测日期）,中,GEM exact（2026-03版；未独立测绘）,False,40.8559,35.0586,Azraq Oil Field (Syria),https://www.gem.wiki/Azraq_Oil_Field_(Syria),按公开名录补入。原始产量字段未逐条核清口径，因此不移植为日产量；状态仅截至该版名录，不能证明2026-09-30仍在产。,[]
阿联酋,Aqam,单一油气田,,,undisclosed,,,无本资产数值；不可按零处理,,在产,无本资产指标，未用目录参考数值填充实产,2026-03版名录（不是逐田实测日期）,中,GEM approximate（2026-03版；未独立测绘）,False,55.461,25.0032,Aqam Oil and Gas Field (United Arab Emirates),https://www.gem.wiki/Aqam_Oil_and_Gas_Field_(United_Arab_Emirates),按公开名录补入。原始产量字段未逐条核清口径，因此不移植为日产量；状态仅截至该版名录，不能证明2026-09-30仍在产。,[]
叙利亚,Zumlat al-Maharr,单一油气田,,,undisclosed,,,无本资产数值；不可按零处理,,已发现／待商业化,无本资产指标，未用目录参考数值填充实产,2026-03版名录（不是逐田实测日期）,中,GEM approximate（2026-03版；未独立测绘）,False,38.2758,34.5482,Zumlat al-Maharr Gas Field (Syria),https://www.gem.wiki/Zumlat_al-Maharr_Gas_Field_(Syria),按公开名录补入。原始产量字段未逐条核清口径，因此不移植为日产量；状态仅截至该版名录，不能证明2026-09-30仍在产。,[]
以色列,Zeus,单一油气田,,,undisclosed,,,无本资产数值；不可按零处理,,开发／建设中,无本资产指标，未用目录参考数值填充实产,2026-03版名录（不是逐田实测日期）,中,GEM approximate（2026-03版；未独立测绘）,False,34.1159,33.192,Zeus Gas Field (Israel),https://www.gem.wiki/Zeus_Gas_Field_(Israel),按公开名录补入。原始产量字段未逐条核清口径，因此不移植为日产量；状态仅截至该版名录，不能证明2026-09-30仍在产。,[]
伊朗,Aban,单一油气田,,,undisclosed,,,无本资产数值；不可按零处理,,在产,无本资产指标，未用目录参考数值填充实产,2026-03版名录（不是逐田实测日期）,中,GEM approximate（2026-03版；未独立测绘）,False,47.2725,32.6871,Aban Oil Field (Iran);Aban Redevelopment Oil Asset (Iran),https://www.gem.wiki/Aban_Oil_Field_(Iran),按公开名录补入。原始产量字段未逐条核清口径，因此不移植为日产量；状态仅截至该版名录，不能证明2026-09-30仍在产。,[]
埃及,Yazzi,单一油气田,,,undisclosed,,,无本资产数值；不可按零处理,,在产,无本资产指标，未用目录参考数值填充实产,2026-03版名录（不是逐田实测日期）,中,GEM exact（2026-03版；未独立测绘）,False,30.1099,31.6203,Yazzi Oil and Gas Field (Egypt),https://www.gem.wiki/Yazzi_Oil_and_Gas_Field_(Egypt),按公开名录补入。原始产量字段未逐条核清口径，因此不移植为日产量；状态仅截至该版名录，不能证明2026-09-30仍在产。,[]
科威特,Abduliyah,单一油气田,,,undisclosed,,,无本资产数值；不可按零处理,,在产,无本资产指标，未用目录参考数值填充实产,2026-03版名录（不是逐田实测日期）,中,GEM exact（2026-03版；未独立测绘）,False,47.6854,29.0834,Abduliyah Oil and Gas Field (Kuwait),https://www.gem.wiki/Abduliyah_Oil_and_Gas_Field_(Kuwait),按公开名录补入。原始产量字段未逐条核清口径，因此不移植为日产量；状态仅截至该版名录，不能证明2026-09-30仍在产。,[]
伊拉克,West Kifl,单一油气田,,,undisclosed,,,无本资产数值；不可按零处理,,已发现／待商业化,无本资产指标，未用目录参考数值填充实产,2026-03版名录（不是逐田实测日期）,中,GEM exact（2026-03版；未独立测绘）,False,43.901,32.243,West Kifl Oil Field (Iraq),https://www.gem.wiki/West_Kifl_Oil_Field_(Iraq),按公开名录补入。原始产量字段未逐条核清口径，因此不移植为日产量；状态仅截至该版名录，不能证明2026-09-30仍在产。,[]
埃及,West Kalabsha,单一油气田,,,undisclosed,,,无本资产数值；不可按零处理,,在产,无本资产指标，未用目录参考数值填充实产,2026-03版名录（不是逐田实测日期）,中,国家级定位，禁止将国家中心作为油田坐标,False,,,West Kalabsha Oil and Gas Field (Egypt),https://www.gem.wiki/West_Kalabsha_Oil_and_Gas_Field_(Egypt),按公开名录补入。原始产量字段未逐条核清口径，因此不移植为日产量；状态仅截至该版名录，不能证明2026-09-30仍在产。,[]
埃及,Badri,单一油气田,,,undisclosed,,,无本资产数值；不可按零处理,,在产,无本资产指标，未用目录参考数值填充实产,2026-03版名录（不是逐田实测日期）,中,GEM exact（2026-03版；未独立测绘）,False,33.37,28.285,Badri Oil and Gas Field (Egypt),https://www.gem.wiki/Badri_Oil_and_Gas_Field_(Egypt),按公开名录补入。原始产量字段未逐条核清口径，因此不移植为日产量；状态仅截至该版名录，不能证明2026-09-30仍在产。,[]
埃及,Bakr,单一油气田,,,undisclosed,,,无本资产数值；不可按零处理,,在产,无本资产指标，未用目录参考数值填充实产,2026-03版名录（不是逐田实测日期）,中,GEM exact（2026-03版；未独立测绘）,False,32.89,28.506,Bakr Oil and Gas Field (Egypt),https://www.gem.wiki/Bakr_Oil_and_Gas_Field_(Egypt),按公开名录补入。原始产量字段未逐条核清口径，因此不移植为日产量；状态仅截至该版名录，不能证明2026-09-30仍在产。,[]
伊朗,Balaroud,单一油气田,,,undisclosed,,,无本资产数值；不可按零处理,,开发／建设中,无本资产指标，未用目录参考数值填充实产,2026-03版名录（不是逐田实测日期）,中,GEM exact（2026-03版；未独立测绘）,False,48.4208,32.7514,Balaroud Oil and Gas Field (Iran),https://www.gem.wiki/Balaroud_Oil_and_Gas_Field_(Iran),按公开名录补入。原始产量字段未逐条核清口径，因此不移植为日产量；状态仅截至该版名录，不能证明2026-09-30仍在产。,[]
叙利亚,Wahab,单一油气田,,,undisclosed,,,无本资产数值；不可按零处理,,在产,无本资产指标，未用目录参考数值填充实产,2026-03版名录（不是逐田实测日期）,中,GEM approximate（2026-03版；未独立测绘）,False,38.9487,36.0494,Wahab Oil Field (Syria),https://www.gem.wiki/Wahab_Oil_Field_(Syria),按公开名录补入。原始产量字段未逐条核清口径，因此不移植为日产量；状态仅截至该版名录，不能证明2026-09-30仍在产。,[]
伊拉克,Bina Bawi,单一油气田,,,undisclosed,,,无本资产数值；不可按零处理,,暂停生产,无本资产指标，未用目录参考数值填充实产,2026-03版名录（不是逐田实测日期）,中,GEM approximate（2026-03版；未独立测绘）,False,43.9884,36.4987,Bina Bawi Oil and Gas Field (Iraq),https://www.gem.wiki/Bina_Bawi_Oil_and_Gas_Field_(Iraq),按公开名录补入。原始产量字段未逐条核清口径，因此不移植为日产量；状态仅截至该版名录，不能证明2026-09-30仍在产。,[]
埃及,Bed-2,单一油气田,,,undisclosed,,,无本资产数值；不可按零处理,,在产,无本资产指标，未用目录参考数值填充实产,2026-03版名录（不是逐田实测日期）,中,GEM approximate（2026-03版；未独立测绘）,False,26.66,30.26,Bed-2 Oil and Gas Field (Egypt),https://www.gem.wiki/Bed-2_Oil_and_Gas_Field_(Egypt),按公开名录补入。原始产量字段未逐条核清口径，因此不移植为日产量；状态仅截至该版名录，不能证明2026-09-30仍在产。,[]
埃及,Belayim Marine,单一油气田,Belayim,,undisclosed,,,无本资产数值；不可按零处理,,在产,无本资产指标，未用目录参考数值填充实产,2026-03版名录（不是逐田实测日期）,中,GEM exact（2026-03版；未独立测绘）,False,33.2076,28.6197,Belayim Marine Oil and Gas Field (Egypt),https://www.gem.wiki/Belayim_Marine_Oil_and_Gas_Field_(Egypt),按公开名录补入。原始产量字段未逐条核清口径，因此不移植为日产量；状态仅截至该版名录，不能证明2026-09-30仍在产。,[]
埃及,WDDM Phase 11 Gas Phase,开发项目,,,undisclosed,,,无本资产数值；不可按零处理,,在产,无本资产指标，未用目录参考数值填充实产,2026-03版名录（不是逐田实测日期）,中,GEM approximate（2026-03版；未独立测绘）,False,30.347,31.9725,WDDM Phase 11 Gas Phase (Egypt),https://www.gem.wiki/WDDM_Phase_11_Gas_Phase_(Egypt),按公开名录补入。原始产量字段未逐条核清口径，因此不移植为日产量；状态仅截至该版名录，不能证明2026-09-30仍在产。,[]
阿联酋,Ras Al Sadr,单一油气田,,,undisclosed,,,无本资产数值；不可按零处理,,开发／建设中,无本资产指标，未用目录参考数值填充实产,2026-03版名录（不是逐田实测日期）,中,GEM approximate（2026-03版；未独立测绘）,False,54.6912,24.6941,Ras Al Sadr Gas Field (United Arab Emirates),https://www.gem.wiki/Ras_Al_Sadr_Gas_Field_(United_Arab_Emirates),按公开名录补入。原始产量字段未逐条核清口径，因此不移植为日产量；状态仅截至该版名录，不能证明2026-09-30仍在产。,[]
阿曼,Mabrouk Southwest,单一油气田,,,undisclosed,,,无本资产数值；不可按零处理,,在产,无本资产指标，未用目录参考数值填充实产,2026-03版名录（不是逐田实测日期）,中,GEM approximate（2026-03版；未独立测绘）,False,56.0697,20.3293,Mabrouk Southwest Oil and Gas Field (Oman),https://www.gem.wiki/Mabrouk_Southwest_Oil_and_Gas_Field_(Oman),按公开名录补入。原始产量字段未逐条核清口径，因此不移植为日产量；状态仅截至该版名录，不能证明2026-09-30仍在产。,[]
科威特,Raudhatain East,单一油气田,,,undisclosed,,,无本资产数值；不可按零处理,,在产,无本资产指标，未用目录参考数值填充实产,2026-03版名录（不是逐田实测日期）,中,GEM approximate（2026-03版；未独立测绘）,False,47.7544,29.935,Raudhatain East Oil and Gas Field (Kuwait),https://www.gem.wiki/Raudhatain_East_Oil_and_Gas_Field_(Kuwait),按公开名录补入。原始产量字段未逐条核清口径，因此不移植为日产量；状态仅截至该版名录，不能证明2026-09-30仍在产。,[]
伊朗,Madar,单一油气田,,,undisclosed,,,无本资产数值；不可按零处理,,开发／建设中,无本资产指标，未用目录参考数值填充实产,2026-03版名录（不是逐田实测日期）,中,GEM approximate（2026-03版；未独立测绘）,False,52.68,27.34,Madar Gas Field (Iran),https://www.gem.wiki/Madar_Gas_Field_(Iran),按公开名录补入。原始产量字段未逐条核清口径，因此不移植为日产量；状态仅截至该版名录，不能证明2026-09-30仍在产。,[]
叙利亚,Ratka,单一油气田,,,undisclosed,,,无本资产数值；不可按零处理,,在产,无本资产指标，未用目录参考数值填充实产,2026-03版名录（不是逐田实测日期）,中,GEM approximate（2026-03版；未独立测绘）,False,40.3434,35.1366,Ratka Oil Field (Syria),https://www.gem.wiki/Ratka_Oil_Field_(Syria),按公开名录补入。原始产量字段未逐条核清口径，因此不移植为日产量；状态仅截至该版名录，不能证明2026-09-30仍在产。,[]
卡塔尔,RasGas 3,单一油气田,,,undisclosed,,,无本资产数值；不可按零处理,,在产,无本资产指标，未用目录参考数值填充实产,2026-03版名录（不是逐田实测日期）,中,GEM approximate（2026-03版；未独立测绘）,False,51.8521,26.5712,RasGas 3 Oil and Gas Field (Qatar),https://www.gem.wiki/RasGas_3_Oil_and_Gas_Field_(Qatar),按公开名录补入。原始产量字段未逐条核清口径，因此不移植为日产量；状态仅截至该版名录，不能证明2026-09-30仍在产。,[]
卡塔尔,RasGas 2,单一油气田,,,undisclosed,,,无本资产数值；不可按零处理,,在产,无本资产指标，未用目录参考数值填充实产,2026-03版名录（不是逐田实测日期）,中,GEM approximate（2026-03版；未独立测绘）,False,51.8521,26.5712,RasGas 2 Gas Field (Qatar),https://www.gem.wiki/RasGas_2_Gas_Field_(Qatar),按公开名录补入。原始产量字段未逐条核清口径，因此不移植为日产量；状态仅截至该版名录，不能证明2026-09-30仍在产。,[]
阿曼,Makarem,单一油气田,,,undisclosed,,,无本资产数值；不可按零处理,,在产,无本资产指标，未用目录参考数值填充实产,2026-03版名录（不是逐田实测日期）,中,GEM approximate（2026-03版；未独立测绘）,False,56.4643,21.705,Makarem Oil and Gas Field (Oman),https://www.gem.wiki/Makarem_Oil_and_Gas_Field_(Oman),按公开名录补入。原始产量字段未逐条核清口径，因此不移植为日产量；状态仅截至该版名录，不能证明2026-09-30仍在产。,[]
沙特阿拉伯,Maharah,单一油气田,,,undisclosed,,,无本资产数值；不可按零处理,,在产,无本资产指标，未用目录参考数值填充实产,2026-03版名录（不是逐田实测日期）,中,GEM exact（2026-03版；未独立测绘）,False,49.4833,28.3083,Maharah Oil Field (Saudi Arabia),https://www.gem.wiki/Maharah_Oil_Field_(Saudi_Arabia),按公开名录补入。原始产量字段未逐条核清口径，因此不移植为日产量；状态仅截至该版名录，不能证明2026-09-30仍在产。,[]
阿曼,Mabrouk Deep,单一油气田,,,undisclosed,,,无本资产数值；不可按零处理,,开发／建设中,无本资产指标，未用目录参考数值填充实产,2026-03版名录（不是逐田实测日期）,中,GEM approximate（2026-03版；未独立测绘）,False,56.0697,20.3293,Mabrouk Deep Oil and Gas Field (Oman),https://www.gem.wiki/Mabrouk_Deep_Oil_and_Gas_Field_(Oman),按公开名录补入。原始产量字段未逐条核清口径，因此不移植为日产量；状态仅截至该版名录，不能证明2026-09-30仍在产。,[]
科威特,Lulu,单一油气田,,,undisclosed,,,无本资产数值；不可按零处理,,在产,无本资产指标，未用目录参考数值填充实产,2026-03版名录（不是逐田实测日期）,中,GEM exact（2026-03版；未独立测绘）,False,49.508,28.7747,"Lulu Oil and Gas Field (Kuwait, Saudi Arabia, Iran)","https://www.gem.wiki/Lulu_Oil_and_Gas_Field_(Kuwait,_Saudi_Arabia,_Iran)",按公开名录补入。原始产量字段未逐条核清口径，因此不移植为日产量；状态仅截至该版名录，不能证明2026-09-30仍在产。,[]
埃及,Python,单一油气田,,,undisclosed,,,无本资产数值；不可按零处理,,在产,无本资产指标，未用目录参考数值填充实产,2026-03版名录（不是逐田实测日期）,中,GEM exact（2026-03版；未独立测绘）,False,30.0423,31.6052,Python Oil and Gas Field (Egypt),https://www.gem.wiki/Python_Oil_and_Gas_Field_(Egypt),按公开名录补入。原始产量字段未逐条核清口径，因此不移植为日产量；状态仅截至该版名录，不能证明2026-09-30仍在产。,[]
科威特,Marrat,单一油气田,,,undisclosed,,,无本资产数值；不可按零处理,,在产,无本资产指标，未用目录参考数值填充实产,2026-03版名录（不是逐田实测日期）,中,GEM approximate（2026-03版；未独立测绘）,False,47.9611,29.0054,Marrat Oil and Gas Field (Kuwait),https://www.gem.wiki/Marrat_Oil_and_Gas_Field_(Kuwait),按公开名录补入。原始产量字段未逐条核清口径，因此不移植为日产量；状态仅截至该版名录，不能证明2026-09-30仍在产。,[]
以色列,Mari-B,单一油气田,,,undisclosed,,,无本资产数值；不可按零处理,,停产／终止,无本资产指标，未用目录参考数值填充实产,2026-03版名录（不是逐田实测日期）,中,GEM exact（2026-03版；未独立测绘）,False,34.3123,31.7348,Mari-B Oil and Gas Field (Israel),https://www.gem.wiki/Mari-B_Oil_and_Gas_Field_(Israel),按公开名录补入。原始产量字段未逐条核清口径，因此不移植为日产量；状态仅截至该版名录，不能证明2026-09-30仍在产。,[]
埃及,Qarun,单一油气田,,,undisclosed,,,无本资产数值；不可按零处理,,在产,无本资产指标，未用目录参考数值填充实产,2026-03版名录（不是逐田实测日期）,中,GEM approximate（2026-03版；未独立测绘）,False,30.8578,29.5163,Qarun Oil and Gas Field (Egypt),https://www.gem.wiki/Qarun_Oil_and_Gas_Field_(Egypt),按公开名录补入。原始产量字段未逐条核清口径，因此不移植为日产量；状态仅截至该版名录，不能证明2026-09-30仍在产。,[]
卡塔尔,Qatargas 1,单一油气田,,,undisclosed,,,无本资产数值；不可按零处理,,在产,无本资产指标，未用目录参考数值填充实产,2026-03版名录（不是逐田实测日期）,中,GEM approximate（2026-03版；未独立测绘）,False,51.8521,26.5712,Qatargas 1 Gas Field (Qatar),https://www.gem.wiki/Qatargas_1_Gas_Field_(Qatar),按公开名录补入。原始产量字段未逐条核清口径，因此不移植为日产量；状态仅截至该版名录，不能证明2026-09-30仍在产。,[]
叙利亚,Maleh,单一油气田,,,undisclosed,,,无本资产数值；不可按零处理,,在产,无本资产指标，未用目录参考数值填充实产,2026-03版名录（不是逐田实测日期）,中,GEM approximate（2026-03版；未独立测绘）,False,40.3434,35.1366,Maleh Oil Field (Syria),https://www.gem.wiki/Maleh_Oil_Field_(Syria),按公开名录补入。原始产量字段未逐条核清口径，因此不移植为日产量；状态仅截至该版名录，不能证明2026-09-30仍在产。,[]
阿联酋,Qusahwira (Phase 2),开发项目,,,undisclosed,,,无本资产数值；不可按零处理,,开发／建设中,无本资产指标，未用目录参考数值填充实产,2026-03版名录（不是逐田实测日期）,中,GEM exact（2026-03版；未独立测绘）,False,54.7279,22.8022,Qusahwira (Phase 2) Oil Field (United Arab Emirates),https://www.gem.wiki/Qusahwira_(Phase_2)_Oil_Field_(United_Arab_Emirates),按公开名录补入。原始产量字段未逐条核清口径，因此不移植为日产量；状态仅截至该版名录，不能证明2026-09-30仍在产。,[]
阿联酋,Qusahwira (Phase 1),开发项目,,,undisclosed,,,无本资产数值；不可按零处理,,在产,无本资产指标，未用目录参考数值填充实产,2026-03版名录（不是逐田实测日期）,中,GEM exact（2026-03版；未独立测绘）,False,54.7279,22.8022,Qusahwira (Phase 1) Oil Field (United Arab Emirates),https://www.gem.wiki/Qusahwira_(Phase_1)_Oil_Field_(United_Arab_Emirates),按公开名录补入。原始产量字段未逐条核清口径，因此不移植为日产量；状态仅截至该版名录，不能证明2026-09-30仍在产。,[]
伊拉克,Mansuriyah,单一油气田,,,undisclosed,,,无本资产数值；不可按零处理,,开发／建设中,无本资产指标，未用目录参考数值填充实产,2026-03版名录（不是逐田实测日期）,中,GEM exact（2026-03版；未独立测绘）,False,44.978,34.109,Mansuriyah Oil and Gas Field (Iraq),https://www.gem.wiki/Mansuriyah_Oil_and_Gas_Field_(Iraq),按公开名录补入。原始产量字段未逐条核清口径，因此不移植为日产量；状态仅截至该版名录，不能证明2026-09-30仍在产。,[]
阿曼,Maradi Huraymah/Fushaigah,单一油气田,,,undisclosed,,,无本资产数值；不可按零处理,,在产,无本资产指标，未用目录参考数值填充实产,2026-03版名录（不是逐田实测日期）,中,GEM approximate（2026-03版；未独立测绘）,False,57.3014,22.3151,Maradi Huraymah/Fushaigah Oil and Gas Field (Oman),https://www.gem.wiki/Maradi_Huraymah/Fushaigah_Oil_and_Gas_Field_(Oman),按公开名录补入。原始产量字段未逐条核清口径，因此不移植为日产量；状态仅截至该版名录，不能证明2026-09-30仍在产。,[]
埃及,Saffron,单一油气田,,,undisclosed,,,无本资产数值；不可按零处理,,在产,无本资产指标，未用目录参考数值填充实产,2026-03版名录（不是逐田实测日期）,中,GEM exact（2026-03版；未独立测绘）,False,30.375,31.935,Saffron Oil and Gas Field (Egypt),https://www.gem.wiki/Saffron_Oil_and_Gas_Field_(Egypt),按公开名录补入。原始产量字段未逐条核清口径，因此不移植为日产量；状态仅截至该版名录，不能证明2026-09-30仍在产。,[]
阿曼,Sadad North,单一油气田,,,undisclosed,,,无本资产数值；不可按零处理,,在产,无本资产指标，未用目录参考数值填充实产,2026-03版名录（不是逐田实测日期）,中,GEM approximate（2026-03版；未独立测绘）,False,56.0697,20.3293,Sadad North Oil Field (Oman),https://www.gem.wiki/Sadad_North_Oil_Field_(Oman),按公开名录补入。原始产量字段未逐条核清口径，因此不移植为日产量；状态仅截至该版名录，不能证明2026-09-30仍在产。,[]
伊朗,Rudak Milatun,单一油气田,,,undisclosed,,,无本资产数值；不可按零处理,,在产,无本资产指标，未用目录参考数值填充实产,2026-03版名录（不是逐田实测日期）,中,GEM exact（2026-03版；未独立测绘）,False,51.3079,29.7204,Rudak Milatun Oil and Gas Field (Iran),https://www.gem.wiki/Rudak_Milatun_Oil_and_Gas_Field_(Iran),按公开名录补入。原始产量字段未逐条核清口径，因此不移植为日产量；状态仅截至该版名录，不能证明2026-09-30仍在产。,[]
伊朗,Lali,单一油气田,,,undisclosed,,,无本资产数值；不可按零处理,,在产,无本资产指标，未用目录参考数值填充实产,2026-03版名录（不是逐田实测日期）,中,GEM exact（2026-03版；未独立测绘）,False,49.0344,32.288,Lali Oil Field (Iran),https://www.gem.wiki/Lali_Oil_Field_(Iran),按公开名录补入。原始产量字段未逐条核清口径，因此不移植为日产量；状态仅截至该版名录，不能证明2026-09-30仍在产。,[]
阿曼,Runib,单一油气田,,,undisclosed,,,无本资产数值；不可按零处理,,待核实,无本资产指标，未用目录参考数值填充实产,2026-03版名录（不是逐田实测日期）,低,GEM exact（2026-03版；未独立测绘）,False,56.2,18.7667,Runib Oil Field (Oman),https://www.gem.wiki/Runib_Oil_Field_(Oman),按公开名录补入。原始产量字段未逐条核清口径，因此不移植为日产量；状态仅截至该版名录，不能证明2026-09-30仍在产。,[]
阿曼,Saih Rawl,单一油气田,,,undisclosed,,,无本资产数值；不可按零处理,,在产,无本资产指标，未用目录参考数值填充实产,2026-03版名录（不是逐田实测日期）,中,GEM approximate（2026-03版；未独立测绘）,False,56.0697,20.3293,Saih Rawl Oil and Gas Field (Oman),https://www.gem.wiki/Saih_Rawl_Oil_and_Gas_Field_(Oman),按公开名录补入。原始产量字段未逐条核清口径，因此不移植为日产量；状态仅截至该版名录，不能证明2026-09-30仍在产。,[]
伊拉克,Salman,单一油气田,,,undisclosed,,,无本资产数值；不可按零处理,,已发现／待商业化,无本资产指标，未用目录参考数值填充实产,2026-03版名录（不是逐田实测日期）,中,GEM approximate（2026-03版；未独立测绘）,False,44.1856,30.6058,Salman Oil and Gas Field (Iraq),https://www.gem.wiki/Salman_Oil_and_Gas_Field_(Iraq),按公开名录补入。原始产量字段未逐条核清口径，因此不移植为日产量；状态仅截至该版名录，不能证明2026-09-30仍在产。,[]
阿曼,Sakhiya,单一油气田,,,undisclosed,,,无本资产数值；不可按零处理,,在产,无本资产指标，未用目录参考数值填充实产,2026-03版名录（不是逐田实测日期）,中,GEM approximate（2026-03版；未独立测绘）,False,56.0697,20.3293,Sakhiya Oil Field (Oman),https://www.gem.wiki/Sakhiya_Oil_Field_(Oman),按公开名录补入。原始产量字段未逐条核清口径，因此不移植为日产量；状态仅截至该版名录，不能证明2026-09-30仍在产。,[]
土耳其,Sakarya,单一油气田,,约8.34,estimated_daily_average,百万立方米/日,2026年上半年估算日均（181天）,官方2026-08披露所支持的H1估算，非精确单田直报或当前流量,2026-09-30,在产,本次修订的来源与口径已核对,2026-03版名录（不是逐田实测日期）,中,GEM exact（2026-03版；未独立测绘）,False,31.2635,42.7511,Sakarya 1 Gas Phase (Türkiye);Sakarya Gas Field (Türkiye);Sakarya 2 Gas Phase (Türkiye),https://enerji.gov.tr/haber-detay?id=31903,"全国H1气产1,641百万立方米×Sakarya约92%÷181天=8.34百万立方米/日。来源为2026-08-16官方公告，总量与百分比均有舍入；将百分比解释为全国总量占比，不是权益产量。仅估算期间均值，不能证明当期每日或当前流量。",[]
埃及,Libra,单一油气田,,,undisclosed,,,无本资产数值；不可按零处理,,在产,无本资产指标，未用目录参考数值填充实产,2026-03版名录（不是逐田实测日期）,中,GEM exact（2026-03版；未独立测绘）,False,30.169,31.956,Libra Gas Field (Egypt),https://www.gem.wiki/Libra_Gas_Field_(Egypt),按公开名录补入。原始产量字段未逐条核清口径，因此不移植为日产量；状态仅截至该版名录，不能证明2026-09-30仍在产。,[]
阿曼,Rima,单一油气田,,,undisclosed,,,无本资产数值；不可按零处理,,在产,无本资产指标，未用目录参考数值填充实产,2026-03版名录（不是逐田实测日期）,中,GEM approximate（2026-03版；未独立测绘）,False,56.0697,20.3293,Rima Oil Field (Oman),https://www.gem.wiki/Rima_Oil_Field_(Oman),按公开名录补入。原始产量字段未逐条核清口径，因此不移植为日产量；状态仅截至该版名录，不能证明2026-09-30仍在产。,[]
以色列,Royee,单一油气田,,,undisclosed,,,无本资产数值；不可按零处理,,已发现／待商业化,无本资产指标，未用目录参考数值填充实产,2026-03版名录（不是逐田实测日期）,中,GEM approximate（2026-03版；未独立测绘）,False,33.3333,32.5,Royee Oil and Gas Field (Israel),https://www.gem.wiki/Royee_Oil_and_Gas_Field_(Israel),按公开名录补入。原始产量字段未逐条核清口径，因此不移植为日产量；状态仅截至该版名录，不能证明2026-09-30仍在产。,[]
沙特阿拉伯,Nuayyim,单一油气田,,,undisclosed,,,无本资产数值；不可按零处理,,在产,无本资产指标，未用目录参考数值填充实产,2026-03版名录（不是逐田实测日期）,中,GEM exact（2026-03版；未独立测绘）,False,47.3678,22.7878,Nuayyim Oil and Gas Field (Saudi Arabia),https://www.gem.wiki/Nuayyim_Oil_and_Gas_Field_(Saudi_Arabia),按公开名录补入。原始产量字段未逐条核清口径，因此不移植为日产量；状态仅截至该版名录，不能证明2026-09-30仍在产。,[]
埃及,Nour,单一油气田,,,undisclosed,,,无本资产数值；不可按零处理,,已发现／待商业化,无本资产指标，未用目录参考数值填充实产,2026-03版名录（不是逐田实测日期）,中,GEM approximate（2026-03版；未独立测绘）,False,32.750374,31.62418,Nour Gas Field (Egypt),https://www.gem.wiki/Nour_Gas_Field_(Egypt),按公开名录补入。原始产量字段未逐条核清口径，因此不移植为日产量；状态仅截至该版名录，不能证明2026-09-30仍在产。,[]
以色列,Noa,单一油气田,,,undisclosed,,,无本资产数值；不可按零处理,,暂停生产,无本资产指标，未用目录参考数值填充实产,2026-03版名录（不是逐田实测日期）,中,GEM exact（2026-03版；未独立测绘）,False,34.1688,31.8087,Noa Gas Field (Israel),https://www.gem.wiki/Noa_Gas_Field_(Israel),按公开名录补入。原始产量字段未逐条核清口径，因此不移植为日产量；状态仅截至该版名录，不能证明2026-09-30仍在产。,[]
埃及,Nooros East,单一油气田,,,undisclosed,,,无本资产数值；不可按零处理,,在产,无本资产指标，未用目录参考数值填充实产,2026-03版名录（不是逐田实测日期）,中,GEM approximate（2026-03版；未独立测绘）,False,30.985,31.709,Nooros East Oil and Gas Field (Egypt),https://www.gem.wiki/Nooros_East_Oil_and_Gas_Field_(Egypt),按公开名录补入。原始产量字段未逐条核清口径，因此不移植为日产量；状态仅截至该版名录，不能证明2026-09-30仍在产。,[]
埃及,North Abu Qir PIII,单一油气田,,,undisclosed,,,无本资产数值；不可按零处理,,在产,无本资产指标，未用目录参考数值填充实产,2026-03版名录（不是逐田实测日期）,中,GEM approximate（2026-03版；未独立测绘）,False,30.1893,31.4783,North Abu Qir PIII Oil and Gas Field (Egypt),https://www.gem.wiki/North_Abu_Qir_PIII_Oil_and_Gas_Field_(Egypt),按公开名录补入。原始产量字段未逐条核清口径，因此不移植为日产量；状态仅截至该版名录，不能证明2026-09-30仍在产。,[]
伊朗,North Pars,单一油气田,,,undisclosed,,,无本资产数值；不可按零处理,,开发／建设中,无本资产指标，未用目录参考数值填充实产,2026-03版名录（不是逐田实测日期）,中,GEM approximate（2026-03版；未独立测绘）,False,51.24,27.84,North Pars Gas Field (Iran),https://www.gem.wiki/North_Pars_Gas_Field_(Iran),按公开名录补入。原始产量字段未逐条核清口径，因此不移植为日产量；状态仅截至该版名录，不能证明2026-09-30仍在产。,[]
埃及,North Safa,单一油气田,,,undisclosed,,,无本资产数值；不可按零处理,,在产,无本资产指标，未用目录参考数值填充实产,2026-03版名录（不是逐田实测日期）,中,GEM approximate（2026-03版；未独立测绘）,False,33.2946,28.3596,North Safa Oil and Gas Field (Egypt),https://www.gem.wiki/North_Safa_Oil_and_Gas_Field_(Egypt),按公开名录补入。原始产量字段未逐条核清口径，因此不移植为日产量；状态仅截至该版名录，不能证明2026-09-30仍在产。,[]
土耳其,North Sakarya,单一油气田,,,undisclosed,,,无本资产数值；不可按零处理,,已发现／待商业化,无本资产指标，未用目录参考数值填充实产,2026-03版名录（不是逐田实测日期）,中,GEM exact（2026-03版；未独立测绘）,False,31.681,43.0329,North Sakarya Gas Field (Türkiye),https://www.gem.wiki/North_Sakarya_Gas_Field_(Türkiye),按公开名录补入。原始产量字段未逐条核清口径，因此不移植为日产量；状态仅截至该版名录，不能证明2026-09-30仍在产。,[]
科威特,North Wafra,单一油气田,,,undisclosed,,,无本资产数值；不可按零处理,,在产,无本资产指标，未用目录参考数值填充实产,2026-03版名录（不是逐田实测日期）,中,GEM approximate（2026-03版；未独立测绘）,False,47.8621,28.4473,"North Wafra Oil and Gas Field (Kuwait, Saudi Arabia)","https://www.gem.wiki/North_Wafra_Oil_and_Gas_Field_(Kuwait,_Saudi_Arabia)",按公开名录补入。原始产量字段未逐条核清口径，因此不移植为日产量；状态仅截至该版名录，不能证明2026-09-30仍在产。,[]
埃及,Nidoco NW,单一油气田,,,undisclosed,,,无本资产数值；不可按零处理,,在产,无本资产指标，未用目录参考数值填充实产,2026-03版名录（不是逐田实测日期）,中,GEM approximate（2026-03版；未独立测绘）,False,31.2372,31.6386,Nidoco NW Gas Field (Egypt),https://www.gem.wiki/Nidoco_NW_Gas_Field_(Egypt),按公开名录补入。原始产量字段未逐条核清口径，因此不移植为日产量；状态仅截至该版名录，不能证明2026-09-30仍在产。,[]
伊朗,Pol Dokhtar,单一油气田,,,undisclosed,,,无本资产数值；不可按零处理,,待核实,无本资产指标，未用目录参考数值填充实产,2026-03版名录（不是逐田实测日期）,低,国家级定位，禁止将国家中心作为油田坐标,False,,,Pol Dokhtar Oil and Gas Field (Iran),https://www.gem.wiki/Pol_Dokhtar_Oil_and_Gas_Field_(Iran),按公开名录补入。原始产量字段未逐条核清口径，因此不移植为日产量；状态仅截至该版名录，不能证明2026-09-30仍在产。,[]
伊拉克,Merjan,单一油气田,,,undisclosed,,,无本资产数值；不可按零处理,,已发现／待商业化,无本资产指标，未用目录参考数值填充实产,2026-03版名录（不是逐田实测日期）,中,GEM exact（2026-03版；未独立测绘）,False,43.693,32.393,Merjan Oil Field (Iraq),https://www.gem.wiki/Merjan_Oil_Field_(Iraq),按公开名录补入。原始产量字段未逐条核清口径，因此不移植为日产量；状态仅截至该版名录，不能证明2026-09-30仍在产。,[]
埃及,Mina West,单一油气田,,,undisclosed,,,无本资产数值；不可按零处理,,开发／建设中,无本资产指标，未用目录参考数值填充实产,2026-03版名录（不是逐田实测日期）,中,GEM approximate（2026-03版；未独立测绘）,False,30.7772,32.2826,Mina West Gas Field (Egypt),https://www.gem.wiki/Mina_West_Gas_Field_(Egypt),按公开名录补入。原始产量字段未逐条核清口径，因此不移植为日产量；状态仅截至该版名录，不能证明2026-09-30仍在产。,[]
阿联酋,Mubarak,单一油气田,,,undisclosed,,,无本资产数值；不可按零处理,,在产,无本资产指标，未用目录参考数值填充实产,2026-03版名录（不是逐田实测日期）,中,GEM exact（2026-03版；未独立测绘）,False,55.2623,25.842,Mubarak Oil and Gas Field (United Arab Emirates),https://www.gem.wiki/Mubarak_Oil_and_Gas_Field_(United_Arab_Emirates),按公开名录补入。原始产量字段未逐条核清口径，因此不移植为日产量；状态仅截至该版名录，不能证明2026-09-30仍在产。,[]
伊朗,Nar,单一油气田,,,undisclosed,,,无本资产数值；不可按零处理,,在产,无本资产指标，未用目录参考数值填充实产,2026-03版名录（不是逐田实测日期）,中,GEM exact（2026-03版；未独立测绘）,False,52.2501,27.9235,Nar Gas Field (Iran),https://www.gem.wiki/Nar_Gas_Field_(Iran),按公开名录补入。原始产量字段未逐条核清口径，因此不移植为日产量；状态仅截至该版名录，不能证明2026-09-30仍在产。,[]
埃及,Narges,单一油气田,,,undisclosed,,,无本资产数值；不可按零处理,,开发／建设中,无本资产指标，未用目录参考数值填充实产,2026-03版名录（不是逐田实测日期）,中,GEM approximate（2026-03版；未独立测绘）,False,33.27,31.68,Narges Gas Field (Egypt),https://www.gem.wiki/Narges_Gas_Field_(Egypt),按公开名录补入。原始产量字段未逐条核清口径，因此不移植为日产量；状态仅截至该版名录，不能证明2026-09-30仍在产。,[]
伊拉克,Nau Doman,单一油气田,,,undisclosed,,,无本资产数值；不可按零处理,,开发／建设中,无本资产指标，未用目录参考数值填充实产,2026-03版名录（不是逐田实测日期）,中,GEM approximate（2026-03版；未独立测绘）,False,45.1205,33.9522,Nau Doman Oil and Gas Field (Iraq),https://www.gem.wiki/Nau_Doman_Oil_and_Gas_Field_(Iraq),按公开名录补入。原始产量字段未逐条核清口径，因此不移植为日产量；状态仅截至该版名录，不能证明2026-09-30仍在产。,[]
伊朗,Naft Safid,单一油气田,,,undisclosed,,,无本资产数值；不可按零处理,,在产,无本资产指标，未用目录参考数值填充实产,2026-03版名录（不是逐田实测日期）,中,GEM exact（2026-03版；未独立测绘）,False,49.2197,31.6999,Naft Safid Oil Field (Iran),https://www.gem.wiki/Naft_Safid_Oil_Field_(Iran),按公开名录补入。原始产量字段未逐条核清口径，因此不移植为日产量；状态仅截至该版名录，不能证明2026-09-30仍在产。,[]
伊朗,Namavaran,单一油气田,,,undisclosed,,,无本资产数值；不可按零处理,,已发现／待商业化,无本资产指标，未用目录参考数值填充实产,2026-03版名录（不是逐田实测日期）,中,国家级定位，禁止将国家中心作为油田坐标,False,,,Namavaran Oil Field (Iran),https://www.gem.wiki/Namavaran_Oil_Field_(Iran),按公开名录补入。原始产量字段未逐条核清口径，因此不移植为日产量；状态仅截至该版名录，不能证明2026-09-30仍在产。,[]
伊拉克,Kurdamir,单一油气田,,,undisclosed,,,无本资产数值；不可按零处理,,开发／建设中,无本资产指标，未用目录参考数值填充实产,2026-03版名录（不是逐田实测日期）,中,GEM approximate（2026-03版；未独立测绘）,False,44.6297,36.0831,Kurdamir Gas Field (Iraq),https://www.gem.wiki/Kurdamir_Gas_Field_(Iraq),按公开名录补入。原始产量字段未逐条核清口径，因此不移植为日产量；状态仅截至该版名录，不能证明2026-09-30仍在产。,[]
叙利亚,Habbari,单一油气田,,,undisclosed,,,无本资产数值；不可按零处理,,在产,无本资产指标，未用目录参考数值填充实产,2026-03版名录（不是逐田实测日期）,中,GEM approximate（2026-03版；未独立测绘）,False,38.9487,36.0494,Habbari Oil Field (Syria),https://www.gem.wiki/Habbari_Oil_Field_(Syria),按公开名录补入。原始产量字段未逐条核清口径，因此不移植为日产量；状态仅截至该版名录，不能证明2026-09-30仍在产。,[]
阿联酋,Habshan,单一油气田,,,undisclosed,,,无本资产数值；不可按零处理,,在产,无本资产指标，未用目录参考数值填充实产,2026-03版名录（不是逐田实测日期）,中,GEM approximate（2026-03版；未独立测绘）,False,53.4534,23.7981,Habshan Oil and Gas Field (United Arab Emirates),https://www.gem.wiki/Habshan_Oil_and_Gas_Field_(United_Arab_Emirates),按公开名录补入。原始产量字段未逐条核清口径，因此不移植为日产量；状态仅截至该版名录，不能证明2026-09-30仍在产。,[]
伊朗,Halegan,单一油气田,,,undisclosed,,,无本资产数值；不可按零处理,,开发／建设中,无本资产指标，未用目录参考数值填充实产,2026-03版名录（不是逐田实测日期）,中,GEM approximate（2026-03版；未独立测绘）,False,52.6066,28.1268,Halegan Gas Field (Iran),https://www.gem.wiki/Halegan_Gas_Field_(Iran),按公开名录补入。原始产量字段未逐条核清口径，因此不移植为日产量；状态仅截至该版名录，不能证明2026-09-30仍在产。,[]
沙特阿拉伯,Haradh,单一油气田,,,undisclosed,,,无本资产数值；不可按零处理,,在产,无本资产指标，未用目录参考数值填充实产,2026-03版名录（不是逐田实测日期）,中,GEM approximate（2026-03版；未独立测绘）,False,49.0782,24.1358,Haradh Gas Field (Saudi Arabia),https://www.gem.wiki/Haradh_Gas_Field_(Saudi_Arabia),按公开名录补入。原始产量字段未逐条核清口径，因此不移植为日产量；状态仅截至该版名录，不能证明2026-09-30仍在产。,[]
埃及,Giza,单一油气田,,,undisclosed,,,无本资产数值；不可按零处理,,在产,无本资产指标，未用目录参考数值填充实产,2026-03版名录（不是逐田实测日期）,中,GEM exact（2026-03版；未独立测绘）,False,29.846,31.703,Giza Gas Field (Egypt),https://www.gem.wiki/Giza_Gas_Field_(Egypt),按公开名录补入。原始产量字段未逐条核清口径，因此不移植为日产量；状态仅截至该版名录，不能证明2026-09-30仍在产。,[]
埃及,GNN,单一油气田,,,undisclosed,,,无本资产数值；不可按零处理,,在产,无本资产指标，未用目录参考数值填充实产,2026-03版名录（不是逐田实测日期）,中,国家级定位，禁止将国家中心作为油田坐标,False,,,GNN Oil and Gas Field (Egypt),https://www.gem.wiki/GNN_Oil_and_Gas_Field_(Egypt),按公开名录补入。原始产量字段未逐条核清口径，因此不移植为日产量；状态仅截至该版名录，不能证明2026-09-30仍在产。,[]
土耳其,Goktepe,单一油气田,,,undisclosed,,,无本资产数值；不可按零处理,,已发现／待商业化,无本资产指标，未用目录参考数值填充实产,2026-03版名录（不是逐田实测日期）,中,GEM approximate（2026-03版；未独立测绘）,False,32.0029784,42.412331,Goktepe Gas Field (Türkiye),https://www.gem.wiki/Goktepe_Gas_Field_(Türkiye),按公开名录补入。原始产量字段未逐条核清口径，因此不移植为日产量；状态仅截至该版名录，不能证明2026-09-30仍在产。,[]
伊朗,Golshan,单一油气田,,,undisclosed,,,无本资产数值；不可按零处理,,已发现／待商业化,无本资产指标，未用目录参考数值填充实产,2026-03版名录（不是逐田实测日期）,中,GEM exact（2026-03版；未独立测绘）,False,51.31,27.33,Golshan Gas Field (Iran),https://www.gem.wiki/Golshan_Gas_Field_(Iran),按公开名录补入。原始产量字段未逐条核清口径，因此不移植为日产量；状态仅截至该版名录，不能证明2026-09-30仍在产。,[]
埃及,Hilal,单一油气田,,,undisclosed,,,无本资产数值；不可按零处理,,在产,无本资产指标，未用目录参考数值填充实产,2026-03版名录（不是逐田实测日期）,中,GEM exact（2026-03版；未独立测绘）,False,33.757,27.781,Hilal Oil and Gas Field (Egypt),https://www.gem.wiki/Hilal_Oil_and_Gas_Field_(Egypt),按公开名录补入。原始产量字段未逐条核清口径，因此不移植为日产量；状态仅截至该版名录，不能证明2026-09-30仍在产。,[]
科威特,Homah,单一油气田,,,undisclosed,,,无本资产数值；不可按零处理,,已发现／待商业化,无本资产指标，未用目录参考数值填充实产,2026-03版名录（不是逐田实测日期）,中,GEM approximate（2026-03版；未独立测绘）,False,47.3111,29.8114,Homah Oil and Gas Field (Kuwait),https://www.gem.wiki/Homah_Oil_and_Gas_Field_(Kuwait),按公开名录补入。原始产量字段未逐条核清口径，因此不移植为日产量；状态仅截至该版名录，不能证明2026-09-30仍在产。,[]
埃及,Harmattan,单一油气田,,,undisclosed,,,无本资产数值；不可按零处理,,开发／建设中,无本资产指标，未用目录参考数值填充实产,2026-03版名录（不是逐田实测日期）,中,GEM approximate（2026-03版；未独立测绘）,False,31.8142,31.5285,Harmattan Gas Field (Egypt),https://www.gem.wiki/Harmattan_Gas_Field_(Egypt),按公开名录补入。原始产量字段未逐条核清口径，因此不移植为日产量；状态仅截至该版名录，不能证明2026-09-30仍在产。,[]
科威特,Humma,单一油气田,,,undisclosed,,,无本资产数值；不可按零处理,,在产,无本资产指标，未用目录参考数值填充实产,2026-03版名录（不是逐田实测日期）,中,GEM exact（2026-03版；未独立测绘）,False,47.9248,28.2898,"Humma Oil and Gas Field (Kuwait, Saudi Arabia)","https://www.gem.wiki/Humma_Oil_and_Gas_Field_(Kuwait,_Saudi_Arabia)",按公开名录补入。原始产量字段未逐条核清口径，因此不移植为日产量；状态仅截至该版名录，不能证明2026-09-30仍在产。,[]
埃及,Herunefer,单一油气田,,,undisclosed,,,无本资产数值；不可按零处理,,在产,无本资产指标，未用目录参考数值填充实产,2026-03版名录（不是逐田实测日期）,中,GEM approximate（2026-03版；未独立测绘）,False,27.2766,30.817,Herunefer Oil and Gas Field (Egypt),https://www.gem.wiki/Herunefer_Oil_and_Gas_Field_(Egypt),按公开名录补入。原始产量字段未逐条核清口径，因此不移植为日产量；状态仅截至该版名录，不能证明2026-09-30仍在产。,[]
沙特阿拉伯,Hasbah,单一油气田,,,undisclosed,,,无本资产数值；不可按零处理,,在产,无本资产指标，未用目录参考数值填充实产,2026-03版名录（不是逐田实测日期）,中,GEM exact（2026-03版；未独立测绘）,False,49.9194,28.1477,Hasbah Oil and Gas Field (Saudi Arabia),https://www.gem.wiki/Hasbah_Oil_and_Gas_Field_(Saudi_Arabia),按公开名录补入。原始产量字段未逐条核清口径，因此不移植为日产量；状态仅截至该版名录，不能证明2026-09-30仍在产。,[]
埃及,South Sidri,单一油气田,,,undisclosed,,,无本资产数值；不可按零处理,,在产,无本资产指标，未用目录参考数值填充实产,2026-03版名录（不是逐田实测日期）,中,GEM exact（2026-03版；未独立测绘）,False,33.1938,28.839,South Sidri Oil Field (Egypt),https://www.gem.wiki/South_Sidri_Oil_Field_(Egypt),按公开名录补入。原始产量字段未逐条核清口径，因此不移植为日产量；状态仅截至该版名录，不能证明2026-09-30仍在产。,[]
沙特阿拉伯,Hawiyah,单一油气田,,,undisclosed,,,无本资产数值；不可按零处理,,在产,无本资产指标，未用目录参考数值填充实产,2026-03版名录（不是逐田实测日期）,中,GEM approximate（2026-03版；未独立测绘）,False,49.386,24.8016,Hawiyah Gas Field (Saudi Arabia),https://www.gem.wiki/Hawiyah_Gas_Field_(Saudi_Arabia),按公开名录补入。原始产量字段未逐条核清口径，因此不移植为日产量；状态仅截至该版名录，不能证明2026-09-30仍在产。,[]
以色列,Hermes,单一油气田,,,undisclosed,,,无本资产数值；不可按零处理,,已发现／待商业化,无本资产指标，未用目录参考数值填充实产,2026-03版名录（不是逐田实测日期）,中,国家级定位，禁止将国家中心作为油田坐标,False,,,Hermes Gas Field (Israel),https://www.gem.wiki/Hermes_Gas_Field_(Israel),按公开名录补入。原始产量字段未逐条核清口径，因此不移植为日产量；状态仅截至该版名录，不能证明2026-09-30仍在产。,[]
科威特,South Magwa,单一油气田,,,undisclosed,,,无本资产数值；不可按零处理,,待核实,无本资产指标，未用目录参考数值填充实产,2026-03版名录（不是逐田实测日期）,低,GEM approximate（2026-03版；未独立测绘）,False,47.9325,29.1178,South Magwa Oil Field (Kuwait),https://www.gem.wiki/South_Magwa_Oil_Field_(Kuwait),按公开名录补入。原始产量字段未逐条核清口径，因此不移植为日产量；状态仅截至该版名录，不能证明2026-09-30仍在产。,[]
伊朗,Esfandiar,单一油气田,,,undisclosed,,,无本资产数值；不可按零处理,,开发／建设中,无本资产指标，未用目录参考数值填充实产,2026-03版名录（不是逐田实测日期）,中,GEM approximate（2026-03版；未独立测绘）,False,49.6,28.86,Esfandiar Oil Field (Iran),https://www.gem.wiki/Esfandiar_Oil_Field_(Iran),按公开名录补入。原始产量字段未逐条核清口径，因此不移植为日产量；状态仅截至该版名录，不能证明2026-09-30仍在产。,[]
叙利亚,Fadeh,单一油气田,,,undisclosed,,,无本资产数值；不可按零处理,,在产,无本资产指标，未用目录参考数值填充实产,2026-03版名录（不是逐田实测日期）,中,GEM exact（2026-03版；未独立测绘）,False,38.474,35.234,Fadeh Oil Field (Syria),https://www.gem.wiki/Fadeh_Oil_Field_(Syria),按公开名录补入。原始产量字段未逐条核清口径，因此不移植为日产量；状态仅截至该版名录，不能证明2026-09-30仍在产。,[]
阿曼,Fahd,单一油气田,,,undisclosed,,,无本资产数值；不可按零处理,,已发现／待商业化,无本资产指标，未用目录参考数值填充实产,2026-03版名录（不是逐田实测日期）,中,国家级定位，禁止将国家中心作为油田坐标,False,,,Fahd Oil Field (Oman),https://www.gem.wiki/Fahd_Oil_Field_(Oman),按公开名录补入。原始产量字段未逐条核清口径，因此不移植为日产量；状态仅截至该版名录，不能证明2026-09-30仍在产。,[]
阿曼,Fahd South,单一油气田,,,undisclosed,,,无本资产数值；不可按零处理,,已发现／待商业化,无本资产指标，未用目录参考数值填充实产,2026-03版名录（不是逐田实测日期）,中,国家级定位，禁止将国家中心作为油田坐标,False,,,Fahd South Oil Field (Oman),https://www.gem.wiki/Fahd_South_Oil_Field_(Oman),按公开名录补入。原始产量字段未逐条核清口径，因此不移植为日产量；状态仅截至该版名录，不能证明2026-09-30仍在产。,[]
阿曼,Fahd Southwest,单一油气田,,,undisclosed,,,无本资产数值；不可按零处理,,已发现／待商业化,无本资产指标，未用目录参考数值填充实产,2026-03版名录（不是逐田实测日期）,中,GEM approximate（2026-03版；未独立测绘）,False,55.8542,21.178,Fahd Southwest Oil Field (Oman),https://www.gem.wiki/Fahd_Southwest_Oil_Field_(Oman),按公开名录补入。原始产量字段未逐条核清口径，因此不移植为日产量；状态仅截至该版名录，不能证明2026-09-30仍在产。,[]
伊拉克,Eridu,单一油气田,,,undisclosed,,,无本资产数值；不可按零处理,,开发／建设中,无本资产指标，未用目录参考数值填充实产,2026-03版名录（不是逐田实测日期）,中,GEM approximate（2026-03版；未独立测绘）,False,45.99,30.73,Eridu Oil Field (Iraq),https://www.gem.wiki/Eridu_Oil_Field_(Iraq),按公开名录补入。原始产量字段未逐条核清口径，因此不移植为日产量；状态仅截至该版名录，不能证明2026-09-30仍在产。,[]
埃及,El King,单一油气田,,,undisclosed,,,无本资产数值；不可按零处理,,已发现／待商业化,无本资产指标，未用目录参考数值填充实产,2026-03版名录（不是逐田实测日期）,中,GEM approximate（2026-03版；未独立测绘）,False,29.5983,31.9027,El King Oil and Gas Field (Egypt),https://www.gem.wiki/El_King_Oil_and_Gas_Field_(Egypt),按公开名录补入。原始产量字段未逐条核清口径，因此不移植为日产量；状态仅截至该版名录，不能证明2026-09-30仍在产。,[]
以色列,Tamar Southwest,单一油气田,,,undisclosed,,,无本资产数值；不可按零处理,,开发／建设中,无本资产指标，未用目录参考数值填充实产,2026-03版名录（不是逐田实测日期）,中,GEM exact（2026-03版；未独立测绘）,False,33.92,32.92,Tamar Southwest Oil and Gas Field (Israel),https://www.gem.wiki/Tamar_Southwest_Oil_and_Gas_Field_(Israel),按公开名录补入。原始产量字段未逐条核清口径，因此不移植为日产量；状态仅截至该版名录，不能证明2026-09-30仍在产。,[]
埃及,El Qar,单一油气田,,,undisclosed,,,无本资产数值；不可按零处理,,在产,无本资产指标，未用目录参考数值填充实产,2026-03版名录（不是逐田实测日期）,中,GEM approximate（2026-03版；未独立测绘）,False,31.2696,31.5513,El Qar Oil and Gas Field (Egypt),https://www.gem.wiki/El_Qar_Oil_and_Gas_Field_(Egypt),按公开名录补入。原始产量字段未逐条核清口径，因此不移植为日产量；状态仅截至该版名录，不能证明2026-09-30仍在产。,[]
伊朗,Eram,单一油气田,,,undisclosed,,,无本资产数值；不可按零处理,,已发现／待商业化,无本资产指标，未用目录参考数值填充实产,2026-03版名录（不是逐田实测日期）,中,GEM approximate（2026-03版；未独立测绘）,False,52.6218,28.0158,Eram Gas Field (Iran),https://www.gem.wiki/Eram_Gas_Field_(Iran),按公开名录补入。原始产量字段未逐条核清口径，因此不移植为日产量；状态仅截至该版名录，不能证明2026-09-30仍在产。,[]
伊朗,Farzad B,单一油气田,,,undisclosed,,,无本资产数值；不可按零处理,,开发／建设中,无本资产指标，未用目录参考数值填充实产,2026-03版名录（不是逐田实测日期）,中,GEM approximate（2026-03版；未独立测绘）,False,49.8325,27.715,Farzad B Gas Field (Iran),https://www.gem.wiki/Farzad_B_Gas_Field_(Iran),按公开名录补入。原始产量字段未逐条核清口径，因此不移植为日产量；状态仅截至该版名录，不能证明2026-09-30仍在产。,[]
伊朗,Gardan,单一油气田,,,undisclosed,,,无本资产数值；不可按零处理,,已发现／待商业化,无本资产指标，未用目录参考数值填充实产,2026-03版名录（不是逐田实测日期）,中,国家级定位，禁止将国家中心作为油田坐标,False,,,Gardan Gas Field (Iran),https://www.gem.wiki/Gardan_Gas_Field_(Iran),按公开名录补入。原始产量字段未逐条核清口径，因此不移植为日产量；状态仅截至该版名录，不能证明2026-09-30仍在产。,[]
阿曼,Ghaba North,单一油气田,,,undisclosed,,,无本资产数值；不可按零处理,,在产,无本资产指标，未用目录参考数值填充实产,2026-03版名录（不是逐田实测日期）,中,GEM approximate（2026-03版；未独立测绘）,False,57.0945,21.3087,Ghaba North Oil Field (Oman),https://www.gem.wiki/Ghaba_North_Oil_Field_(Oman),按公开名录补入。原始产量字段未逐条核清口径，因此不移植为日产量；状态仅截至该版名录，不能证明2026-09-30仍在产。,[]
阿曼,Ghafeer,单一油气田,,,undisclosed,,,无本资产数值；不可按零处理,,在产,无本资产指标，未用目录参考数值填充实产,2026-03版名录（不是逐田实测日期）,中,GEM approximate（2026-03版；未独立测绘）,False,56.1569,21.8916,Ghafeer Oil and Gas Field (Oman),https://www.gem.wiki/Ghafeer_Oil_and_Gas_Field_(Oman),按公开名录补入。原始产量字段未逐条核清口径，因此不移植为日产量；状态仅截至该版名录，不能证明2026-09-30仍在产。,[]
埃及,Fayoum,单一油气田,,,undisclosed,,,无本资产数值；不可按零处理,,在产,无本资产指标，未用目录参考数值填充实产,2026-03版名录（不是逐田实测日期）,中,GEM exact（2026-03版；未独立测绘）,False,29.884,31.602,Fayoum Gas Field (Egypt),https://www.gem.wiki/Fayoum_Gas_Field_(Egypt),按公开名录补入。原始产量字段未逐条核清口径，因此不移植为日产量；状态仅截至该版名录，不能证明2026-09-30仍在产。,[]
伊朗,Ferdowsi,单一油气田,,,undisclosed,,,无本资产数值；不可按零处理,,在产,无本资产指标，未用目录参考数值填充实产,2026-03版名录（不是逐田实测日期）,中,GEM approximate（2026-03版；未独立测绘）,False,51.04,27.23,Ferdowsi Oil and Gas Field (Iran),https://www.gem.wiki/Ferdowsi_Oil_and_Gas_Field_(Iran),按公开名录补入。原始产量字段未逐条核清口径，因此不移植为日产量；状态仅截至该版名录，不能证明2026-09-30仍在产。,[]
埃及,Khalda,单一油气田,,,undisclosed,,,无本资产数值；不可按零处理,,在产,无本资产指标，未用目录参考数值填充实产,2026-03版名录（不是逐田实测日期）,中,GEM exact（2026-03版；未独立测绘）,False,26.958,30.654,Khalda Oil and Gas Field (Egypt),https://www.gem.wiki/Khalda_Oil_and_Gas_Field_(Egypt),按公开名录补入。原始产量字段未逐条核清口径，因此不移植为日产量；状态仅截至该版名录，不能证明2026-09-30仍在产。,[]
巴林,Khaleej Al-Bahrain,单一油气田,,,undisclosed,,,无本资产数值；不可按零处理,,已发现／待商业化,无本资产指标，未用目录参考数值填充实产,2026-03版名录（不是逐田实测日期）,中,GEM approximate（2026-03版；未独立测绘）,False,50.3568,26.0451,Khaleej Al-Bahrain Oil and Gas Field (Bahrain),https://www.gem.wiki/Khaleej_Al-Bahrain_Oil_and_Gas_Field_(Bahrain),按公开名录补入。原始产量字段未逐条核清口径，因此不移植为日产量；状态仅截至该版名录，不能证明2026-09-30仍在产。,[]
伊拉克,Khanah,单一油气田,,,undisclosed,,,无本资产数值；不可按零处理,,开发／建设中,无本资产指标，未用目录参考数值填充实产,2026-03版名录（不是逐田实测日期）,中,GEM approximate（2026-03版；未独立测绘）,False,45.4085,34.1814,Khanah Oil Field (Iraq),https://www.gem.wiki/Khanah_Oil_Field_(Iraq),按公开名录补入。原始产量字段未逐条核清口径，因此不移植为日产量；状态仅截至该版名录，不能证明2026-09-30仍在产。,[]
埃及,Scarab,单一油气田,,,undisclosed,,,无本资产数值；不可按零处理,,在产,无本资产指标，未用目录参考数值填充实产,2026-03版名录（不是逐田实测日期）,中,GEM exact（2026-03版；未独立测绘）,False,30.375,31.935,Scarab Oil and Gas Field (Egypt),https://www.gem.wiki/Scarab_Oil_and_Gas_Field_(Egypt),按公开名录补入。原始产量字段未逐条核清口径，因此不移植为日产量；状态仅截至该版名录，不能证明2026-09-30仍在产。,[]
伊朗,Khartang,单一油气田,,,undisclosed,,,无本资产数值；不可按零处理,,开发／建设中,无本资产指标，未用目录参考数值填充实产,2026-03版名录（不是逐田实测日期）,中,GEM approximate（2026-03版；未独立测绘）,False,51.95,28.25,Khartang Gas Field (Iran),https://www.gem.wiki/Khartang_Gas_Field_(Iran),按公开名录补入。原始产量字段未逐条核清口径，因此不移植为日产量；状态仅截至该版名录，不能证明2026-09-30仍在产。,[]
科威特,Khashman,单一油气田,,,undisclosed,,,无本资产数值；不可按零处理,,待核实,无本资产指标，未用目录参考数值填充实产,2026-03版名录（不是逐田实测日期）,低,GEM exact（2026-03版；未独立测绘）,False,47.8809,29.2312,Khashman Oil and Gas Field (Kuwait),https://www.gem.wiki/Khashman_Oil_and_Gas_Field_(Kuwait),按公开名录补入。原始产量字段未逐条核清口径，因此不移植为日产量；状态仅截至该版名录，不能证明2026-09-30仍在产。,[]
伊朗,Khayyam,单一油气田,,,undisclosed,,,无本资产数值；不可按零处理,,已发现／待商业化,无本资产指标，未用目录参考数值填充实产,2026-03版名录（不是逐田实测日期）,中,GEM approximate（2026-03版；未独立测绘）,False,53.22,27.05,Khayyam Gas Field (Iran),https://www.gem.wiki/Khayyam_Gas_Field_(Iran),按公开名录补入。原始产量字段未逐条核清口径，因此不移植为日产量；状态仅截至该版名录，不能证明2026-09-30仍在产。,[]
埃及,Satis West,单一油气田,,,undisclosed,,,无本资产数值；不可按零处理,,已发现／待商业化,无本资产指标，未用目录参考数值填充实产,2026-03版名录（不是逐田实测日期）,中,GEM approximate（2026-03版；未独立测绘）,False,31.1167,30.9,Satis West Gas Field (Egypt),https://www.gem.wiki/Satis_West_Gas_Field_(Egypt),按公开名录补入。原始产量字段未逐条核清口径，因此不移植为日产量；状态仅截至该版名录，不能证明2026-09-30仍在产。,[]
以色列,Karish North,单一油气田,,,undisclosed,,,无本资产数值；不可按零处理,,在产,无本资产指标，未用目录参考数值填充实产,2026-03版名录（不是逐田实测日期）,中,GEM exact（2026-03版；未独立测绘）,False,34.3397,33.2588,Karish North Oil and Gas Field (Israel),https://www.gem.wiki/Karish_North_Oil_and_Gas_Field_(Israel),按公开名录补入。原始产量字段未逐条核清口径，因此不移植为日产量；状态仅截至该版名录，不能证明2026-09-30仍在产。,[]
以色列,Katlan,单一油气田,,,undisclosed,,,无本资产数值；不可按零处理,,开发／建设中,无本资产指标，未用目录参考数值填充实产,2026-03版名录（不是逐田实测日期）,中,GEM approximate（2026-03版；未独立测绘）,False,34.289,33.2283,Katlan Gas Field (Israel),https://www.gem.wiki/Katlan_Gas_Field_(Israel),按公开名录补入。原始产量字段未逐条核清口径，因此不移植为日产量；状态仅截至该版名录，不能证明2026-09-30仍在产。,[]
伊拉克,Kifl,单一油气田,,,undisclosed,,,无本资产数值；不可按零处理,,已发现／待商业化,无本资产指标，未用目录参考数值填充实产,2026-03版名录（不是逐田实测日期）,中,GEM exact（2026-03版；未独立测绘）,False,44.279,32.085,Kifl Oil Field (Iraq),https://www.gem.wiki/Kifl_Oil_Field_(Iraq),按公开名录补入。原始产量字段未逐条核清口径，因此不移植为日产量；状态仅截至该版名录，不能证明2026-09-30仍在产。,[]
伊朗,Kuh-e-Mond,单一油气田,,,undisclosed,,,无本资产数值；不可按零处理,,已发现／待商业化,无本资产指标，未用目录参考数值填充实产,2026-03版名录（不是逐田实测日期）,中,国家级定位，禁止将国家中心作为油田坐标,False,,,Kuh-e-Mond Oil Field (Iran),https://www.gem.wiki/Kuh-e-Mond_Oil_Field_(Iran),按公开名录补入。原始产量字段未逐条核清口径，因此不移植为日产量；状态仅截至该版名录，不能证明2026-09-30仍在产。,[]
伊朗,Sarkhan,单一油气田,,,undisclosed,,,无本资产数值；不可按零处理,,在产,无本资产指标，未用目录参考数值填充实产,2026-03版名录（不是逐田实测日期）,中,GEM exact（2026-03版；未独立测绘）,False,47.8196,33.3069,Sarkhan Oil and Gas Field (Iran),https://www.gem.wiki/Sarkhan_Oil_and_Gas_Field_(Iran),按公开名录补入。原始产量字段未逐条核清口径，因此不移植为日产量；状态仅截至该版名录，不能证明2026-09-30仍在产。,[]
伊朗,Kilur Karim,单一油气田,,,undisclosed,,,无本资产数值；不可按零处理,,待核实,无本资产指标，未用目录参考数值填充实产,2026-03版名录（不是逐田实测日期）,低,GEM exact（2026-03版；未独立测绘）,False,50.6727,29.9339,Kilur Karim Oil Field (Iran),https://www.gem.wiki/Kilur_Karim_Oil_Field_(Iran),按公开名录补入。原始产量字段未逐条核清口径，因此不移植为日产量；状态仅截至该版名录，不能证明2026-09-30仍在产。,[]
埃及,Saqqara,单一油气田,,,undisclosed,,,无本资产数值；不可按零处理,,在产,无本资产指标，未用目录参考数值填充实产,2026-03版名录（不是逐田实测日期）,中,GEM exact（2026-03版；未独立测绘）,False,33.3556,28.2259,Saqqara Oil and Gas Field (Egypt),https://www.gem.wiki/Saqqara_Oil_and_Gas_Field_(Egypt),按公开名录补入。原始产量字段未逐条核清口径，因此不移植为日产量；状态仅截至该版名录，不能证明2026-09-30仍在产。,[]
埃及,Sapphire,单一油气田,,,undisclosed,,,无本资产数值；不可按零处理,,在产,无本资产指标，未用目录参考数值填充实产,2026-03版名录（不是逐田实测日期）,中,GEM approximate（2026-03版；未独立测绘）,False,30.3649,32.0226,Sapphire Gas Field (Egypt),https://www.gem.wiki/Sapphire_Gas_Field_(Egypt),按公开名录补入。原始产量字段未逐条核清口径，因此不移植为日产量；状态仅截至该版名录，不能证明2026-09-30仍在产。,[]
沙特阿拉伯,Karan,单一油气田,,,undisclosed,,,无本资产数值；不可按零处理,,在产,无本资产指标，未用目录参考数值填充实产,2026-03版名录（不是逐田实测日期）,中,GEM approximate（2026-03版；未独立测绘）,False,49.8257,27.7233,Karan Gas Field (Saudi Arabia),https://www.gem.wiki/Karan_Gas_Field_(Saudi_Arabia),按公开名录补入。原始产量字段未逐条核清口径，因此不移植为日产量；状态仅截至该版名录，不能证明2026-09-30仍在产。,[]
埃及,Simian,单一油气田,,,undisclosed,,,无本资产数值；不可按零处理,,在产,无本资产指标，未用目录参考数值填充实产,2026-03版名录（不是逐田实测日期）,中,GEM exact（2026-03版；未独立测绘）,False,30.384,32.204,Simian Oil and Gas Field (Egypt),https://www.gem.wiki/Simian_Oil_and_Gas_Field_(Egypt),按公开名录补入。原始产量字段未逐条核清口径，因此不移植为日产量；状态仅截至该版名录，不能证明2026-09-30仍在产。,[]
叙利亚,Sijan,单一油气田,,,undisclosed,,,无本资产数值；不可按零处理,,在产,无本资产指标，未用目录参考数值填充实产,2026-03版名录（不是逐田实测日期）,中,GEM exact（2026-03版；未独立测绘）,False,40.7466,35.2178,Sijan Oil Field (Syria),https://www.gem.wiki/Sijan_Oil_Field_(Syria),按公开名录补入。原始产量字段未逐条核清口径，因此不移植为日产量；状态仅截至该版名录，不能证明2026-09-30仍在产。,[]
沙特阿拉伯,Jalamid,单一油气田,,,undisclosed,,,无本资产数值；不可按零处理,,在产,无本资产指标，未用目录参考数值填充实产,2026-03版名录（不是逐田实测日期）,中,GEM approximate（2026-03版；未独立测绘）,False,40.0981,31.3912,Jalamid Gas Field (Saudi Arabia),https://www.gem.wiki/Jalamid_Gas_Field_(Saudi_Arabia),按公开名录补入。原始产量字段未逐条核清口径，因此不移植为日产量；状态仅截至该版名录，不能证明2026-09-30仍在产。,[]
科威特,Jazza,单一油气田,,,undisclosed,,,无本资产数值；不可按零处理,,已发现／待商业化,无本资产指标，未用目录参考数值填充实产,2026-03版名录（不是逐田实测日期）,中,国家级定位，禁止将国家中心作为油田坐标,False,,,Jazza Oil and Gas Field (Kuwait),https://www.gem.wiki/Jazza_Oil_and_Gas_Field_(Kuwait),按公开名录补入。原始产量字段未逐条核清口径，因此不移植为日产量；状态仅截至该版名录，不能证明2026-09-30仍在产。,[]
阿联酋,Jebel Ali,单一油气田,,,undisclosed,,,无本资产数值；不可按零处理,,已发现／待商业化,无本资产指标，未用目录参考数值填充实产,2026-03版名录（不是逐田实测日期）,中,GEM approximate（2026-03版；未独立测绘）,False,55.1113,24.7116,Jebel Ali Gas Field (United Arab Emirates),https://www.gem.wiki/Jebel_Ali_Gas_Field_(United_Arab_Emirates),按公开名录补入。原始产量字段未逐条核清口径，因此不移植为日产量；状态仅截至该版名录，不能证明2026-09-30仍在产。,[]
埃及,JG-NEAG,单一油气田,,,undisclosed,,,无本资产数值；不可按零处理,,在产,无本资产指标，未用目录参考数值填充实产,2026-03版名录（不是逐田实测日期）,中,国家级定位，禁止将国家中心作为油田坐标,False,,,JG-NEAG Oil and Gas Field (Egypt),https://www.gem.wiki/JG-NEAG_Oil_and_Gas_Field_(Egypt),按公开名录补入。原始产量字段未逐条核清口径，因此不移植为日产量；状态仅截至该版名录，不能证明2026-09-30仍在产。,[]
埃及,Siwa,单一油气田,,,undisclosed,,,无本资产数值；不可按零处理,,待核实,无本资产指标，未用目录参考数值填充实产,2026-03版名录（不是逐田实测日期）,低,国家级定位，禁止将国家中心作为油田坐标,False,,,Siwa Oil and Gas Field (Egypt),https://www.gem.wiki/Siwa_Oil_and_Gas_Field_(Egypt),按公开名录补入。原始产量字段未逐条核清口径，因此不移植为日产量；状态仅截至该版名录，不能证明2026-09-30仍在产。,[]
伊朗,Sirri D,单一油气田,,,undisclosed,,,无本资产数值；不可按零处理,,在产,无本资产指标，未用目录参考数值填充实产,2026-03版名录（不是逐田实测日期）,中,GEM approximate（2026-03版；未独立测绘）,False,54.2086,25.7463,Sirri D Oil Field (Iran),https://www.gem.wiki/Sirri_D_Oil_Field_(Iran),按公开名录补入。原始产量字段未逐条核清口径，因此不移植为日产量；状态仅截至该版名录，不能证明2026-09-30仍在产。,[]
伊朗,Sirri A,单一油气田,,,undisclosed,,,无本资产数值；不可按零处理,,在产,无本资产指标，未用目录参考数值填充实产,2026-03版名录（不是逐田实测日期）,中,GEM approximate（2026-03版；未独立测绘）,False,54.2086,25.7463,Sirri A Oil Field (Iran),https://www.gem.wiki/Sirri_A_Oil_Field_(Iran),按公开名录补入。原始产量字段未逐条核清口径，因此不移植为日产量；状态仅截至该版名录，不能证明2026-09-30仍在产。,[]
伊朗,Shahini,单一油气田,,,undisclosed,,,无本资产数值；不可按零处理,,已发现／待商业化,无本资产指标，未用目录参考数值填充实产,2026-03版名录（不是逐田实测日期）,中,GEM approximate（2026-03版；未独立测绘）,False,53.1783,27.3381,Shahini Gas Field (Iran),https://www.gem.wiki/Shahini_Gas_Field_(Iran),按公开名录补入。原始产量字段未逐条核清口径，因此不移植为日产量；状态仅截至该版名录，不能证明2026-09-30仍在产。,[]
埃及,Kanayes,单一油气田,,,undisclosed,,,无本资产数值；不可按零处理,,在产,无本资产指标，未用目录参考数值填充实产,2026-03版名录（不是逐田实测日期）,中,GEM exact（2026-03版；未独立测绘）,False,28.011,30.947,Kanayes Oil and Gas Field (Egypt),https://www.gem.wiki/Kanayes_Oil_and_Gas_Field_(Egypt),按公开名录补入。原始产量字段未逐条核清口径，因此不移植为日产量；状态仅截至该版名录，不能证明2026-09-30仍在产。,[]
埃及,Shams,单一油气田,,,undisclosed,,,无本资产数值；不可按零处理,,在产,无本资产指标，未用目录参考数值填充实产,2026-03版名录（不是逐田实测日期）,中,GEM exact（2026-03版；未独立测绘）,False,26.9078,30.8262,Shams Oil and Gas Field (Egypt),https://www.gem.wiki/Shams_Oil_and_Gas_Field_(Egypt),按公开名录补入。原始产量字段未逐条核清口径，因此不移植为日产量；状态仅截至该版名录，不能证明2026-09-30仍在产。,[]
埃及,Shoab Ali,单一油气田,,,undisclosed,,,无本资产数值；不可按零处理,,在产,无本资产指标，未用目录参考数值填充实产,2026-03版名录（不是逐田实测日期）,中,GEM approximate（2026-03版；未独立测绘）,False,33.8638,27.8469,Shoab Ali Oil Field (Egypt),https://www.gem.wiki/Shoab_Ali_Oil_Field_(Egypt),按公开名录补入。原始产量字段未逐条核清口径，因此不移植为日产量；状态仅截至该版名录，不能证明2026-09-30仍在产。,[]
埃及,July,单一油气田,,,undisclosed,,,无本资产数值；不可按零处理,,在产,无本资产指标，未用目录参考数值填充实产,2026-03版名录（不是逐田实测日期）,中,GEM exact（2026-03版；未独立测绘）,False,33.2409,28.2282,July Oil and Gas Field (Egypt),https://www.gem.wiki/July_Oil_and_Gas_Field_(Egypt),按公开名录补入。原始产量字段未逐条核清口径，因此不移植为日产量；状态仅截至该版名录，不能证明2026-09-30仍在产。,[]
以色列,Shimson,单一油气田,,,undisclosed,,,无本资产数值；不可按零处理,,已发现／待商业化,无本资产指标，未用目录参考数值填充实产,2026-03版名录（不是逐田实测日期）,中,GEM exact（2026-03版；未独立测绘）,False,33.7391,32.1001,Shimson Gas Field (Israel),https://www.gem.wiki/Shimson_Gas_Field_(Israel),按公开名录补入。原始产量字段未逐条核清口径，因此不移植为日产量；状态仅截至该版名录，不能证明2026-09-30仍在产。,[]
伊朗,Shanul,单一油气田,,,undisclosed,,,无本资产数值；不可按零处理,,在产,无本资产指标，未用目录参考数值填充实产,2026-03版名录（不是逐田实测日期）,中,GEM exact（2026-03版；未独立测绘）,False,53.1817,27.6941,Shanul Oil and Gas Field (Iran),https://www.gem.wiki/Shanul_Oil_and_Gas_Field_(Iran),按公开名录补入。原始产量字段未逐条核清口径，因此不移植为日产量；状态仅截至该版名录，不能证明2026-09-30仍在产。,[]
伊拉克,Chemchemal,单一油气田,,,undisclosed,,,无本资产数值；不可按零处理,,开发／建设中,无本资产指标，未用目录参考数值填充实产,2026-01-26公告；H1 2026仍推进开发,高,单田点位待核验；仅列目录,False,,,,https://www.danagas.com/media/press-releases/,Dana Gas开发项目及售气协议；142 MMscf/d为合同供气规模，不填成实际产量。,[]
埃及,Meleiha,开发区,,,undisclosed,,,无本资产数值；不可按零处理,,在产,无本资产指标，未用目录参考数值填充实产,2026-04-09网页更新,高,区块范围待核验；仅列目录,False,,,Meleiha Phase 2 Oil Field (Egypt),https://www.eni.com/en-IT/actions/global-activities/egypt.html,Eni现行埃及资料将Meleiha列为油气生产项目，单列Phase 2；集团埃及242 kboe/d不归到本租区。,[]
阿联酋,Umm Shaif Gas Cap,开发项目,Umm Shaif,>600,target_capacity,百万标准立方英尺/日（MMscf/d）,2026-07-21 FID；预计2030产气,2026年开发目标；未证实投产实产,2026-09-30,开发／建设中,本次修订的来源与口径已核对,2026-07-21,高,上级资产代表点（Umm Shaif；近似，非本资产中心）,True,53.28,25.26,,https://www.adnoc.ae/en/news-and-media/press-releases/2026/adnoc-accelerates-gas-growth-strategy-with-62-billion-fid-for-umm-shaif-gas-cap/,2026-07-21 FID；2030预期供气超过600 MMscf/d，只是目标，不是Umm Shaif油田现时气量。,[]
埃及,Denise W,单一油气田,,,undisclosed,,,无本资产数值；不可按零处理,,已发现／待商业化,无本资产指标，未用目录参考数值填充实产,2026-04-07,高,项目独立坐标待核验；仅列目录,False,,,,https://www.eni.com/en-IT/media/press-release/2026/04/eni-unveils-2-tcf-gas-discovery-offshore-egypt-unlocking-fast-track-development-potential.html,Eni 2026-04-07宣布Denise W-1发现；储量及资源量不是产量。与已有Denise资产分别列示。无公开单田坐标，不将附近Temsah位置冒充发现点。,[]
